sku_id,product_name,category,week_num,week_start_date,units_demanded,revenue_inr,unit_cost_inr,unit_selling_price_inr,lag_1,lag_2,lag_3,lag_4,lag_8,lag_52,roll_mean_4w,roll_std_4w,roll_mean_8w,roll_std_8w,demand_cv,momentum,is_promo,discount_pct,is_holiday_week,week_of_year,sin_season,cos_season
SKU-BEV-001,Authentic Masala Chai Premix 1kg,Beverages & Dairy,1,2024-01-01,128,61440.0,320.0,480.0,128,128,128,128,128,128,128.0,0.0,128.0,0.0,0.0,1.0,0,0.0,0,1,0.1205,0.9927
SKU-BEV-001,Authentic Masala Chai Premix 1kg,Beverages & Dairy,2,2024-01-08,121,58080.0,320.0,480.0,128,128,128,128,128,128,128.0,0.0,128.0,0.0,0.0,1.0,0,0.0,0,2,0.2393,0.9709
SKU-BEV-001,Authentic Masala Chai Premix 1kg,Beverages & Dairy,3,2024-01-15,181,86880.0,320.0,480.0,121,128,128,128,128,128,124.5,4.95,124.5,4.95,0.04,0.972,0,0.0,1,3,0.3546,0.935
SKU-BEV-001,Authentic Masala Chai Premix 1kg,Beverages & Dairy,4,2024-01-22,125,60000.0,320.0,480.0,181,121,128,128,128,128,143.33,32.81,143.33,32.81,0.229,1.263,0,0.0,0,4,0.4647,0.8855
SKU-BEV-001,Authentic Masala Chai Premix 1kg,Beverages & Dairy,5,2024-01-29,190,77520.0,320.0,480.0,125,181,121,128,128,128,138.75,28.31,138.75,28.31,0.204,0.901,1,0.15,0,5,0.5681,0.823
SKU-BEV-001,Authentic Masala Chai Premix 1kg,Beverages & Dairy,6,2024-02-05,91,43680.0,320.0,480.0,190,125,181,121,121,121,154.25,36.31,149.0,33.56,0.225,1.232,0,0.0,0,6,0.6631,0.7485
SKU-BEV-001,Authentic Masala Chai Premix 1kg,Beverages & Dairy,7,2024-02-12,111,53280.0,320.0,480.0,91,190,125,181,181,181,146.75,46.99,139.33,38.23,0.274,0.62,0,0.0,0,7,0.7485,0.6631
SKU-BEV-001,Authentic Masala Chai Premix 1kg,Beverages & Dairy,8,2024-02-19,125,60000.0,320.0,480.0,111,91,190,125,125,125,129.25,42.84,135.29,36.51,0.27,0.859,0,0.0,0,8,0.823,0.5681
SKU-BEV-001,Authentic Masala Chai Premix 1kg,Beverages & Dairy,9,2024-02-26,112,53760.0,320.0,480.0,125,111,91,190,128,128,129.25,42.84,134.0,34.0,0.254,0.967,0,0.0,0,9,0.8855,0.4647
SKU-BEV-001,Authentic Masala Chai Premix 1kg,Beverages & Dairy,10,2024-03-04,185,88800.0,320.0,480.0,112,125,111,91,121,121,109.75,14.03,132.0,34.86,0.264,1.021,0,0.0,0,10,0.935,0.3546
SKU-BEV-001,Authentic Masala Chai Premix 1kg,Beverages & Dairy,11,2024-03-11,166,79680.0,320.0,480.0,185,112,125,111,181,181,133.25,35.08,140.0,39.06,0.279,1.388,0,0.0,1,11,0.9709,0.2393
SKU-BEV-001,Authentic Masala Chai Premix 1kg,Beverages & Dairy,12,2024-03-18,162,66096.0,320.0,480.0,166,185,112,125,125,125,147.0,34.22,138.12,37.13,0.269,1.129,1,0.15,0,12,0.9927,0.1205
SKU-BEV-001,Authentic Masala Chai Premix 1kg,Beverages & Dairy,13,2024-03-25,117,56160.0,320.0,480.0,162,166,185,112,190,190,156.25,31.16,142.75,37.56,0.263,1.037,0,0.0,0,13,1.0,0.0
SKU-BEV-001,Authentic Masala Chai Premix 1kg,Beverages & Dairy,14,2024-04-01,89,42720.0,320.0,480.0,117,162,166,185,91,91,157.5,28.8,133.62,33.04,0.247,0.743,0,0.0,0,14,0.9927,-0.1205
SKU-BEV-001,Authentic Masala Chai Premix 1kg,Beverages & Dairy,15,2024-04-08,200,96000.0,320.0,480.0,89,117,162,166,111,111,133.5,37.06,133.38,33.41,0.251,0.667,0,0.0,0,15,0.9709,-0.2393
SKU-BEV-001,Authentic Masala Chai Premix 1kg,Beverages & Dairy,16,2024-04-15,135,64800.0,320.0,480.0,200,89,117,162,125,125,142.0,48.98,144.5,39.21,0.271,1.408,0,0.0,0,16,0.935,-0.3546
SKU-BEV-001,Authentic Masala Chai Premix 1kg,Beverages & Dairy,17,2024-04-22,146,70080.0,320.0,480.0,135,200,89,117,112,112,135.25,47.13,145.75,38.66,0.265,0.998,0,0.0,0,17,0.8855,-0.4647
SKU-BEV-001,Authentic Masala Chai Premix 1kg,Beverages & Dairy,18,2024-04-29,222,106560.0,320.0,480.0,146,135,200,89,185,185,142.5,45.6,150.0,36.21,0.241,1.025,0,0.0,1,18,0.823,-0.5681
SKU-BEV-001,Authentic Masala Chai Premix 1kg,Beverages & Dairy,19,2024-05-06,156,63648.0,320.0,480.0,222,146,135,200,166,166,175.75,41.92,154.62,43.03,0.278,1.263,1,0.15,0,19,0.7485,-0.6631
SKU-BEV-001,Authentic Masala Chai Premix 1kg,Beverages & Dairy,20,2024-05-13,158,75840.0,320.0,480.0,156,222,146,135,162,162,164.75,39.12,153.38,42.8,0.279,0.947,0,0.0,0,20,0.6631,-0.7485
SKU-BEV-001,Authentic Masala Chai Premix 1kg,Beverages & Dairy,21,2024-05-20,172,82560.0,320.0,480.0,158,156,222,146,117,117,170.5,34.73,152.88,42.71,0.279,0.927,0,0.0,0,21,0.5681,-0.823
SKU-BEV-001,Authentic Masala Chai Premix 1kg,Beverages & Dairy,22,2024-05-27,149,71520.0,320.0,480.0,172,158,156,222,89,89,177.0,30.83,159.75,40.48,0.253,0.972,0,0.0,0,22,0.4647,-0.8855
SKU-BEV-001,Authentic Masala Chai Premix 1kg,Beverages & Dairy,23,2024-06-03,115,55200.0,320.0,480.0,149,172,158,156,200,200,158.75,9.64,167.25,29.59,0.177,0.939,0,0.0,0,23,0.3546,-0.935
SKU-BEV-001,Authentic Masala Chai Premix 1kg,Beverages & Dairy,24,2024-06-10,147,70560.0,320.0,480.0,115,149,172,158,135,135,148.5,24.26,156.62,31.36,0.2,0.774,0,0.0,0,24,0.2393,-0.9709
SKU-BEV-001,Authentic Masala Chai Premix 1kg,Beverages & Dairy,25,2024-06-17,93,44640.0,320.0,480.0,147,115,149,172,146,146,145.75,23.43,158.12,30.45,0.193,1.009,0,0.0,0,25,0.1205,-0.9927
SKU-BEV-001,Authentic Masala Chai Premix 1kg,Beverages & Dairy,26,2024-06-24,158,64464.0,320.0,480.0,93,147,115,149,222,222,126.0,26.96,151.5,38.24,0.252,0.738,1,0.15,0,26,0.0,-1.0
SKU-BEV-001,Authentic Masala Chai Premix 1kg,Beverages & Dairy,27,2024-07-01,67,32160.0,320.0,480.0,158,93,147,115,156,156,128.25,29.75,143.5,26.17,0.182,1.232,0,0.0,0,27,-0.1205,-0.9927
SKU-BEV-001,Authentic Masala Chai Premix 1kg,Beverages & Dairy,28,2024-07-08,117,56160.0,320.0,480.0,67,158,93,147,158,158,116.25,43.42,132.38,36.84,0.278,0.576,0,0.0,1,28,-0.2393,-0.9709
SKU-BEV-001,Authentic Masala Chai Premix 1kg,Beverages & Dairy,29,2024-07-15,93,44640.0,320.0,480.0,117,67,158,93,172,172,108.75,38.66,127.25,35.6,0.28,1.076,0,0.0,0,29,-0.3546,-0.935
SKU-BEV-001,Authentic Masala Chai Premix 1kg,Beverages & Dairy,30,2024-07-22,92,44160.0,320.0,480.0,93,117,67,158,149,149,108.75,38.66,117.38,32.2,0.274,0.855,0,0.0,0,30,-0.4647,-0.8855
SKU-BEV-001,Authentic Masala Chai Premix 1kg,Beverages & Dairy,31,2024-07-29,87,41760.0,320.0,480.0,92,93,117,67,115,115,92.25,20.42,110.25,30.47,0.276,0.997,0,0.0,0,31,-0.5681,-0.823
SKU-BEV-001,Authentic Masala Chai Premix 1kg,Beverages & Dairy,32,2024-08-05,90,43200.0,320.0,480.0,87,92,93,117,147,147,97.25,13.43,106.75,31.44,0.294,0.895,0,0.0,0,32,-0.6631,-0.7485
SKU-BEV-001,Authentic Masala Chai Premix 1kg,Beverages & Dairy,33,2024-08-12,131,53448.0,320.0,480.0,90,87,92,93,93,93,90.5,2.65,99.62,27.18,0.273,0.994,1,0.15,1,33,-0.7485,-0.6631
SKU-BEV-001,Authentic Masala Chai Premix 1kg,Beverages & Dairy,34,2024-08-19,143,68640.0,320.0,480.0,131,90,87,92,158,158,100.0,20.77,104.38,29.11,0.279,1.31,0,0.0,0,34,-0.823,-0.5681
SKU-BEV-001,Authentic Masala Chai Premix 1kg,Beverages & Dairy,35,2024-08-26,103,49440.0,320.0,480.0,143,131,90,87,67,67,112.75,28.45,102.5,25.41,0.248,1.268,0,0.0,0,35,-0.8855,-0.4647
SKU-BEV-001,Authentic Masala Chai Premix 1kg,Beverages & Dairy,36,2024-09-02,87,41760.0,320.0,480.0,103,143,131,90,117,117,116.75,24.47,107.0,21.04,0.197,0.882,0,0.0,0,36,-0.935,-0.3546
SKU-BEV-001,Authentic Masala Chai Premix 1kg,Beverages & Dairy,37,2024-09-09,121,58080.0,320.0,480.0,87,103,143,131,93,93,116.0,25.59,103.25,21.66,0.21,0.75,0,0.0,0,37,-0.9709,-0.2393
SKU-BEV-001,Authentic Masala Chai Premix 1kg,Beverages & Dairy,38,2024-09-16,143,68640.0,320.0,480.0,121,87,103,143,92,92,113.5,24.08,106.75,22.03,0.206,1.066,0,0.0,0,38,-0.9927,-0.1205
SKU-BEV-001,Authentic Masala Chai Premix 1kg,Beverages & Dairy,39,2024-09-23,114,54720.0,320.0,480.0,143,121,87,103,87,87,113.5,24.08,113.12,24.4,0.216,1.26,0,0.0,0,39,-1.0,-0.0
SKU-BEV-001,Authentic Masala Chai Premix 1kg,Beverages & Dairy,40,2024-09-30,117,47736.0,320.0,480.0,114,143,121,87,90,90,116.25,23.08,116.5,22.03,0.189,0.981,1,0.15,0,40,-0.9927,0.1205
SKU-BEV-001,Authentic Masala Chai Premix 1kg,Beverages & Dairy,41,2024-10-07,178,85440.0,320.0,480.0,117,114,143,121,131,131,123.75,13.15,119.88,19.28,0.161,0.945,0,0.0,1,41,-0.9709,0.2393
SKU-BEV-001,Authentic Masala Chai Premix 1kg,Beverages & Dairy,42,2024-10-14,93,44640.0,320.0,480.0,178,117,114,143,143,143,138.0,29.68,125.75,28.24,0.225,1.29,0,0.0,0,42,-0.935,0.3546
SKU-BEV-001,Authentic Masala Chai Premix 1kg,Beverages & Dairy,43,2024-10-21,179,85920.0,320.0,480.0,93,178,117,114,103,103,125.5,36.59,119.5,29.38,0.246,0.741,0,0.0,0,43,-0.8855,0.4647
SKU-BEV-001,Authentic Masala Chai Premix 1kg,Beverages & Dairy,44,2024-10-28,240,115200.0,320.0,480.0,179,93,178,117,87,87,141.75,43.55,129.0,35.03,0.272,1.263,0,0.0,1,44,-0.823,0.5681
SKU-BEV-001,Authentic Masala Chai Premix 1kg,Beverages & Dairy,45,2024-11-04,123,59040.0,320.0,480.0,240,179,93,178,121,121,172.5,60.41,148.12,48.14,0.325,1.391,0,0.0,0,45,-0.7485,0.6631
SKU-BEV-001,Authentic Masala Chai Premix 1kg,Beverages & Dairy,46,2024-11-11,140,67200.0,320.0,480.0,123,240,179,93,143,143,158.75,64.84,148.38,47.98,0.323,0.775,0,0.0,0,46,-0.6631,0.7485
SKU-BEV-001,Authentic Masala Chai Premix 1kg,Beverages & Dairy,47,2024-11-18,156,63648.0,320.0,480.0,140,123,240,179,114,114,170.5,51.93,148.0,48.04,0.325,0.821,1,0.15,0,47,-0.5681,0.823
SKU-BEV-001,Authentic Masala Chai Premix 1kg,Beverages & Dairy,48,2024-11-25,141,67680.0,320.0,480.0,156,140,123,240,117,117,164.75,51.94,153.25,46.05,0.3,0.947,0,0.0,0,48,-0.4647,0.8855
SKU-BEV-001,Authentic Masala Chai Premix 1kg,Beverages & Dairy,49,2024-12-02,103,49440.0,320.0,480.0,141,156,140,123,178,178,140.0,13.49,156.25,44.09,0.282,1.007,0,0.0,0,49,-0.3546,0.935
SKU-BEV-001,Authentic Masala Chai Premix 1kg,Beverages & Dairy,50,2024-12-09,138,66240.0,320.0,480.0,103,141,156,140,93,93,135.0,22.55,146.88,46.7,0.318,0.763,0,0.0,0,50,-0.2393,0.9709
SKU-BEV-001,Authentic Masala Chai Premix 1kg,Beverages & Dairy,51,2024-12-16,86,41280.0,320.0,480.0,138,103,141,156,179,179,134.5,22.43,152.5,41.73,0.274,1.026,0,0.0,1,51,-0.1205,0.9927
SKU-BEV-001,Authentic Masala Chai Premix 1kg,Beverages & Dairy,52,2024-12-23,134,64320.0,320.0,480.0,86,138,103,141,240,240,117.0,26.92,140.88,46.03,0.327,0.735,0,0.0,0,52,-0.0,1.0
SKU-BEV-001,Authentic Masala Chai Premix 1kg,Beverages & Dairy,53,2024-12-30,146,70080.0,320.0,480.0,134,86,138,103,123,128,115.25,25.0,127.62,22.82,0.179,1.163,0,0.0,0,1,0.1205,0.9927
SKU-BEV-001,Authentic Masala Chai Premix 1kg,Beverages & Dairy,54,2025-01-06,195,79560.0,320.0,480.0,146,134,86,138,140,121,126.0,27.13,130.5,23.59,0.181,1.159,1,0.15,0,2,0.2393,0.9709
SKU-BEV-001,Authentic Masala Chai Premix 1kg,Beverages & Dairy,55,2025-01-13,148,71040.0,320.0,480.0,195,146,134,86,156,181,140.25,44.77,137.38,32.92,0.24,1.39,0,0.0,1,3,0.3546,0.935
SKU-BEV-001,Authentic Masala Chai Premix 1kg,Beverages & Dairy,56,2025-01-20,205,98400.0,320.0,480.0,148,195,146,134,141,125,155.75,26.89,136.38,32.39,0.238,0.95,0,0.0,0,4,0.4647,0.8855
SKU-BEV-001,Authentic Masala Chai Premix 1kg,Beverages & Dairy,57,2025-01-27,175,84000.0,320.0,480.0,205,148,195,146,103,190,173.5,30.88,144.38,40.57,0.281,1.182,0,0.0,0,5,0.5681,0.823
SKU-BEV-001,Authentic Masala Chai Premix 1kg,Beverages & Dairy,58,2025-02-03,184,88320.0,320.0,480.0,175,205,148,195,138,91,180.75,25.14,153.38,37.98,0.248,0.968,0,0.0,0,6,0.6631,0.7485
SKU-BEV-001,Authentic Masala Chai Premix 1kg,Beverages & Dairy,59,2025-02-10,170,81600.0,320.0,480.0,184,175,205,148,86,111,178.0,23.62,159.12,38.8,0.244,1.034,0,0.0,0,7,0.7485,0.6631
SKU-BEV-001,Authentic Masala Chai Premix 1kg,Beverages & Dairy,60,2025-02-17,223,107040.0,320.0,480.0,170,184,175,205,134,125,183.5,15.46,169.62,25.14,0.148,0.926,0,0.0,0,8,0.823,0.5681
SKU-BEV-001,Authentic Masala Chai Premix 1kg,Beverages & Dairy,61,2025-02-24,216,88128.0,320.0,480.0,223,170,184,175,146,112,188.0,24.04,180.75,26.77,0.148,1.186,1,0.15,0,9,0.8855,0.4647
SKU-BEV-001,Authentic Masala Chai Premix 1kg,Beverages & Dairy,62,2025-03-03,132,63360.0,320.0,480.0,216,223,170,184,195,185,198.25,25.36,189.5,25.18,0.133,1.09,0,0.0,0,10,0.935,0.3546
SKU-BEV-001,Authentic Masala Chai Premix 1kg,Beverages & Dairy,63,2025-03-10,125,60000.0,320.0,480.0,132,216,223,170,148,166,185.25,42.58,181.62,32.11,0.177,0.713,0,0.0,1,11,0.9709,0.2393
SKU-BEV-001,Authentic Masala Chai Premix 1kg,Beverages & Dairy,64,2025-03-17,130,62400.0,320.0,480.0,125,132,216,223,205,162,174.0,52.69,178.75,36.31,0.203,0.718,0,0.0,0,12,0.9927,0.1205
SKU-BEV-001,Authentic Masala Chai Premix 1kg,Beverages & Dairy,65,2025-03-24,125,60000.0,320.0,480.0,130,125,132,216,175,117,150.75,43.6,169.38,38.19,0.226,0.862,0,0.0,0,13,1.0,0.0
SKU-BEV-001,Authentic Masala Chai Premix 1kg,Beverages & Dairy,66,2025-03-31,140,67200.0,320.0,480.0,125,130,125,132,184,89,128.0,3.56,163.12,41.12,0.252,0.977,0,0.0,0,14,0.9927,-0.1205
SKU-BEV-001,Authentic Masala Chai Premix 1kg,Beverages & Dairy,67,2025-04-07,170,81600.0,320.0,480.0,140,125,130,125,170,200,130.0,7.07,157.62,40.87,0.259,1.077,0,0.0,0,15,0.9709,-0.2393
SKU-BEV-001,Authentic Masala Chai Premix 1kg,Beverages & Dairy,68,2025-04-14,165,67320.0,320.0,480.0,170,140,125,130,223,135,141.25,20.16,157.62,40.87,0.259,1.204,1,0.15,0,16,0.935,-0.3546
SKU-BEV-001,Authentic Masala Chai Premix 1kg,Beverages & Dairy,69,2025-04-21,139,66720.0,320.0,480.0,165,170,140,125,216,146,150.0,21.21,150.38,31.74,0.211,1.1,0,0.0,0,17,0.8855,-0.4647
SKU-BEV-001,Authentic Masala Chai Premix 1kg,Beverages & Dairy,70,2025-04-28,284,136320.0,320.0,480.0,139,165,170,140,132,222,153.5,16.3,140.75,17.47,0.124,0.906,0,0.0,1,18,0.823,-0.5681
SKU-BEV-001,Authentic Masala Chai Premix 1kg,Beverages & Dairy,71,2025-05-05,186,89280.0,320.0,480.0,284,139,165,170,125,156,189.5,64.45,159.75,53.04,0.332,1.499,0,0.0,0,19,0.7485,-0.6631
SKU-BEV-001,Authentic Masala Chai Premix 1kg,Beverages & Dairy,72,2025-05-12,230,110400.0,320.0,480.0,186,284,139,165,130,158,193.5,63.32,167.38,51.7,0.309,0.961,0,0.0,0,20,0.6631,-0.7485
SKU-BEV-001,Authentic Masala Chai Premix 1kg,Beverages & Dairy,73,2025-05-19,182,87360.0,320.0,480.0,230,186,284,139,125,172,209.75,61.89,179.88,53.43,0.297,1.097,0,0.0,0,21,0.5681,-0.823
SKU-BEV-001,Authentic Masala Chai Premix 1kg,Beverages & Dairy,74,2025-05-26,196,94080.0,320.0,480.0,182,230,186,284,140,149,220.5,47.59,187.0,48.65,0.26,0.825,0,0.0,0,22,0.4647,-0.8855
SKU-BEV-001,Authentic Masala Chai Premix 1kg,Beverages & Dairy,75,2025-06-02,315,128520.0,320.0,480.0,196,182,230,186,170,115,198.5,21.81,194.0,44.8,0.231,0.987,1,0.15,0,23,0.3546,-0.935
SKU-BEV-001,Authentic Masala Chai Premix 1kg,Beverages & Dairy,76,2025-06-09,141,67680.0,320.0,480.0,315,196,182,230,165,147,230.75,59.67,212.12,60.34,0.284,1.365,0,0.0,0,24,0.2393,-0.9709
SKU-BEV-001,Authentic Masala Chai Premix 1kg,Beverages & Dairy,77,2025-06-16,124,59520.0,320.0,480.0,141,315,196,182,139,93,208.5,74.74,209.12,63.53,0.304,0.676,0,0.0,0,25,0.1205,-0.9927
SKU-BEV-001,Authentic Masala Chai Premix 1kg,Beverages & Dairy,78,2025-06-23,126,60480.0,320.0,480.0,124,141,315,196,284,158,194.0,86.32,207.25,66.07,0.319,0.639,0,0.0,0,26,0.0,-1.0
SKU-BEV-001,Authentic Masala Chai Premix 1kg,Beverages & Dairy,79,2025-06-30,94,45120.0,320.0,480.0,126,124,141,315,186,67,176.5,92.64,187.5,63.41,0.338,0.714,0,0.0,0,27,-0.1205,-0.9927
SKU-BEV-001,Authentic Masala Chai Premix 1kg,Beverages & Dairy,80,2025-07-07,125,60000.0,320.0,480.0,94,126,124,141,230,117,121.25,19.69,176.0,71.54,0.406,0.775,0,0.0,1,28,-0.2393,-0.9709
SKU-BEV-001,Authentic Masala Chai Premix 1kg,Beverages & Dairy,81,2025-07-14,191,91680.0,320.0,480.0,125,94,126,124,182,93,117.25,15.52,162.88,69.83,0.429,1.066,0,0.0,0,29,-0.3546,-0.935
SKU-BEV-001,Authentic Masala Chai Premix 1kg,Beverages & Dairy,82,2025-07-21,238,97104.0,320.0,480.0,191,125,94,126,196,92,134.0,40.8,164.0,70.25,0.428,1.425,1,0.15,0,30,-0.4647,-0.8855
SKU-BEV-001,Authentic Masala Chai Premix 1kg,Beverages & Dairy,83,2025-07-28,122,58560.0,320.0,480.0,238,191,125,94,315,87,162.0,64.83,169.25,74.43,0.44,1.469,0,0.0,0,31,-0.5681,-0.823
SKU-BEV-001,Authentic Masala Chai Premix 1kg,Beverages & Dairy,84,2025-08-04,87,41760.0,320.0,480.0,122,238,191,125,141,90,169.0,55.95,145.12,46.46,0.32,0.722,0,0.0,0,32,-0.6631,-0.7485
SKU-BEV-001,Authentic Masala Chai Premix 1kg,Beverages & Dairy,85,2025-08-11,194,93120.0,320.0,480.0,87,122,238,191,124,131,159.5,67.87,138.38,50.86,0.368,0.545,0,0.0,1,33,-0.7485,-0.6631
SKU-BEV-001,Authentic Masala Chai Premix 1kg,Beverages & Dairy,86,2025-08-18,122,58560.0,320.0,480.0,194,87,122,238,126,143,160.25,68.34,147.12,53.96,0.367,1.211,0,0.0,0,34,-0.823,-0.5681
SKU-BEV-001,Authentic Masala Chai Premix 1kg,Beverages & Dairy,87,2025-08-25,129,61920.0,320.0,480.0,122,194,87,122,94,103,131.25,44.97,146.62,54.21,0.37,0.93,0,0.0,0,35,-0.8855,-0.4647
SKU-BEV-001,Authentic Masala Chai Premix 1kg,Beverages & Dairy,88,2025-09-01,147,70560.0,320.0,480.0,129,122,194,87,125,87,133.0,44.62,151.0,50.65,0.335,0.97,0,0.0,0,36,-0.935,-0.3546
SKU-BEV-001,Authentic Masala Chai Premix 1kg,Beverages & Dairy,89,2025-09-08,141,57528.0,320.0,480.0,147,129,122,194,191,121,148.0,32.42,153.75,49.62,0.323,0.993,1,0.15,0,37,-0.9709,-0.2393
SKU-BEV-001,Authentic Masala Chai Premix 1kg,Beverages & Dairy,90,2025-09-15,136,65280.0,320.0,480.0,141,147,129,122,238,143,134.75,11.32,147.5,47.36,0.321,1.046,0,0.0,0,38,-0.9927,-0.1205
SKU-BEV-001,Authentic Masala Chai Premix 1kg,Beverages & Dairy,91,2025-09-22,126,60480.0,320.0,480.0,136,141,147,129,122,114,138.25,7.63,134.75,30.09,0.223,0.984,0,0.0,0,39,-1.0,-0.0
SKU-BEV-001,Authentic Masala Chai Premix 1kg,Beverages & Dairy,92,2025-09-29,175,84000.0,320.0,480.0,126,136,141,147,87,117,137.5,8.89,135.25,29.88,0.221,0.916,0,0.0,0,40,-0.9927,0.1205
SKU-BEV-001,Authentic Masala Chai Premix 1kg,Beverages & Dairy,93,2025-10-06,182,87360.0,320.0,480.0,175,126,136,141,194,178,144.5,21.27,146.25,25.45,0.174,1.211,0,0.0,1,41,-0.9709,0.2393
SKU-BEV-001,Authentic Masala Chai Premix 1kg,Beverages & Dairy,94,2025-10-13,120,57600.0,320.0,480.0,182,175,126,136,122,93,154.75,27.87,144.75,22.41,0.155,1.176,0,0.0,0,42,-0.935,0.3546
SKU-BEV-001,Authentic Masala Chai Premix 1kg,Beverages & Dairy,95,2025-10-20,156,74880.0,320.0,480.0,120,182,175,126,129,179,150.75,32.26,144.5,22.71,0.157,0.796,0,0.0,0,43,-0.8855,0.4647
SKU-BEV-001,Authentic Masala Chai Premix 1kg,Beverages & Dairy,96,2025-10-27,341,139128.0,320.0,480.0,156,120,182,175,147,240,158.25,27.77,147.88,22.07,0.149,0.986,1,0.15,1,44,-0.823,0.5681
SKU-BEV-001,Authentic Masala Chai Premix 1kg,Beverages & Dairy,97,2025-11-03,151,72480.0,320.0,480.0,341,156,120,182,141,123,199.75,97.54,172.12,71.72,0.417,1.707,0,0.0,0,45,-0.7485,0.6631
SKU-BEV-001,Authentic Masala Chai Premix 1kg,Beverages & Dairy,98,2025-11-10,150,72000.0,320.0,480.0,151,341,156,120,136,140,192.0,100.6,173.38,71.18,0.411,0.786,0,0.0,0,46,-0.6631,0.7485
SKU-BEV-001,Authentic Masala Chai Premix 1kg,Beverages & Dairy,99,2025-11-17,84,40320.0,320.0,480.0,150,151,341,156,126,156,199.5,94.37,175.12,70.3,0.401,0.752,0,0.0,0,47,-0.5681,0.823
SKU-BEV-001,Authentic Masala Chai Premix 1kg,Beverages & Dairy,100,2025-11-24,139,66720.0,320.0,480.0,84,150,151,341,175,141,181.5,110.86,169.88,75.84,0.446,0.463,0,0.0,0,48,-0.4647,0.8855
SKU-BEV-001,Authentic Masala Chai Premix 1kg,Beverages & Dairy,101,2025-12-01,140,67200.0,320.0,480.0,139,84,150,151,182,103,131.0,31.8,165.38,76.56,0.463,1.061,0,0.0,0,49,-0.3546,0.935
SKU-BEV-001,Authentic Masala Chai Premix 1kg,Beverages & Dairy,102,2025-12-08,112,53760.0,320.0,480.0,140,139,84,150,120,138,128.25,29.92,160.12,76.7,0.479,1.092,0,0.0,0,50,-0.2393,0.9709
SKU-BEV-001,Authentic Masala Chai Premix 1kg,Beverages & Dairy,103,2025-12-15,291,118728.0,320.0,480.0,112,140,139,84,156,86,118.75,26.55,159.12,77.34,0.486,0.943,1,0.15,1,51,-0.1205,0.9927
SKU-BEV-001,Authentic Masala Chai Premix 1kg,Beverages & Dairy,104,2025-12-22,180,86400.0,320.0,480.0,291,112,140,139,341,134,170.5,81.37,176.0,90.22,0.513,1.707,0,0.0,0,52,-0.0,1.0
SKU-BEV-002,Artisanal Cold Brew Coffee 250ml (Pack of 6),Beverages & Dairy,1,2024-01-01,69,37881.0,360.0,549.0,69,69,69,69,69,69,69.0,0.0,69.0,0.0,0.0,1.0,0,0.0,0,1,0.1205,0.9927
SKU-BEV-002,Artisanal Cold Brew Coffee 250ml (Pack of 6),Beverages & Dairy,2,2024-01-08,95,52155.0,360.0,549.0,69,69,69,69,69,69,69.0,0.0,69.0,0.0,0.0,1.0,0,0.0,0,2,0.2393,0.9709
SKU-BEV-002,Artisanal Cold Brew Coffee 250ml (Pack of 6),Beverages & Dairy,3,2024-01-15,10,5490.0,360.0,549.0,95,69,69,69,69,69,82.0,18.38,82.0,18.38,0.224,1.159,0,0.0,1,3,0.3546,0.935
SKU-BEV-002,Artisanal Cold Brew Coffee 250ml (Pack of 6),Beverages & Dairy,4,2024-01-22,61,33489.0,360.0,549.0,10,95,69,69,69,69,58.0,43.55,58.0,43.55,0.751,0.172,0,0.0,0,4,0.4647,0.8855
SKU-BEV-002,Artisanal Cold Brew Coffee 250ml (Pack of 6),Beverages & Dairy,5,2024-01-29,90,49410.0,360.0,549.0,61,10,95,69,69,69,58.75,35.59,58.75,35.59,0.606,1.038,0,0.0,0,5,0.5681,0.823
SKU-BEV-002,Artisanal Cold Brew Coffee 250ml (Pack of 6),Beverages & Dairy,6,2024-02-05,92,50508.0,360.0,549.0,90,61,10,95,95,95,64.0,39.0,65.0,33.85,0.521,1.406,0,0.0,0,6,0.6631,0.7485
SKU-BEV-002,Artisanal Cold Brew Coffee 250ml (Pack of 6),Beverages & Dairy,7,2024-02-12,70,32665.5,360.0,549.0,92,90,61,10,10,10,63.25,38.22,69.5,32.22,0.464,1.455,1,0.15,0,7,0.7485,0.6631
SKU-BEV-002,Artisanal Cold Brew Coffee 250ml (Pack of 6),Beverages & Dairy,8,2024-02-19,126,69174.0,360.0,549.0,70,92,90,61,61,61,78.25,15.2,69.57,29.41,0.423,0.895,0,0.0,0,8,0.823,0.5681
SKU-BEV-002,Artisanal Cold Brew Coffee 250ml (Pack of 6),Beverages & Dairy,9,2024-02-26,85,46665.0,360.0,549.0,126,70,92,90,69,69,94.5,23.23,76.62,33.76,0.441,1.333,0,0.0,0,9,0.8855,0.4647
SKU-BEV-002,Artisanal Cold Brew Coffee 250ml (Pack of 6),Beverages & Dairy,10,2024-03-04,130,71370.0,360.0,549.0,85,126,70,92,95,95,93.25,23.68,78.62,33.71,0.429,0.912,0,0.0,0,10,0.935,0.3546
SKU-BEV-002,Artisanal Cold Brew Coffee 250ml (Pack of 6),Beverages & Dairy,11,2024-03-11,69,37881.0,360.0,549.0,130,85,126,70,10,10,102.75,29.84,83.0,38.12,0.459,1.265,0,0.0,1,11,0.9709,0.2393
SKU-BEV-002,Artisanal Cold Brew Coffee 250ml (Pack of 6),Beverages & Dairy,12,2024-03-18,12,6588.0,360.0,549.0,69,130,85,126,61,61,102.5,30.2,90.38,25.65,0.284,0.673,0,0.0,0,12,0.9927,0.1205
SKU-BEV-002,Artisanal Cold Brew Coffee 250ml (Pack of 6),Beverages & Dairy,13,2024-03-25,79,43371.0,360.0,549.0,12,69,130,85,90,90,74.0,48.74,84.25,37.0,0.439,0.162,0,0.0,0,13,1.0,0.0
SKU-BEV-002,Artisanal Cold Brew Coffee 250ml (Pack of 6),Beverages & Dairy,14,2024-04-01,178,83063.7,360.0,549.0,79,12,69,130,92,92,72.5,48.38,82.88,36.96,0.446,1.09,1,0.15,0,14,0.9927,-0.1205
SKU-BEV-002,Artisanal Cold Brew Coffee 250ml (Pack of 6),Beverages & Dairy,15,2024-04-08,125,68625.0,360.0,549.0,178,79,12,69,70,70,84.5,68.97,93.62,50.15,0.536,2.107,0,0.0,0,15,0.9709,-0.2393
SKU-BEV-002,Artisanal Cold Brew Coffee 250ml (Pack of 6),Beverages & Dairy,16,2024-04-15,48,26352.0,360.0,549.0,125,178,79,12,126,126,98.5,70.44,100.5,50.22,0.5,1.269,0,0.0,0,16,0.935,-0.3546
SKU-BEV-002,Artisanal Cold Brew Coffee 250ml (Pack of 6),Beverages & Dairy,17,2024-04-22,134,73566.0,360.0,549.0,48,125,178,79,85,85,107.5,56.65,90.75,52.1,0.574,0.447,0,0.0,0,17,0.8855,-0.4647
SKU-BEV-002,Artisanal Cold Brew Coffee 250ml (Pack of 6),Beverages & Dairy,18,2024-04-29,145,79605.0,360.0,549.0,134,48,125,178,130,130,121.25,54.05,96.88,54.16,0.559,1.105,0,0.0,1,18,0.823,-0.5681
SKU-BEV-002,Artisanal Cold Brew Coffee 250ml (Pack of 6),Beverages & Dairy,19,2024-05-06,74,40626.0,360.0,549.0,145,134,48,125,69,69,113.0,44.1,98.75,55.71,0.564,1.283,0,0.0,0,19,0.7485,-0.6631
SKU-BEV-002,Artisanal Cold Brew Coffee 250ml (Pack of 6),Beverages & Dairy,20,2024-05-13,80,43920.0,360.0,549.0,74,145,134,48,12,12,100.25,46.76,99.38,55.36,0.557,0.738,0,0.0,0,20,0.6631,-0.7485
SKU-BEV-002,Artisanal Cold Brew Coffee 250ml (Pack of 6),Beverages & Dairy,21,2024-05-20,182,84930.3,360.0,549.0,80,74,145,134,79,79,108.25,36.45,107.88,44.1,0.409,0.739,1,0.15,0,21,0.5681,-0.823
SKU-BEV-002,Artisanal Cold Brew Coffee 250ml (Pack of 6),Beverages & Dairy,22,2024-05-27,86,47214.0,360.0,549.0,182,80,74,145,178,178,120.25,52.23,120.75,49.21,0.408,1.514,0,0.0,0,22,0.4647,-0.8855
SKU-BEV-002,Artisanal Cold Brew Coffee 250ml (Pack of 6),Beverages & Dairy,23,2024-06-03,109,59841.0,360.0,549.0,86,182,80,74,125,125,105.5,51.23,109.25,44.44,0.407,0.815,0,0.0,0,23,0.3546,-0.935
SKU-BEV-002,Artisanal Cold Brew Coffee 250ml (Pack of 6),Beverages & Dairy,24,2024-06-10,122,66978.0,360.0,549.0,109,86,182,80,48,48,114.25,46.86,107.25,43.98,0.41,0.954,0,0.0,0,24,0.2393,-0.9709
SKU-BEV-002,Artisanal Cold Brew Coffee 250ml (Pack of 6),Beverages & Dairy,25,2024-06-17,112,61488.0,360.0,549.0,122,109,86,182,134,134,124.75,40.97,116.5,36.96,0.317,0.978,0,0.0,0,25,0.1205,-0.9927
SKU-BEV-002,Artisanal Cold Brew Coffee 250ml (Pack of 6),Beverages & Dairy,26,2024-06-24,88,48312.0,360.0,549.0,112,122,109,86,145,145,107.25,15.22,113.75,36.29,0.319,1.044,0,0.0,0,26,0.0,-1.0
SKU-BEV-002,Artisanal Cold Brew Coffee 250ml (Pack of 6),Beverages & Dairy,27,2024-07-01,98,53802.0,360.0,549.0,88,112,122,109,74,74,107.75,14.29,106.62,34.84,0.327,0.817,0,0.0,0,27,-0.1205,-0.9927
SKU-BEV-002,Artisanal Cold Brew Coffee 250ml (Pack of 6),Beverages & Dairy,28,2024-07-08,121,56464.65,360.0,549.0,98,88,112,122,80,80,105.0,15.01,109.62,32.59,0.297,0.933,1,0.15,1,28,-0.2393,-0.9709
SKU-BEV-002,Artisanal Cold Brew Coffee 250ml (Pack of 6),Beverages & Dairy,29,2024-07-15,54,29646.0,360.0,549.0,121,98,88,112,182,182,104.75,14.64,114.75,30.42,0.265,1.155,0,0.0,0,29,-0.3546,-0.935
SKU-BEV-002,Artisanal Cold Brew Coffee 250ml (Pack of 6),Beverages & Dairy,30,2024-07-22,42,23058.0,360.0,549.0,54,121,98,88,86,86,90.25,27.84,98.75,22.67,0.23,0.598,0,0.0,0,30,-0.4647,-0.8855
SKU-BEV-002,Artisanal Cold Brew Coffee 250ml (Pack of 6),Beverages & Dairy,31,2024-07-29,58,31842.0,360.0,549.0,42,54,121,98,109,109,78.75,37.05,93.25,30.27,0.325,0.533,0,0.0,0,31,-0.5681,-0.823
SKU-BEV-002,Artisanal Cold Brew Coffee 250ml (Pack of 6),Beverages & Dairy,32,2024-08-05,88,48312.0,360.0,549.0,58,42,54,121,122,122,68.75,35.49,86.88,31.81,0.366,0.844,0,0.0,0,32,-0.6631,-0.7485
SKU-BEV-002,Artisanal Cold Brew Coffee 250ml (Pack of 6),Beverages & Dairy,33,2024-08-12,122,66978.0,360.0,549.0,88,58,42,54,112,112,60.5,19.55,82.62,28.55,0.346,1.455,0,0.0,1,33,-0.7485,-0.6631
SKU-BEV-002,Artisanal Cold Brew Coffee 250ml (Pack of 6),Beverages & Dairy,34,2024-08-19,68,37332.0,360.0,549.0,122,88,58,42,88,88,77.5,35.27,83.88,30.19,0.36,1.574,0,0.0,0,34,-0.823,-0.5681
SKU-BEV-002,Artisanal Cold Brew Coffee 250ml (Pack of 6),Beverages & Dairy,35,2024-08-26,115,53664.75,360.0,549.0,68,122,88,58,98,98,84.0,28.24,81.38,30.63,0.376,0.81,1,0.15,0,35,-0.8855,-0.4647
SKU-BEV-002,Artisanal Cold Brew Coffee 250ml (Pack of 6),Beverages & Dairy,36,2024-09-02,65,35685.0,360.0,549.0,115,68,122,88,121,121,98.25,24.93,83.5,32.48,0.389,1.17,0,0.0,0,36,-0.935,-0.3546
SKU-BEV-002,Artisanal Cold Brew Coffee 250ml (Pack of 6),Beverages & Dairy,37,2024-09-09,86,47214.0,360.0,549.0,65,115,68,122,54,54,92.5,30.18,76.5,29.1,0.38,0.703,0,0.0,0,37,-0.9709,-0.2393
SKU-BEV-002,Artisanal Cold Brew Coffee 250ml (Pack of 6),Beverages & Dairy,38,2024-09-16,66,36234.0,360.0,549.0,86,65,115,68,42,42,83.5,22.96,80.5,27.73,0.345,1.03,0,0.0,0,38,-0.9927,-0.1205
SKU-BEV-002,Artisanal Cold Brew Coffee 250ml (Pack of 6),Beverages & Dairy,39,2024-09-23,107,58743.0,360.0,549.0,66,86,65,115,58,58,83.0,23.42,83.5,24.02,0.288,0.795,0,0.0,0,39,-1.0,-0.0
SKU-BEV-002,Artisanal Cold Brew Coffee 250ml (Pack of 6),Beverages & Dairy,40,2024-09-30,41,22509.0,360.0,549.0,107,66,86,65,88,88,81.0,19.85,89.62,22.81,0.254,1.321,0,0.0,0,40,-0.9927,0.1205
SKU-BEV-002,Artisanal Cold Brew Coffee 250ml (Pack of 6),Beverages & Dairy,41,2024-10-07,124,68076.0,360.0,549.0,41,107,66,86,122,122,75.0,28.18,83.75,28.6,0.342,0.547,0,0.0,1,41,-0.9709,0.2393
SKU-BEV-002,Artisanal Cold Brew Coffee 250ml (Pack of 6),Beverages & Dairy,42,2024-10-14,87,40598.55,360.0,549.0,124,41,107,66,68,68,84.5,37.86,84.0,28.99,0.345,1.467,1,0.15,0,42,-0.935,0.3546
SKU-BEV-002,Artisanal Cold Brew Coffee 250ml (Pack of 6),Beverages & Dairy,43,2024-10-21,73,40077.0,360.0,549.0,87,124,41,107,115,115,89.75,35.85,86.38,28.26,0.327,0.969,0,0.0,0,43,-0.8855,0.4647
SKU-BEV-002,Artisanal Cold Brew Coffee 250ml (Pack of 6),Beverages & Dairy,44,2024-10-28,167,91683.0,360.0,549.0,73,87,124,41,65,65,81.25,34.39,81.12,26.0,0.32,0.898,0,0.0,1,44,-0.823,0.5681
SKU-BEV-002,Artisanal Cold Brew Coffee 250ml (Pack of 6),Beverages & Dairy,45,2024-11-04,68,37332.0,360.0,549.0,167,73,87,124,86,86,112.75,42.08,93.88,38.81,0.413,1.481,0,0.0,0,45,-0.7485,0.6631
SKU-BEV-002,Artisanal Cold Brew Coffee 250ml (Pack of 6),Beverages & Dairy,46,2024-11-11,120,65880.0,360.0,549.0,68,167,73,87,66,66,98.75,46.21,91.62,39.84,0.435,0.689,0,0.0,0,46,-0.6631,0.7485
SKU-BEV-002,Artisanal Cold Brew Coffee 250ml (Pack of 6),Beverages & Dairy,47,2024-11-18,54,29646.0,360.0,549.0,120,68,167,73,107,107,107.0,46.35,98.38,39.45,0.401,1.121,0,0.0,0,47,-0.5681,0.823
SKU-BEV-002,Artisanal Cold Brew Coffee 250ml (Pack of 6),Beverages & Dairy,48,2024-11-25,110,60390.0,360.0,549.0,54,120,68,167,41,41,102.25,51.67,91.75,42.16,0.459,0.528,0,0.0,0,48,-0.4647,0.8855
SKU-BEV-002,Artisanal Cold Brew Coffee 250ml (Pack of 6),Beverages & Dairy,49,2024-12-02,143,66730.95,360.0,549.0,110,54,120,68,124,124,88.0,31.96,100.38,37.04,0.369,1.25,1,0.15,0,49,-0.3546,0.935
SKU-BEV-002,Artisanal Cold Brew Coffee 250ml (Pack of 6),Beverages & Dairy,50,2024-12-09,105,57645.0,360.0,549.0,143,110,54,120,87,87,106.75,37.78,102.75,39.31,0.383,1.34,0,0.0,0,50,-0.2393,0.9709
SKU-BEV-002,Artisanal Cold Brew Coffee 250ml (Pack of 6),Beverages & Dairy,51,2024-12-16,77,42273.0,360.0,549.0,105,143,110,54,73,73,103.0,36.76,105.0,38.79,0.369,1.019,0,0.0,1,51,-0.1205,0.9927
SKU-BEV-002,Artisanal Cold Brew Coffee 250ml (Pack of 6),Beverages & Dairy,52,2024-12-23,67,36783.0,360.0,549.0,77,105,143,110,167,167,108.75,27.06,105.5,38.34,0.363,0.708,0,0.0,0,52,-0.0,1.0
SKU-BEV-002,Artisanal Cold Brew Coffee 250ml (Pack of 6),Beverages & Dairy,53,2024-12-30,75,41175.0,360.0,549.0,67,77,105,143,68,69,98.0,34.04,93.0,31.03,0.334,0.684,0,0.0,0,1,0.1205,0.9927
SKU-BEV-002,Artisanal Cold Brew Coffee 250ml (Pack of 6),Beverages & Dairy,54,2025-01-06,103,56547.0,360.0,549.0,75,67,77,105,120,95,81.0,16.57,93.88,30.31,0.323,0.926,0,0.0,0,2,0.2393,0.9709
SKU-BEV-002,Artisanal Cold Brew Coffee 250ml (Pack of 6),Beverages & Dairy,55,2025-01-13,71,38979.0,360.0,549.0,103,75,67,77,54,10,80.5,15.61,91.75,28.78,0.314,1.28,0,0.0,1,3,0.3546,0.935
SKU-BEV-002,Artisanal Cold Brew Coffee 250ml (Pack of 6),Beverages & Dairy,56,2025-01-20,92,42931.8,360.0,549.0,71,103,75,67,110,61,79.0,16.33,93.88,26.1,0.278,0.899,1,0.15,0,4,0.4647,0.8855
SKU-BEV-002,Artisanal Cold Brew Coffee 250ml (Pack of 6),Beverages & Dairy,57,2025-01-27,70,38430.0,360.0,549.0,92,71,103,75,143,90,85.25,14.93,91.62,25.27,0.276,1.079,0,0.0,0,5,0.5681,0.823
SKU-BEV-002,Artisanal Cold Brew Coffee 250ml (Pack of 6),Beverages & Dairy,58,2025-02-03,128,70272.0,360.0,549.0,70,92,71,103,105,92,84.0,16.23,82.5,15.27,0.185,0.833,0,0.0,0,6,0.6631,0.7485
SKU-BEV-002,Artisanal Cold Brew Coffee 250ml (Pack of 6),Beverages & Dairy,59,2025-02-10,67,36783.0,360.0,549.0,128,70,92,71,77,70,90.25,27.13,85.38,21.15,0.248,1.418,0,0.0,0,7,0.7485,0.6631
SKU-BEV-002,Artisanal Cold Brew Coffee 250ml (Pack of 6),Beverages & Dairy,60,2025-02-17,121,66429.0,360.0,549.0,67,128,70,92,67,126,89.25,28.14,84.12,21.99,0.261,0.751,0,0.0,0,8,0.823,0.5681
SKU-BEV-002,Artisanal Cold Brew Coffee 250ml (Pack of 6),Beverages & Dairy,61,2025-02-24,122,66978.0,360.0,549.0,121,67,128,70,75,85,96.5,32.48,90.88,24.16,0.266,1.254,0,0.0,0,9,0.8855,0.4647
SKU-BEV-002,Artisanal Cold Brew Coffee 250ml (Pack of 6),Beverages & Dairy,62,2025-03-03,65,35685.0,360.0,549.0,122,121,67,128,103,130,109.5,28.5,96.75,25.43,0.263,1.114,0,0.0,0,10,0.935,0.3546
SKU-BEV-002,Artisanal Cold Brew Coffee 250ml (Pack of 6),Beverages & Dairy,63,2025-03-10,212,98929.8,360.0,549.0,65,122,121,67,71,69,93.75,32.06,92.0,27.56,0.3,0.693,1,0.15,1,11,0.9709,0.2393
SKU-BEV-002,Artisanal Cold Brew Coffee 250ml (Pack of 6),Beverages & Dairy,64,2025-03-17,67,36783.0,360.0,549.0,212,65,122,121,92,12,130.0,60.81,109.62,48.98,0.447,1.631,0,0.0,0,12,0.9927,0.1205
SKU-BEV-002,Artisanal Cold Brew Coffee 250ml (Pack of 6),Beverages & Dairy,65,2025-03-24,83,45567.0,360.0,549.0,67,212,65,122,70,79,116.5,68.93,106.5,51.02,0.479,0.575,0,0.0,0,13,1.0,0.0
SKU-BEV-002,Artisanal Cold Brew Coffee 250ml (Pack of 6),Beverages & Dairy,66,2025-03-31,194,106506.0,360.0,549.0,83,67,212,65,128,178,106.75,70.63,108.12,49.88,0.461,0.778,0,0.0,0,14,0.9927,-0.1205
SKU-BEV-002,Artisanal Cold Brew Coffee 250ml (Pack of 6),Beverages & Dairy,67,2025-04-07,108,59292.0,360.0,549.0,194,83,67,212,67,125,139.0,74.55,116.38,58.37,0.502,1.396,0,0.0,0,15,0.9709,-0.2393
SKU-BEV-002,Artisanal Cold Brew Coffee 250ml (Pack of 6),Beverages & Dairy,68,2025-04-14,89,48861.0,360.0,549.0,108,194,83,67,121,48,113.0,56.57,121.5,55.13,0.454,0.956,0,0.0,0,16,0.935,-0.3546
SKU-BEV-002,Artisanal Cold Brew Coffee 250ml (Pack of 6),Beverages & Dairy,69,2025-04-21,104,57096.0,360.0,549.0,89,108,194,83,122,134,118.5,51.45,117.5,56.32,0.479,0.751,0,0.0,0,17,0.8855,-0.4647
SKU-BEV-002,Artisanal Cold Brew Coffee 250ml (Pack of 6),Beverages & Dairy,70,2025-04-28,157,73264.05,360.0,549.0,104,89,108,194,65,145,123.75,47.54,115.25,56.47,0.49,0.84,1,0.15,1,18,0.823,-0.5681
SKU-BEV-002,Artisanal Cold Brew Coffee 250ml (Pack of 6),Beverages & Dairy,71,2025-05-05,75,41175.0,360.0,549.0,157,104,89,108,212,74,114.5,29.49,126.75,54.09,0.427,1.371,0,0.0,0,19,0.7485,-0.6631
SKU-BEV-002,Artisanal Cold Brew Coffee 250ml (Pack of 6),Beverages & Dairy,72,2025-05-12,114,62586.0,360.0,549.0,75,157,104,89,67,80,106.25,35.85,109.62,43.99,0.401,0.706,0,0.0,0,20,0.6631,-0.7485
SKU-BEV-002,Artisanal Cold Brew Coffee 250ml (Pack of 6),Beverages & Dairy,73,2025-05-19,124,68076.0,360.0,549.0,114,75,157,104,83,182,112.5,33.97,115.5,40.49,0.351,1.013,0,0.0,0,21,0.5681,-0.823
SKU-BEV-002,Artisanal Cold Brew Coffee 250ml (Pack of 6),Beverages & Dairy,74,2025-05-26,103,56547.0,360.0,549.0,124,114,75,157,194,86,117.5,33.77,120.62,38.32,0.318,1.055,0,0.0,0,22,0.4647,-0.8855
SKU-BEV-002,Artisanal Cold Brew Coffee 250ml (Pack of 6),Beverages & Dairy,75,2025-06-02,190,104310.0,360.0,549.0,103,124,114,75,108,109,104.0,21.15,109.25,24.41,0.223,0.99,0,0.0,0,23,0.3546,-0.935
SKU-BEV-002,Artisanal Cold Brew Coffee 250ml (Pack of 6),Beverages & Dairy,76,2025-06-09,175,96075.0,360.0,549.0,190,103,124,114,89,122,132.75,39.12,119.5,37.51,0.314,1.431,0,0.0,0,24,0.2393,-0.9709
SKU-BEV-002,Artisanal Cold Brew Coffee 250ml (Pack of 6),Beverages & Dairy,77,2025-06-16,195,90996.75,360.0,549.0,175,190,103,124,104,112,148.0,41.21,130.25,39.78,0.305,1.182,1,0.15,0,25,0.1205,-0.9927
SKU-BEV-002,Artisanal Cold Brew Coffee 250ml (Pack of 6),Beverages & Dairy,78,2025-06-23,128,70272.0,360.0,549.0,195,175,190,103,157,88,165.75,42.69,141.62,43.99,0.311,1.176,0,0.0,0,26,0.0,-1.0
SKU-BEV-002,Artisanal Cold Brew Coffee 250ml (Pack of 6),Beverages & Dairy,79,2025-06-30,145,79605.0,360.0,549.0,128,195,175,190,75,98,172.0,30.54,138.0,43.73,0.317,0.744,0,0.0,0,27,-0.1205,-0.9927
SKU-BEV-002,Artisanal Cold Brew Coffee 250ml (Pack of 6),Beverages & Dairy,80,2025-07-07,135,74115.0,360.0,549.0,145,128,195,175,114,121,160.75,29.98,146.75,35.57,0.242,0.902,0,0.0,1,28,-0.2393,-0.9709
SKU-BEV-002,Artisanal Cold Brew Coffee 250ml (Pack of 6),Beverages & Dairy,81,2025-07-14,88,48312.0,360.0,549.0,135,145,128,195,124,54,150.75,30.31,149.38,33.52,0.224,0.896,0,0.0,0,29,-0.3546,-0.935
SKU-BEV-002,Artisanal Cold Brew Coffee 250ml (Pack of 6),Beverages & Dairy,82,2025-07-21,60,32940.0,360.0,549.0,88,135,145,128,103,42,124.0,24.99,144.88,39.33,0.271,0.71,0,0.0,0,30,-0.4647,-0.8855
SKU-BEV-002,Artisanal Cold Brew Coffee 250ml (Pack of 6),Beverages & Dairy,83,2025-07-28,51,27999.0,360.0,549.0,60,88,135,145,190,58,107.0,39.99,139.5,47.88,0.343,0.561,0,0.0,0,31,-0.5681,-0.823
SKU-BEV-002,Artisanal Cold Brew Coffee 250ml (Pack of 6),Beverages & Dairy,84,2025-08-04,95,44331.75,360.0,549.0,51,60,88,135,175,88,83.5,37.78,122.12,51.98,0.426,0.611,1,0.15,0,32,-0.6631,-0.7485
SKU-BEV-002,Artisanal Cold Brew Coffee 250ml (Pack of 6),Beverages & Dairy,85,2025-08-11,147,80703.0,360.0,549.0,95,51,60,88,195,122,73.5,21.3,112.12,47.89,0.427,1.293,0,0.0,1,33,-0.7485,-0.6631
SKU-BEV-002,Artisanal Cold Brew Coffee 250ml (Pack of 6),Beverages & Dairy,86,2025-08-18,57,31293.0,360.0,549.0,147,95,51,60,128,68,88.25,43.52,106.12,38.01,0.358,1.666,0,0.0,0,34,-0.823,-0.5681
SKU-BEV-002,Artisanal Cold Brew Coffee 250ml (Pack of 6),Beverages & Dairy,87,2025-08-25,40,21960.0,360.0,549.0,57,147,95,51,145,115,87.5,44.19,97.25,40.39,0.415,0.651,0,0.0,0,35,-0.8855,-0.4647
SKU-BEV-002,Artisanal Cold Brew Coffee 250ml (Pack of 6),Beverages & Dairy,88,2025-09-01,64,35136.0,360.0,549.0,40,57,147,95,135,65,84.75,47.44,84.12,39.71,0.472,0.472,0,0.0,0,36,-0.935,-0.3546
SKU-BEV-002,Artisanal Cold Brew Coffee 250ml (Pack of 6),Beverages & Dairy,89,2025-09-08,76,41724.0,360.0,549.0,64,40,57,147,88,86,77.0,47.74,75.25,34.28,0.455,0.831,0,0.0,0,37,-0.9709,-0.2393
SKU-BEV-002,Artisanal Cold Brew Coffee 250ml (Pack of 6),Beverages & Dairy,90,2025-09-15,135,74115.0,360.0,549.0,76,64,40,57,60,66,59.25,15.04,73.75,33.9,0.46,1.283,0,0.0,0,38,-0.9927,-0.1205
SKU-BEV-002,Artisanal Cold Brew Coffee 250ml (Pack of 6),Beverages & Dairy,91,2025-09-22,101,47131.65,360.0,549.0,135,76,64,40,51,107,78.75,40.38,83.12,39.47,0.475,1.714,1,0.15,0,39,-1.0,-0.0
SKU-BEV-002,Artisanal Cold Brew Coffee 250ml (Pack of 6),Beverages & Dairy,92,2025-09-29,88,48312.0,360.0,549.0,101,135,76,64,95,41,94.0,31.38,89.38,37.56,0.42,1.074,0,0.0,0,40,-0.9927,0.1205
SKU-BEV-002,Artisanal Cold Brew Coffee 250ml (Pack of 6),Beverages & Dairy,93,2025-10-06,119,65331.0,360.0,549.0,88,101,135,76,147,124,100.0,25.47,88.5,37.5,0.424,0.88,0,0.0,1,41,-0.9709,0.2393
SKU-BEV-002,Artisanal Cold Brew Coffee 250ml (Pack of 6),Beverages & Dairy,94,2025-10-13,75,41175.0,360.0,549.0,119,88,101,135,57,87,110.75,20.56,85.0,32.19,0.379,1.074,0,0.0,0,42,-0.935,0.3546
SKU-BEV-002,Artisanal Cold Brew Coffee 250ml (Pack of 6),Beverages & Dairy,95,2025-10-20,15,8235.0,360.0,549.0,75,119,88,101,40,73,95.75,18.79,87.25,30.54,0.35,0.783,0,0.0,0,43,-0.8855,0.4647
SKU-BEV-002,Artisanal Cold Brew Coffee 250ml (Pack of 6),Beverages & Dairy,96,2025-10-27,80,43920.0,360.0,549.0,15,75,119,88,64,167,74.25,43.6,84.12,36.72,0.436,0.202,0,0.0,1,44,-0.823,0.5681
SKU-BEV-002,Artisanal Cold Brew Coffee 250ml (Pack of 6),Beverages & Dairy,97,2025-11-03,112,61488.0,360.0,549.0,80,15,75,119,76,68,72.25,42.94,86.12,35.89,0.417,1.107,0,0.0,0,45,-0.7485,0.6631
SKU-BEV-002,Artisanal Cold Brew Coffee 250ml (Pack of 6),Beverages & Dairy,98,2025-11-10,19,8866.35,360.0,549.0,112,80,15,75,135,120,70.5,40.47,90.62,36.69,0.405,1.589,1,0.15,0,46,-0.6631,0.7485
SKU-BEV-002,Artisanal Cold Brew Coffee 250ml (Pack of 6),Beverages & Dairy,99,2025-11-17,130,71370.0,360.0,549.0,19,112,80,15,101,54,56.5,47.47,76.12,39.46,0.518,0.336,0,0.0,0,47,-0.5681,0.823
SKU-BEV-002,Artisanal Cold Brew Coffee 250ml (Pack of 6),Beverages & Dairy,100,2025-11-24,107,58743.0,360.0,549.0,130,19,112,80,88,110,85.25,48.77,79.75,43.23,0.542,1.525,0,0.0,0,48,-0.4647,0.8855
SKU-BEV-002,Artisanal Cold Brew Coffee 250ml (Pack of 6),Beverages & Dairy,101,2025-12-01,122,66978.0,360.0,549.0,107,130,19,112,119,143,92.0,49.66,82.12,44.25,0.539,1.163,0,0.0,0,49,-0.3546,0.935
SKU-BEV-002,Artisanal Cold Brew Coffee 250ml (Pack of 6),Beverages & Dairy,102,2025-12-08,97,53253.0,360.0,549.0,122,107,130,19,75,105,94.5,51.23,82.5,44.62,0.541,1.291,0,0.0,0,50,-0.2393,0.9709
SKU-BEV-002,Artisanal Cold Brew Coffee 250ml (Pack of 6),Beverages & Dairy,103,2025-12-15,86,47214.0,360.0,549.0,97,122,107,130,15,77,114.0,14.81,85.25,44.77,0.525,0.851,0,0.0,1,51,-0.1205,0.9927
SKU-BEV-002,Artisanal Cold Brew Coffee 250ml (Pack of 6),Beverages & Dairy,104,2025-12-22,115,63135.0,360.0,549.0,86,97,122,107,80,67,103.0,15.3,94.12,34.78,0.369,0.835,0,0.0,0,52,-0.0,1.0
SKU-BEV-003,Alphonso Mango Pulp Tin 850g,Beverages & Dairy,1,2024-01-01,90,19800.0,140.0,220.0,90,90,90,90,90,90,90.0,0.0,90.0,0.0,0.0,1.0,0,0.0,0,1,0.1205,0.9927
SKU-BEV-003,Alphonso Mango Pulp Tin 850g,Beverages & Dairy,2,2024-01-08,95,20900.0,140.0,220.0,90,90,90,90,90,90,90.0,0.0,90.0,0.0,0.0,1.0,0,0.0,0,2,0.2393,0.9709
SKU-BEV-003,Alphonso Mango Pulp Tin 850g,Beverages & Dairy,3,2024-01-15,43,9460.0,140.0,220.0,95,90,90,90,90,90,92.5,3.54,92.5,3.54,0.038,1.027,0,0.0,1,3,0.3546,0.935
SKU-BEV-003,Alphonso Mango Pulp Tin 850g,Beverages & Dairy,4,2024-01-22,132,24684.0,140.0,220.0,43,95,90,90,90,90,76.0,28.69,76.0,28.69,0.377,0.566,1,0.15,0,4,0.4647,0.8855
SKU-BEV-003,Alphonso Mango Pulp Tin 850g,Beverages & Dairy,5,2024-01-29,77,16940.0,140.0,220.0,132,43,95,90,90,90,90.0,36.51,90.0,36.51,0.406,1.467,0,0.0,0,5,0.5681,0.823
SKU-BEV-003,Alphonso Mango Pulp Tin 850g,Beverages & Dairy,6,2024-02-05,157,34540.0,140.0,220.0,77,132,43,95,95,95,86.75,37.08,87.4,32.14,0.368,0.888,0,0.0,0,6,0.6631,0.7485
SKU-BEV-003,Alphonso Mango Pulp Tin 850g,Beverages & Dairy,7,2024-02-12,81,17820.0,140.0,220.0,157,77,132,43,43,43,102.25,51.74,99.0,40.42,0.408,1.535,0,0.0,0,7,0.7485,0.6631
SKU-BEV-003,Alphonso Mango Pulp Tin 850g,Beverages & Dairy,8,2024-02-19,30,6600.0,140.0,220.0,81,157,77,132,132,132,111.75,39.2,96.43,37.52,0.389,0.725,0,0.0,0,8,0.823,0.5681
SKU-BEV-003,Alphonso Mango Pulp Tin 850g,Beverages & Dairy,9,2024-02-26,83,18260.0,140.0,220.0,30,81,157,77,90,90,86.25,52.54,88.12,41.93,0.476,0.348,0,0.0,0,9,0.8855,0.4647
SKU-BEV-003,Alphonso Mango Pulp Tin 850g,Beverages & Dairy,10,2024-03-04,55,12100.0,140.0,220.0,83,30,81,157,95,95,87.75,52.28,87.25,41.96,0.481,0.946,0,0.0,0,10,0.935,0.3546
SKU-BEV-003,Alphonso Mango Pulp Tin 850g,Beverages & Dairy,11,2024-03-11,152,28424.0,140.0,220.0,55,83,30,81,43,43,62.25,25.0,82.25,43.27,0.526,0.884,1,0.15,1,11,0.9709,0.2393
SKU-BEV-003,Alphonso Mango Pulp Tin 850g,Beverages & Dairy,12,2024-03-18,78,17160.0,140.0,220.0,152,55,83,30,132,132,80.0,52.66,95.88,46.21,0.482,1.9,0,0.0,0,12,0.9927,0.1205
SKU-BEV-003,Alphonso Mango Pulp Tin 850g,Beverages & Dairy,13,2024-03-25,52,11440.0,140.0,220.0,78,152,55,83,77,77,92.0,41.82,89.12,44.07,0.494,0.848,0,0.0,0,13,1.0,0.0
SKU-BEV-003,Alphonso Mango Pulp Tin 850g,Beverages & Dairy,14,2024-04-01,102,22440.0,140.0,220.0,52,78,152,55,157,157,84.25,46.64,86.0,45.9,0.534,0.617,0,0.0,0,14,0.9927,-0.1205
SKU-BEV-003,Alphonso Mango Pulp Tin 850g,Beverages & Dairy,15,2024-04-08,74,16280.0,140.0,220.0,102,52,78,152,81,81,96.0,42.55,79.12,37.0,0.468,1.062,0,0.0,0,15,0.9709,-0.2393
SKU-BEV-003,Alphonso Mango Pulp Tin 850g,Beverages & Dairy,16,2024-04-15,36,7920.0,140.0,220.0,74,102,52,78,30,30,76.5,20.49,78.25,37.04,0.473,0.967,0,0.0,0,16,0.935,-0.3546
SKU-BEV-003,Alphonso Mango Pulp Tin 850g,Beverages & Dairy,17,2024-04-22,146,32120.0,140.0,220.0,36,74,102,52,83,83,66.0,28.61,79.0,35.96,0.455,0.545,0,0.0,0,17,0.8855,-0.4647
SKU-BEV-003,Alphonso Mango Pulp Tin 850g,Beverages & Dairy,18,2024-04-29,190,35530.0,140.0,220.0,146,36,74,102,55,55,89.5,46.37,86.88,43.15,0.497,1.631,1,0.15,1,18,0.823,-0.5681
SKU-BEV-003,Alphonso Mango Pulp Tin 850g,Beverages & Dairy,19,2024-05-06,65,14300.0,140.0,220.0,190,146,36,74,152,152,111.5,69.42,103.75,53.95,0.52,1.704,0,0.0,0,19,0.7485,-0.6631
SKU-BEV-003,Alphonso Mango Pulp Tin 850g,Beverages & Dairy,20,2024-05-13,84,18480.0,140.0,220.0,65,190,146,36,78,78,109.25,71.17,92.88,51.55,0.555,0.595,0,0.0,0,20,0.6631,-0.7485
SKU-BEV-003,Alphonso Mango Pulp Tin 850g,Beverages & Dairy,21,2024-05-20,145,31900.0,140.0,220.0,84,65,190,146,52,52,121.25,57.42,93.62,51.34,0.548,0.693,0,0.0,0,21,0.5681,-0.823
SKU-BEV-003,Alphonso Mango Pulp Tin 850g,Beverages & Dairy,22,2024-05-27,90,19800.0,140.0,220.0,145,84,65,190,102,102,121.0,57.28,105.25,51.1,0.485,1.198,0,0.0,0,22,0.4647,-0.8855
SKU-BEV-003,Alphonso Mango Pulp Tin 850g,Beverages & Dairy,23,2024-06-03,17,3740.0,140.0,220.0,90,145,84,65,74,74,96.0,34.36,103.75,51.38,0.495,0.938,0,0.0,0,23,0.3546,-0.935
SKU-BEV-003,Alphonso Mango Pulp Tin 850g,Beverages & Dairy,24,2024-06-10,119,26180.0,140.0,220.0,17,90,145,84,36,36,84.0,52.43,96.62,59.42,0.615,0.202,0,0.0,0,24,0.2393,-0.9709
SKU-BEV-003,Alphonso Mango Pulp Tin 850g,Beverages & Dairy,25,2024-06-17,141,26367.0,140.0,220.0,119,17,90,145,146,146,92.75,55.27,107.0,54.35,0.508,1.283,1,0.15,0,25,0.1205,-0.9927
SKU-BEV-003,Alphonso Mango Pulp Tin 850g,Beverages & Dairy,26,2024-06-24,46,10120.0,140.0,220.0,141,119,17,90,190,190,91.75,54.03,106.38,53.87,0.506,1.537,0,0.0,0,26,0.0,-1.0
SKU-BEV-003,Alphonso Mango Pulp Tin 850g,Beverages & Dairy,27,2024-07-01,93,20460.0,140.0,220.0,46,141,119,17,65,65,80.75,58.78,88.38,45.31,0.513,0.57,0,0.0,0,27,-0.1205,-0.9927
SKU-BEV-003,Alphonso Mango Pulp Tin 850g,Beverages & Dairy,28,2024-07-08,43,9460.0,140.0,220.0,93,46,141,119,84,84,99.75,40.85,91.88,44.32,0.482,0.932,0,0.0,1,28,-0.2393,-0.9709
SKU-BEV-003,Alphonso Mango Pulp Tin 850g,Beverages & Dairy,29,2024-07-15,135,29700.0,140.0,220.0,43,93,46,141,145,145,80.75,46.23,86.75,47.61,0.549,0.533,0,0.0,0,29,-0.3546,-0.935
SKU-BEV-003,Alphonso Mango Pulp Tin 850g,Beverages & Dairy,30,2024-07-22,79,17380.0,140.0,220.0,135,43,93,46,90,90,79.25,43.65,85.5,45.96,0.538,1.703,0,0.0,0,30,-0.4647,-0.8855
SKU-BEV-003,Alphonso Mango Pulp Tin 850g,Beverages & Dairy,31,2024-07-29,95,20900.0,140.0,220.0,79,135,43,93,17,17,87.5,38.03,84.12,45.97,0.546,0.903,0,0.0,0,31,-0.5681,-0.823
SKU-BEV-003,Alphonso Mango Pulp Tin 850g,Beverages & Dairy,32,2024-08-05,90,16830.0,140.0,220.0,95,79,135,43,119,119,88.0,38.14,93.88,37.12,0.395,1.08,1,0.15,0,32,-0.6631,-0.7485
SKU-BEV-003,Alphonso Mango Pulp Tin 850g,Beverages & Dairy,33,2024-08-12,70,15400.0,140.0,220.0,90,95,79,135,141,141,99.75,24.43,90.25,35.71,0.396,0.902,0,0.0,1,33,-0.7485,-0.6631
SKU-BEV-003,Alphonso Mango Pulp Tin 850g,Beverages & Dairy,34,2024-08-19,32,7040.0,140.0,220.0,70,90,95,79,46,46,83.5,11.21,81.38,29.59,0.364,0.838,0,0.0,0,34,-0.823,-0.5681
SKU-BEV-003,Alphonso Mango Pulp Tin 850g,Beverages & Dairy,35,2024-08-26,63,13860.0,140.0,220.0,32,70,90,95,93,93,71.75,28.62,79.62,32.28,0.405,0.446,0,0.0,0,35,-0.8855,-0.4647
SKU-BEV-003,Alphonso Mango Pulp Tin 850g,Beverages & Dairy,36,2024-09-02,47,10340.0,140.0,220.0,63,32,70,90,43,43,63.75,24.06,75.88,32.24,0.425,0.988,0,0.0,0,36,-0.935,-0.3546
SKU-BEV-003,Alphonso Mango Pulp Tin 850g,Beverages & Dairy,37,2024-09-09,97,21340.0,140.0,220.0,47,63,32,70,135,135,53.0,16.99,76.38,31.69,0.415,0.887,0,0.0,0,37,-0.9709,-0.2393
SKU-BEV-003,Alphonso Mango Pulp Tin 850g,Beverages & Dairy,38,2024-09-16,91,20020.0,140.0,220.0,97,47,63,32,79,79,59.75,27.87,71.62,23.41,0.327,1.623,0,0.0,0,38,-0.9927,-0.1205
SKU-BEV-003,Alphonso Mango Pulp Tin 850g,Beverages & Dairy,39,2024-09-23,212,39644.0,140.0,220.0,91,97,47,63,95,95,74.5,23.57,73.12,24.32,0.333,1.221,1,0.15,0,39,-1.0,-0.0
SKU-BEV-003,Alphonso Mango Pulp Tin 850g,Beverages & Dairy,40,2024-09-30,74,16280.0,140.0,220.0,212,91,97,47,90,90,111.75,70.45,87.75,55.08,0.628,1.897,0,0.0,0,40,-0.9927,0.1205
SKU-BEV-003,Alphonso Mango Pulp Tin 850g,Beverages & Dairy,41,2024-10-07,99,21780.0,140.0,220.0,74,212,91,97,70,70,118.5,63.09,85.75,55.28,0.645,0.624,0,0.0,1,41,-0.9709,0.2393
SKU-BEV-003,Alphonso Mango Pulp Tin 850g,Beverages & Dairy,42,2024-10-14,67,14740.0,140.0,220.0,99,74,212,91,32,32,119.0,62.87,89.38,55.05,0.616,0.832,0,0.0,0,42,-0.935,0.3546
SKU-BEV-003,Alphonso Mango Pulp Tin 850g,Beverages & Dairy,43,2024-10-21,107,23540.0,140.0,220.0,67,99,74,212,63,63,113.0,67.41,93.75,51.08,0.545,0.593,0,0.0,0,43,-0.8855,0.4647
SKU-BEV-003,Alphonso Mango Pulp Tin 850g,Beverages & Dairy,44,2024-10-28,70,15400.0,140.0,220.0,107,67,99,74,47,47,86.75,19.26,99.25,49.65,0.5,1.233,0,0.0,1,44,-0.823,0.5681
SKU-BEV-003,Alphonso Mango Pulp Tin 850g,Beverages & Dairy,45,2024-11-04,31,6820.0,140.0,220.0,70,107,67,99,97,97,85.75,20.22,102.12,46.77,0.458,0.816,0,0.0,0,45,-0.7485,0.6631
SKU-BEV-003,Alphonso Mango Pulp Tin 850g,Beverages & Dairy,46,2024-11-11,146,27302.0,140.0,220.0,31,70,107,67,91,91,68.75,31.05,93.88,53.19,0.567,0.451,1,0.15,0,46,-0.6631,0.7485
SKU-BEV-003,Alphonso Mango Pulp Tin 850g,Beverages & Dairy,47,2024-11-18,96,21120.0,140.0,220.0,146,31,70,107,212,212,88.5,49.32,100.75,56.23,0.558,1.65,0,0.0,0,47,-0.5681,0.823
SKU-BEV-003,Alphonso Mango Pulp Tin 850g,Beverages & Dairy,48,2024-11-25,132,29040.0,140.0,220.0,96,146,31,70,74,74,85.75,48.24,86.25,34.01,0.394,1.12,0,0.0,0,48,-0.4647,0.8855
SKU-BEV-003,Alphonso Mango Pulp Tin 850g,Beverages & Dairy,49,2024-12-02,62,13640.0,140.0,220.0,132,96,146,31,99,99,101.25,51.35,93.5,37.07,0.396,1.304,0,0.0,0,49,-0.3546,0.935
SKU-BEV-003,Alphonso Mango Pulp Tin 850g,Beverages & Dairy,50,2024-12-09,71,15620.0,140.0,220.0,62,132,96,146,67,67,109.0,37.75,88.88,38.56,0.434,0.569,0,0.0,0,50,-0.2393,0.9709
SKU-BEV-003,Alphonso Mango Pulp Tin 850g,Beverages & Dairy,51,2024-12-16,97,21340.0,140.0,220.0,71,62,132,96,107,107,90.25,31.33,89.38,38.26,0.428,0.787,0,0.0,1,51,-0.1205,0.9927
SKU-BEV-003,Alphonso Mango Pulp Tin 850g,Beverages & Dairy,52,2024-12-23,91,20020.0,140.0,220.0,97,71,62,132,70,70,90.5,31.4,88.12,37.76,0.429,1.072,0,0.0,0,52,-0.0,1.0
SKU-BEV-003,Alphonso Mango Pulp Tin 850g,Beverages & Dairy,53,2024-12-30,129,24123.0,140.0,220.0,91,97,71,62,31,90,80.25,16.48,90.75,37.05,0.408,1.134,1,0.15,0,1,0.1205,0.9927
SKU-BEV-003,Alphonso Mango Pulp Tin 850g,Beverages & Dairy,54,2025-01-06,14,3080.0,140.0,220.0,129,91,97,71,146,95,97.0,24.06,103.0,30.0,0.291,1.33,0,0.0,0,2,0.2393,0.9709
SKU-BEV-003,Alphonso Mango Pulp Tin 850g,Beverages & Dairy,55,2025-01-13,105,23100.0,140.0,220.0,14,129,91,97,96,43,82.75,48.77,86.5,38.16,0.441,0.169,0,0.0,1,3,0.3546,0.935
SKU-BEV-003,Alphonso Mango Pulp Tin 850g,Beverages & Dairy,56,2025-01-20,93,20460.0,140.0,220.0,105,14,129,91,132,132,84.75,49.71,87.62,38.61,0.441,1.239,0,0.0,0,4,0.4647,0.8855
SKU-BEV-003,Alphonso Mango Pulp Tin 850g,Beverages & Dairy,57,2025-01-27,101,22220.0,140.0,220.0,93,105,14,129,62,77,85.25,49.8,82.75,34.45,0.416,1.091,0,0.0,0,5,0.5681,0.823
SKU-BEV-003,Alphonso Mango Pulp Tin 850g,Beverages & Dairy,58,2025-02-03,114,25080.0,140.0,220.0,101,93,105,14,71,157,78.25,43.12,87.62,33.84,0.386,1.291,0,0.0,0,6,0.6631,0.7485
SKU-BEV-003,Alphonso Mango Pulp Tin 850g,Beverages & Dairy,59,2025-02-10,81,17820.0,140.0,220.0,114,101,93,105,97,81,103.25,8.73,93.0,34.24,0.368,1.104,0,0.0,0,7,0.7485,0.6631
SKU-BEV-003,Alphonso Mango Pulp Tin 850g,Beverages & Dairy,60,2025-02-17,5,935.0,140.0,220.0,81,114,101,93,91,30,97.25,13.87,91.0,34.44,0.378,0.833,1,0.15,0,8,0.823,0.5681
SKU-BEV-003,Alphonso Mango Pulp Tin 850g,Beverages & Dairy,61,2025-02-24,81,17820.0,140.0,220.0,5,81,114,101,129,83,75.25,48.76,80.25,45.94,0.572,0.066,0,0.0,0,9,0.8855,0.4647
SKU-BEV-003,Alphonso Mango Pulp Tin 850g,Beverages & Dairy,62,2025-03-03,102,22440.0,140.0,220.0,81,5,81,114,14,55,70.25,46.2,74.25,41.59,0.56,1.153,0,0.0,0,10,0.935,0.3546
SKU-BEV-003,Alphonso Mango Pulp Tin 850g,Beverages & Dairy,63,2025-03-10,211,46420.0,140.0,220.0,102,81,5,81,105,152,67.25,42.66,85.25,34.4,0.403,1.517,0,0.0,1,11,0.9709,0.2393
SKU-BEV-003,Alphonso Mango Pulp Tin 850g,Beverages & Dairy,64,2025-03-17,110,24200.0,140.0,220.0,211,102,81,5,93,78,99.75,85.07,98.5,56.44,0.573,2.115,0,0.0,0,12,0.9927,0.1205
SKU-BEV-003,Alphonso Mango Pulp Tin 850g,Beverages & Dairy,65,2025-03-24,44,9680.0,140.0,220.0,110,211,102,81,101,52,126.0,57.97,100.62,56.53,0.562,0.873,0,0.0,0,13,1.0,0.0
SKU-BEV-003,Alphonso Mango Pulp Tin 850g,Beverages & Dairy,66,2025-03-31,68,14960.0,140.0,220.0,44,110,211,102,114,102,116.75,69.38,93.5,59.96,0.641,0.377,0,0.0,0,14,0.9927,-0.1205
SKU-BEV-003,Alphonso Mango Pulp Tin 850g,Beverages & Dairy,67,2025-04-07,212,39644.0,140.0,220.0,68,44,110,211,81,74,108.25,73.73,87.75,59.92,0.683,0.628,1,0.15,0,15,0.9709,-0.2393
SKU-BEV-003,Alphonso Mango Pulp Tin 850g,Beverages & Dairy,68,2025-04-14,134,29480.0,140.0,220.0,212,68,44,110,5,36,108.5,74.2,104.12,74.05,0.711,1.954,0,0.0,0,16,0.935,-0.3546
SKU-BEV-003,Alphonso Mango Pulp Tin 850g,Beverages & Dairy,69,2025-04-21,136,29920.0,140.0,220.0,134,212,68,44,81,146,114.5,75.32,120.25,62.52,0.52,1.17,0,0.0,0,17,0.8855,-0.4647
SKU-BEV-003,Alphonso Mango Pulp Tin 850g,Beverages & Dairy,70,2025-04-28,310,68200.0,140.0,220.0,136,134,212,68,102,190,137.5,58.86,127.12,60.59,0.477,0.989,0,0.0,1,18,0.823,-0.5681
SKU-BEV-003,Alphonso Mango Pulp Tin 850g,Beverages & Dairy,71,2025-05-05,215,47300.0,140.0,220.0,310,136,134,212,211,65,198.0,83.03,153.12,87.1,0.569,1.566,0,0.0,0,19,0.7485,-0.6631
SKU-BEV-003,Alphonso Mango Pulp Tin 850g,Beverages & Dairy,72,2025-05-12,50,11000.0,140.0,220.0,215,310,136,134,110,84,198.75,83.21,153.62,87.49,0.569,1.082,0,0.0,0,20,0.6631,-0.7485
SKU-BEV-003,Alphonso Mango Pulp Tin 850g,Beverages & Dairy,73,2025-05-19,114,25080.0,140.0,220.0,50,215,310,136,44,145,177.75,110.97,146.12,94.08,0.644,0.281,0,0.0,0,21,0.5681,-0.823
SKU-BEV-003,Alphonso Mango Pulp Tin 850g,Beverages & Dairy,74,2025-05-26,155,28985.0,140.0,220.0,114,50,215,310,68,90,172.25,114.22,154.88,86.15,0.556,0.662,1,0.15,0,22,0.4647,-0.8855
SKU-BEV-003,Alphonso Mango Pulp Tin 850g,Beverages & Dairy,75,2025-06-02,90,19800.0,140.0,220.0,155,114,50,215,212,17,133.5,69.42,165.75,78.79,0.475,1.161,0,0.0,0,23,0.3546,-0.935
SKU-BEV-003,Alphonso Mango Pulp Tin 850g,Beverages & Dairy,76,2025-06-09,115,25300.0,140.0,220.0,90,155,114,50,134,119,102.25,43.97,150.5,80.35,0.534,0.88,0,0.0,0,24,0.2393,-0.9709
SKU-BEV-003,Alphonso Mango Pulp Tin 850g,Beverages & Dairy,77,2025-06-16,129,28380.0,140.0,220.0,115,90,155,114,136,141,118.5,26.94,148.12,81.19,0.548,0.97,0,0.0,0,25,0.1205,-0.9927
SKU-BEV-003,Alphonso Mango Pulp Tin 850g,Beverages & Dairy,78,2025-06-23,83,18260.0,140.0,220.0,129,115,90,155,310,46,122.25,27.15,147.25,81.37,0.553,1.055,0,0.0,0,26,0.0,-1.0
SKU-BEV-003,Alphonso Mango Pulp Tin 850g,Beverages & Dairy,79,2025-06-30,109,23980.0,140.0,220.0,83,129,115,90,215,93,104.25,21.47,118.88,50.07,0.421,0.796,0,0.0,0,27,-0.1205,-0.9927
SKU-BEV-003,Alphonso Mango Pulp Tin 850g,Beverages & Dairy,80,2025-07-07,55,12100.0,140.0,220.0,109,83,129,115,50,43,109.0,19.25,105.62,31.63,0.299,1.0,0,0.0,1,28,-0.2393,-0.9709
SKU-BEV-003,Alphonso Mango Pulp Tin 850g,Beverages & Dairy,81,2025-07-14,205,38335.0,140.0,220.0,55,109,83,129,114,135,94.0,32.1,106.25,30.4,0.286,0.585,1,0.15,0,29,-0.3546,-0.935
SKU-BEV-003,Alphonso Mango Pulp Tin 850g,Beverages & Dairy,82,2025-07-21,112,24640.0,140.0,220.0,205,55,109,83,155,79,113.0,65.18,117.62,46.48,0.395,1.814,0,0.0,0,30,-0.4647,-0.8855
SKU-BEV-003,Alphonso Mango Pulp Tin 850g,Beverages & Dairy,83,2025-07-28,35,7700.0,140.0,220.0,112,205,55,109,90,95,120.25,62.28,112.25,43.96,0.392,0.931,0,0.0,0,31,-0.5681,-0.823
SKU-BEV-003,Alphonso Mango Pulp Tin 850g,Beverages & Dairy,84,2025-08-04,43,9460.0,140.0,220.0,35,112,205,55,115,90,101.75,76.17,105.38,51.58,0.489,0.344,0,0.0,0,32,-0.6631,-0.7485
SKU-BEV-003,Alphonso Mango Pulp Tin 850g,Beverages & Dairy,85,2025-08-11,87,19140.0,140.0,220.0,43,35,112,205,129,70,98.75,78.82,96.38,55.77,0.579,0.435,0,0.0,1,33,-0.7485,-0.6631
SKU-BEV-003,Alphonso Mango Pulp Tin 850g,Beverages & Dairy,86,2025-08-18,97,21340.0,140.0,220.0,87,43,35,112,83,32,69.25,36.54,91.12,54.22,0.595,1.256,0,0.0,0,34,-0.823,-0.5681
SKU-BEV-003,Alphonso Mango Pulp Tin 850g,Beverages & Dairy,87,2025-08-25,52,11440.0,140.0,220.0,97,87,43,35,109,63,65.5,31.04,92.88,54.14,0.583,1.481,0,0.0,0,35,-0.8855,-0.4647
SKU-BEV-003,Alphonso Mango Pulp Tin 850g,Beverages & Dairy,88,2025-09-01,117,21879.0,140.0,220.0,52,97,87,43,55,47,69.75,26.27,85.75,55.45,0.647,0.746,1,0.15,0,36,-0.935,-0.3546
SKU-BEV-003,Alphonso Mango Pulp Tin 850g,Beverages & Dairy,89,2025-09-08,71,15620.0,140.0,220.0,117,52,97,87,205,97,88.25,27.2,93.5,54.87,0.587,1.326,0,0.0,0,37,-0.9709,-0.2393
SKU-BEV-003,Alphonso Mango Pulp Tin 850g,Beverages & Dairy,90,2025-09-15,41,9020.0,140.0,220.0,71,117,52,97,112,91,84.25,28.58,76.75,31.41,0.409,0.843,0,0.0,0,38,-0.9927,-0.1205
SKU-BEV-003,Alphonso Mango Pulp Tin 850g,Beverages & Dairy,91,2025-09-22,83,18260.0,140.0,220.0,41,71,117,52,35,212,70.25,33.54,67.88,30.03,0.442,0.584,0,0.0,0,39,-1.0,-0.0
SKU-BEV-003,Alphonso Mango Pulp Tin 850g,Beverages & Dairy,92,2025-09-29,41,9020.0,140.0,220.0,83,41,71,117,43,74,78.0,31.43,73.88,27.18,0.368,1.064,0,0.0,0,40,-0.9927,0.1205
SKU-BEV-003,Alphonso Mango Pulp Tin 850g,Beverages & Dairy,93,2025-10-06,154,33880.0,140.0,220.0,41,83,41,71,87,99,59.0,21.35,73.62,27.51,0.374,0.695,0,0.0,1,41,-0.9709,0.2393
SKU-BEV-003,Alphonso Mango Pulp Tin 850g,Beverages & Dairy,94,2025-10-13,118,25960.0,140.0,220.0,154,41,83,41,97,67,79.75,53.31,82.0,39.67,0.484,1.931,0,0.0,0,42,-0.935,0.3546
SKU-BEV-003,Alphonso Mango Pulp Tin 850g,Beverages & Dairy,95,2025-10-20,70,13090.0,140.0,220.0,118,154,41,83,52,107,99.0,48.33,84.62,41.46,0.49,1.192,1,0.15,0,43,-0.8855,0.4647
SKU-BEV-003,Alphonso Mango Pulp Tin 850g,Beverages & Dairy,96,2025-10-27,177,38940.0,140.0,220.0,70,118,154,41,117,70,95.75,50.16,86.88,39.9,0.459,0.731,0,0.0,1,44,-0.823,0.5681
SKU-BEV-003,Alphonso Mango Pulp Tin 850g,Beverages & Dairy,97,2025-11-03,124,27280.0,140.0,220.0,177,70,118,154,71,31,129.75,46.65,94.38,50.58,0.536,1.364,0,0.0,0,45,-0.7485,0.6631
SKU-BEV-003,Alphonso Mango Pulp Tin 850g,Beverages & Dairy,98,2025-11-10,126,27720.0,140.0,220.0,124,177,70,118,41,146,122.25,43.77,101.0,50.55,0.501,1.014,0,0.0,0,46,-0.6631,0.7485
SKU-BEV-003,Alphonso Mango Pulp Tin 850g,Beverages & Dairy,99,2025-11-17,103,22660.0,140.0,220.0,126,124,177,70,83,96,124.25,43.7,111.62,44.74,0.401,1.014,0,0.0,0,47,-0.5681,0.823
SKU-BEV-003,Alphonso Mango Pulp Tin 850g,Beverages & Dairy,100,2025-11-24,94,20680.0,140.0,220.0,103,126,124,177,41,132,132.5,31.44,114.12,43.45,0.381,0.777,0,0.0,0,48,-0.4647,0.8855
SKU-BEV-003,Alphonso Mango Pulp Tin 850g,Beverages & Dairy,101,2025-12-01,86,18920.0,140.0,220.0,94,103,126,124,154,62,111.75,15.76,120.75,33.64,0.279,0.841,0,0.0,0,49,-0.3546,0.935
SKU-BEV-003,Alphonso Mango Pulp Tin 850g,Beverages & Dairy,102,2025-12-08,108,20196.0,140.0,220.0,86,94,103,126,118,71,102.25,17.29,112.25,32.61,0.291,0.841,1,0.15,0,50,-0.2393,0.9709
SKU-BEV-003,Alphonso Mango Pulp Tin 850g,Beverages & Dairy,103,2025-12-15,100,22000.0,140.0,220.0,108,86,94,103,70,97,97.75,9.74,111.0,32.55,0.293,1.105,0,0.0,1,51,-0.1205,0.9927
SKU-BEV-003,Alphonso Mango Pulp Tin 850g,Beverages & Dairy,104,2025-12-22,141,31020.0,140.0,220.0,100,108,86,94,177,91,97.0,9.31,114.75,28.65,0.25,1.031,0,0.0,0,52,-0.0,1.0
SKU-BEV-004,Sparkling Botanical Tonic Water 250ml,Beverages & Dairy,1,2024-01-01,181,15385.0,45.0,85.0,181,181,181,181,181,181,181.0,0.0,181.0,0.0,0.0,1.0,0,0.0,0,1,0.1205,0.9927
SKU-BEV-004,Sparkling Botanical Tonic Water 250ml,Beverages & Dairy,2,2024-01-08,151,12835.0,45.0,85.0,181,181,181,181,181,181,181.0,0.0,181.0,0.0,0.0,1.0,0,0.0,0,2,0.2393,0.9709
SKU-BEV-004,Sparkling Botanical Tonic Water 250ml,Beverages & Dairy,3,2024-01-15,96,6936.0,45.0,85.0,151,181,181,181,181,181,166.0,21.21,166.0,21.21,0.128,0.91,1,0.15,1,3,0.3546,0.935
SKU-BEV-004,Sparkling Botanical Tonic Water 250ml,Beverages & Dairy,4,2024-01-22,142,12070.0,45.0,85.0,96,151,181,181,181,181,142.67,43.11,142.67,43.11,0.302,0.673,0,0.0,0,4,0.4647,0.8855
SKU-BEV-004,Sparkling Botanical Tonic Water 250ml,Beverages & Dairy,5,2024-01-29,155,13175.0,45.0,85.0,142,96,151,181,181,181,142.5,35.2,142.5,35.2,0.247,0.996,0,0.0,0,5,0.5681,0.823
SKU-BEV-004,Sparkling Botanical Tonic Water 250ml,Beverages & Dairy,6,2024-02-05,61,5185.0,45.0,85.0,155,142,96,151,151,151,136.0,27.22,145.0,30.99,0.214,1.14,0,0.0,0,6,0.6631,0.7485
SKU-BEV-004,Sparkling Botanical Tonic Water 250ml,Beverages & Dairy,7,2024-02-12,113,9605.0,45.0,85.0,61,155,142,96,96,96,113.5,43.19,131.0,44.1,0.337,0.537,0,0.0,0,7,0.7485,0.6631
SKU-BEV-004,Sparkling Botanical Tonic Water 250ml,Beverages & Dairy,8,2024-02-19,41,3485.0,45.0,85.0,113,61,155,142,142,142,117.75,41.71,128.43,40.82,0.318,0.96,0,0.0,0,8,0.823,0.5681
SKU-BEV-004,Sparkling Botanical Tonic Water 250ml,Beverages & Dairy,9,2024-02-26,143,12155.0,45.0,85.0,41,113,61,155,181,181,92.5,51.55,117.5,48.83,0.416,0.443,0,0.0,0,9,0.8855,0.4647
SKU-BEV-004,Sparkling Botanical Tonic Water 250ml,Beverages & Dairy,10,2024-03-04,220,15895.0,45.0,85.0,143,41,113,61,151,151,89.5,46.83,112.75,43.3,0.384,1.598,1,0.15,0,10,0.935,0.3546
SKU-BEV-004,Sparkling Botanical Tonic Water 250ml,Beverages & Dairy,11,2024-03-11,227,19295.0,45.0,85.0,220,143,41,113,96,96,129.25,74.11,121.38,56.78,0.468,1.702,0,0.0,1,11,0.9709,0.2393
SKU-BEV-004,Sparkling Botanical Tonic Water 250ml,Beverages & Dairy,12,2024-03-18,133,11305.0,45.0,85.0,227,220,143,41,142,142,157.75,86.64,137.75,66.48,0.483,1.439,0,0.0,0,12,0.9927,0.1205
SKU-BEV-004,Sparkling Botanical Tonic Water 250ml,Beverages & Dairy,13,2024-03-25,80,6800.0,45.0,85.0,133,227,220,143,155,155,180.75,49.61,136.62,66.47,0.487,0.736,0,0.0,0,13,1.0,0.0
SKU-BEV-004,Sparkling Botanical Tonic Water 250ml,Beverages & Dairy,14,2024-04-01,234,19890.0,45.0,85.0,80,133,227,220,61,61,165.0,70.99,127.25,68.76,0.54,0.485,0,0.0,0,14,0.9927,-0.1205
SKU-BEV-004,Sparkling Botanical Tonic Water 250ml,Beverages & Dairy,15,2024-04-08,82,6970.0,45.0,85.0,234,80,133,227,113,113,168.5,74.84,148.88,72.07,0.484,1.389,0,0.0,0,15,0.9709,-0.2393
SKU-BEV-004,Sparkling Botanical Tonic Water 250ml,Beverages & Dairy,16,2024-04-15,108,9180.0,45.0,85.0,82,234,80,133,41,41,132.25,72.13,145.0,75.05,0.518,0.62,0,0.0,0,16,0.935,-0.3546
SKU-BEV-004,Sparkling Botanical Tonic Water 250ml,Beverages & Dairy,17,2024-04-22,306,22108.5,45.0,85.0,108,82,234,80,143,143,126.0,73.12,153.38,64.83,0.423,0.857,1,0.15,0,17,0.8855,-0.4647
SKU-BEV-004,Sparkling Botanical Tonic Water 250ml,Beverages & Dairy,18,2024-04-29,176,14960.0,45.0,85.0,306,108,82,234,220,220,182.5,105.76,173.75,83.91,0.483,1.677,0,0.0,1,18,0.823,-0.5681
SKU-BEV-004,Sparkling Botanical Tonic Water 250ml,Beverages & Dairy,19,2024-05-06,254,21590.0,45.0,85.0,176,306,108,82,227,227,168.0,100.17,168.25,81.86,0.487,1.048,0,0.0,0,19,0.7485,-0.6631
SKU-BEV-004,Sparkling Botanical Tonic Water 250ml,Beverages & Dairy,20,2024-05-13,135,11475.0,45.0,85.0,254,176,306,108,133,133,211.0,87.0,171.62,85.12,0.496,1.204,0,0.0,0,20,0.6631,-0.7485
SKU-BEV-004,Sparkling Botanical Tonic Water 250ml,Beverages & Dairy,21,2024-05-20,271,23035.0,45.0,85.0,135,254,176,306,80,80,217.75,76.8,171.88,84.99,0.495,0.62,0,0.0,0,21,0.5681,-0.823
SKU-BEV-004,Sparkling Botanical Tonic Water 250ml,Beverages & Dairy,22,2024-05-27,271,23035.0,45.0,85.0,271,135,254,176,234,234,209.0,64.38,195.75,82.28,0.42,1.297,0,0.0,0,22,0.4647,-0.8855
SKU-BEV-004,Sparkling Botanical Tonic Water 250ml,Beverages & Dairy,23,2024-06-03,207,17595.0,45.0,85.0,271,271,135,254,82,82,232.75,65.66,200.38,85.71,0.428,1.164,0,0.0,0,23,0.3546,-0.935
SKU-BEV-004,Sparkling Botanical Tonic Water 250ml,Beverages & Dairy,24,2024-06-10,170,12282.5,45.0,85.0,207,271,271,135,108,108,221.0,64.79,216.0,71.21,0.33,0.937,1,0.15,0,24,0.2393,-0.9709
SKU-BEV-004,Sparkling Botanical Tonic Water 250ml,Beverages & Dairy,25,2024-06-17,176,14960.0,45.0,85.0,170,207,271,271,306,306,229.75,49.97,223.75,60.32,0.27,0.74,0,0.0,0,25,0.1205,-0.9927
SKU-BEV-004,Sparkling Botanical Tonic Water 250ml,Beverages & Dairy,26,2024-06-24,181,15385.0,45.0,85.0,176,170,207,271,176,176,206.0,46.27,207.5,51.93,0.25,0.854,0,0.0,0,26,0.0,-1.0
SKU-BEV-004,Sparkling Botanical Tonic Water 250ml,Beverages & Dairy,27,2024-07-01,165,14025.0,45.0,85.0,181,176,170,207,254,254,183.5,16.3,208.12,51.52,0.248,0.986,0,0.0,0,27,-0.1205,-0.9927
SKU-BEV-004,Sparkling Botanical Tonic Water 250ml,Beverages & Dairy,28,2024-07-08,181,15385.0,45.0,85.0,165,181,176,170,135,135,173.0,6.98,197.0,49.78,0.253,0.954,0,0.0,1,28,-0.2393,-0.9709
SKU-BEV-004,Sparkling Botanical Tonic Water 250ml,Beverages & Dairy,29,2024-07-15,246,20910.0,45.0,85.0,181,165,181,176,271,271,175.75,7.54,202.75,43.9,0.217,1.03,0,0.0,0,29,-0.3546,-0.935
SKU-BEV-004,Sparkling Botanical Tonic Water 250ml,Beverages & Dairy,30,2024-07-22,192,16320.0,45.0,85.0,246,181,165,181,271,271,193.25,35.97,199.62,38.96,0.195,1.273,0,0.0,0,30,-0.4647,-0.8855
SKU-BEV-004,Sparkling Botanical Tonic Water 250ml,Beverages & Dairy,31,2024-07-29,166,11993.5,45.0,85.0,192,246,181,165,207,207,196.0,35.13,189.75,26.22,0.138,0.98,1,0.15,0,31,-0.5681,-0.823
SKU-BEV-004,Sparkling Botanical Tonic Water 250ml,Beverages & Dairy,32,2024-08-05,157,13345.0,45.0,85.0,166,192,246,181,170,170,196.25,34.84,184.62,26.37,0.143,0.846,0,0.0,0,32,-0.6631,-0.7485
SKU-BEV-004,Sparkling Botanical Tonic Water 250ml,Beverages & Dairy,33,2024-08-12,138,11730.0,45.0,85.0,157,166,192,246,176,176,190.25,40.02,183.0,27.76,0.152,0.825,0,0.0,1,33,-0.7485,-0.6631
SKU-BEV-004,Sparkling Botanical Tonic Water 250ml,Beverages & Dairy,34,2024-08-19,119,10115.0,45.0,85.0,138,157,166,192,181,181,163.25,22.44,178.25,32.05,0.18,0.845,0,0.0,0,34,-0.823,-0.5681
SKU-BEV-004,Sparkling Botanical Tonic Water 250ml,Beverages & Dairy,35,2024-08-26,170,14450.0,45.0,85.0,119,138,157,166,165,165,145.0,20.9,170.5,38.2,0.224,0.821,0,0.0,0,35,-0.8855,-0.4647
SKU-BEV-004,Sparkling Botanical Tonic Water 250ml,Beverages & Dairy,36,2024-09-02,129,10965.0,45.0,85.0,170,119,138,157,181,181,146.0,22.29,171.12,38.14,0.223,1.164,0,0.0,0,36,-0.935,-0.3546
SKU-BEV-004,Sparkling Botanical Tonic Water 250ml,Beverages & Dairy,37,2024-09-09,115,9775.0,45.0,85.0,129,170,119,138,246,246,139.0,22.08,164.62,40.57,0.246,0.928,0,0.0,0,37,-0.9709,-0.2393
SKU-BEV-004,Sparkling Botanical Tonic Water 250ml,Beverages & Dairy,38,2024-09-16,209,15100.25,45.0,85.0,115,129,170,119,192,192,133.25,25.2,148.25,27.3,0.184,0.863,1,0.15,0,38,-0.9927,-0.1205
SKU-BEV-004,Sparkling Botanical Tonic Water 250ml,Beverages & Dairy,39,2024-09-23,189,16065.0,45.0,85.0,209,115,129,170,166,166,155.75,42.48,150.38,31.52,0.21,1.342,0,0.0,0,39,-1.0,-0.0
SKU-BEV-004,Sparkling Botanical Tonic Water 250ml,Beverages & Dairy,40,2024-09-30,161,13685.0,45.0,85.0,189,209,115,129,157,157,160.5,45.56,153.25,34.1,0.222,1.178,0,0.0,0,40,-0.9927,0.1205
SKU-BEV-004,Sparkling Botanical Tonic Water 250ml,Beverages & Dairy,41,2024-10-07,200,17000.0,45.0,85.0,161,189,209,115,138,138,168.5,40.74,153.75,34.19,0.222,0.955,0,0.0,1,41,-0.9709,0.2393
SKU-BEV-004,Sparkling Botanical Tonic Water 250ml,Beverages & Dairy,42,2024-10-14,216,18360.0,45.0,85.0,200,161,189,209,119,119,189.75,20.84,161.5,37.02,0.229,1.054,0,0.0,0,42,-0.935,0.3546
SKU-BEV-004,Sparkling Botanical Tonic Water 250ml,Beverages & Dairy,43,2024-10-21,183,15555.0,45.0,85.0,216,200,161,189,170,170,191.5,23.16,173.62,36.99,0.213,1.128,0,0.0,0,43,-0.8855,0.4647
SKU-BEV-004,Sparkling Botanical Tonic Water 250ml,Beverages & Dairy,44,2024-10-28,205,17425.0,45.0,85.0,183,216,200,161,129,129,190.0,23.57,175.25,37.1,0.212,0.963,0,0.0,1,44,-0.823,0.5681
SKU-BEV-004,Sparkling Botanical Tonic Water 250ml,Beverages & Dairy,45,2024-11-04,209,15100.25,45.0,85.0,205,183,216,200,115,115,201.0,13.74,184.75,33.07,0.179,1.02,1,0.15,0,45,-0.7485,0.6631
SKU-BEV-004,Sparkling Botanical Tonic Water 250ml,Beverages & Dairy,46,2024-11-11,167,14195.0,45.0,85.0,209,205,183,216,209,209,203.25,14.24,196.5,18.03,0.092,1.028,0,0.0,0,46,-0.6631,0.7485
SKU-BEV-004,Sparkling Botanical Tonic Water 250ml,Beverages & Dairy,47,2024-11-18,219,18615.0,45.0,85.0,167,209,205,183,189,189,191.0,19.66,191.25,19.89,0.104,0.874,0,0.0,0,47,-0.5681,0.823
SKU-BEV-004,Sparkling Botanical Tonic Water 250ml,Beverages & Dairy,48,2024-11-25,164,13940.0,45.0,85.0,219,167,209,205,161,161,200.0,22.77,195.0,22.11,0.113,1.095,0,0.0,0,48,-0.4647,0.8855
SKU-BEV-004,Sparkling Botanical Tonic Water 250ml,Beverages & Dairy,49,2024-12-02,145,12325.0,45.0,85.0,164,219,167,209,200,200,189.75,28.32,195.38,21.47,0.11,0.864,0,0.0,0,49,-0.3546,0.935
SKU-BEV-004,Sparkling Botanical Tonic Water 250ml,Beverages & Dairy,50,2024-12-09,142,12070.0,45.0,85.0,145,164,219,167,216,216,173.75,31.7,188.5,27.68,0.147,0.835,0,0.0,0,50,-0.2393,0.9709
SKU-BEV-004,Sparkling Botanical Tonic Water 250ml,Beverages & Dairy,51,2024-12-16,225,19125.0,45.0,85.0,142,145,164,219,183,183,167.5,35.69,179.25,29.48,0.164,0.848,0,0.0,1,51,-0.1205,0.9927
SKU-BEV-004,Sparkling Botanical Tonic Water 250ml,Beverages & Dairy,52,2024-12-23,184,13294.0,45.0,85.0,225,142,145,164,205,205,169.0,38.58,184.5,33.69,0.183,1.331,1,0.15,0,52,-0.0,1.0
SKU-BEV-004,Sparkling Botanical Tonic Water 250ml,Beverages & Dairy,53,2024-12-30,134,11390.0,45.0,85.0,184,225,142,145,209,181,174.0,39.01,181.88,32.66,0.18,1.057,0,0.0,0,1,0.1205,0.9927
SKU-BEV-004,Sparkling Botanical Tonic Water 250ml,Beverages & Dairy,54,2025-01-06,98,8330.0,45.0,85.0,134,184,225,142,167,151,171.25,42.01,172.5,34.48,0.2,0.782,0,0.0,0,2,0.2393,0.9709
SKU-BEV-004,Sparkling Botanical Tonic Water 250ml,Beverages & Dairy,55,2025-01-13,119,10115.0,45.0,85.0,98,134,184,225,219,96,160.25,55.74,163.88,43.5,0.265,0.612,0,0.0,1,3,0.3546,0.935
SKU-BEV-004,Sparkling Botanical Tonic Water 250ml,Beverages & Dairy,56,2025-01-20,176,14960.0,45.0,85.0,119,98,134,184,164,142,133.75,36.61,151.38,39.59,0.262,0.89,0,0.0,0,4,0.4647,0.8855
SKU-BEV-004,Sparkling Botanical Tonic Water 250ml,Beverages & Dairy,57,2025-01-27,121,10285.0,45.0,85.0,176,119,98,134,145,155,131.75,32.99,152.88,40.36,0.264,1.336,0,0.0,0,5,0.5681,0.823
SKU-BEV-004,Sparkling Botanical Tonic Water 250ml,Beverages & Dairy,58,2025-02-03,225,19125.0,45.0,85.0,121,176,119,98,142,61,128.5,33.33,149.88,41.89,0.279,0.942,0,0.0,0,6,0.6631,0.7485
SKU-BEV-004,Sparkling Botanical Tonic Water 250ml,Beverages & Dairy,59,2025-02-10,213,15389.25,45.0,85.0,225,121,176,119,225,113,160.25,50.61,160.25,49.29,0.308,1.404,1,0.15,0,7,0.7485,0.6631
SKU-BEV-004,Sparkling Botanical Tonic Water 250ml,Beverages & Dairy,60,2025-02-17,180,15300.0,45.0,85.0,213,225,121,176,184,41,183.75,46.74,158.75,47.17,0.297,1.159,0,0.0,0,8,0.823,0.5681
SKU-BEV-004,Sparkling Botanical Tonic Water 250ml,Beverages & Dairy,61,2025-02-24,147,12495.0,45.0,85.0,180,213,225,121,134,143,184.75,46.56,158.25,46.89,0.296,0.974,0,0.0,0,9,0.8855,0.4647
SKU-BEV-004,Sparkling Botanical Tonic Water 250ml,Beverages & Dairy,62,2025-03-03,144,12240.0,45.0,85.0,147,180,213,225,98,220,191.25,35.1,159.88,46.14,0.289,0.769,0,0.0,0,10,0.935,0.3546
SKU-BEV-004,Sparkling Botanical Tonic Water 250ml,Beverages & Dairy,63,2025-03-10,265,22525.0,45.0,85.0,144,147,180,213,119,227,171.0,32.4,165.62,39.76,0.24,0.842,0,0.0,1,11,0.9709,0.2393
SKU-BEV-004,Sparkling Botanical Tonic Water 250ml,Beverages & Dairy,64,2025-03-17,162,13770.0,45.0,85.0,265,144,147,180,176,133,184.0,56.41,183.88,47.96,0.261,1.44,0,0.0,0,12,0.9927,0.1205
SKU-BEV-004,Sparkling Botanical Tonic Water 250ml,Beverages & Dairy,65,2025-03-24,171,14535.0,45.0,85.0,162,265,144,147,121,80,179.5,57.54,182.12,48.54,0.267,0.903,0,0.0,0,13,1.0,0.0
SKU-BEV-004,Sparkling Botanical Tonic Water 250ml,Beverages & Dairy,66,2025-03-31,246,17773.5,45.0,85.0,171,162,265,144,225,234,185.5,54.18,188.38,42.37,0.225,0.922,1,0.15,0,14,0.9927,-0.1205
SKU-BEV-004,Sparkling Botanical Tonic Water 250ml,Beverages & Dairy,67,2025-04-07,180,15300.0,45.0,85.0,246,171,162,265,213,82,211.0,52.1,191.0,45.5,0.238,1.166,0,0.0,0,15,0.9709,-0.2393
SKU-BEV-004,Sparkling Botanical Tonic Water 250ml,Beverages & Dairy,68,2025-04-14,212,18020.0,45.0,85.0,180,246,171,162,180,108,189.75,38.21,186.88,44.71,0.239,0.949,0,0.0,0,16,0.935,-0.3546
SKU-BEV-004,Sparkling Botanical Tonic Water 250ml,Beverages & Dairy,69,2025-04-21,406,34510.0,45.0,85.0,212,180,246,171,147,306,202.25,34.06,190.88,45.43,0.238,1.048,0,0.0,0,17,0.8855,-0.4647
SKU-BEV-004,Sparkling Botanical Tonic Water 250ml,Beverages & Dairy,70,2025-04-28,425,36125.0,45.0,85.0,406,212,180,246,144,176,261.0,100.35,223.25,84.87,0.38,1.556,0,0.0,1,18,0.823,-0.5681
SKU-BEV-004,Sparkling Botanical Tonic Water 250ml,Beverages & Dairy,71,2025-05-05,232,19720.0,45.0,85.0,425,406,212,180,265,254,305.75,127.64,258.38,103.49,0.401,1.39,0,0.0,0,19,0.7485,-0.6631
SKU-BEV-004,Sparkling Botanical Tonic Water 250ml,Beverages & Dairy,72,2025-05-12,102,8670.0,45.0,85.0,232,425,406,212,162,135,318.75,112.28,254.25,103.84,0.408,0.728,0,0.0,0,20,0.6631,-0.7485
SKU-BEV-004,Sparkling Botanical Tonic Water 250ml,Beverages & Dairy,73,2025-05-19,314,22686.5,45.0,85.0,102,232,425,406,171,271,291.25,153.17,246.75,113.2,0.459,0.35,1,0.15,0,21,0.5681,-0.823
SKU-BEV-004,Sparkling Botanical Tonic Water 250ml,Beverages & Dairy,74,2025-05-26,163,13855.0,45.0,85.0,314,102,232,425,246,271,268.25,136.16,264.62,110.8,0.419,1.171,0,0.0,0,22,0.4647,-0.8855
SKU-BEV-004,Sparkling Botanical Tonic Water 250ml,Beverages & Dairy,75,2025-06-02,327,27795.0,45.0,85.0,163,314,102,232,180,207,202.75,91.22,254.25,116.53,0.458,0.804,0,0.0,0,23,0.3546,-0.935
SKU-BEV-004,Sparkling Botanical Tonic Water 250ml,Beverages & Dairy,76,2025-06-09,208,17680.0,45.0,85.0,327,163,314,102,212,170,226.5,111.49,272.62,114.72,0.421,1.444,0,0.0,0,24,0.2393,-0.9709
SKU-BEV-004,Sparkling Botanical Tonic Water 250ml,Beverages & Dairy,77,2025-06-16,153,13005.0,45.0,85.0,208,327,163,314,406,176,253.0,80.25,272.12,115.03,0.423,0.822,0,0.0,0,25,0.1205,-0.9927
SKU-BEV-004,Sparkling Botanical Tonic Water 250ml,Beverages & Dairy,78,2025-06-23,232,19720.0,45.0,85.0,153,208,327,163,425,181,212.75,79.83,240.5,107.5,0.447,0.719,0,0.0,0,26,0.0,-1.0
SKU-BEV-004,Sparkling Botanical Tonic Water 250ml,Beverages & Dairy,79,2025-06-30,191,16235.0,45.0,85.0,232,153,208,327,232,165,230.0,72.63,216.38,77.71,0.359,1.009,0,0.0,0,27,-0.1205,-0.9927
SKU-BEV-004,Sparkling Botanical Tonic Water 250ml,Beverages & Dairy,80,2025-07-07,160,11560.0,45.0,85.0,191,232,153,208,102,181,196.0,33.24,211.25,77.89,0.369,0.974,1,0.15,1,28,-0.2393,-0.9709
SKU-BEV-004,Sparkling Botanical Tonic Water 250ml,Beverages & Dairy,81,2025-07-14,166,14110.0,45.0,85.0,160,191,232,153,314,246,184.0,36.01,218.5,68.38,0.313,0.87,0,0.0,0,29,-0.3546,-0.935
SKU-BEV-004,Sparkling Botanical Tonic Water 250ml,Beverages & Dairy,82,2025-07-21,208,17680.0,45.0,85.0,166,160,191,232,163,192,187.25,32.71,200.0,58.1,0.291,0.887,0,0.0,0,30,-0.4647,-0.8855
SKU-BEV-004,Sparkling Botanical Tonic Water 250ml,Beverages & Dairy,83,2025-07-28,189,16065.0,45.0,85.0,208,166,160,191,327,166,181.25,22.32,205.62,56.16,0.273,1.148,0,0.0,0,31,-0.5681,-0.823
SKU-BEV-004,Sparkling Botanical Tonic Water 250ml,Beverages & Dairy,84,2025-08-04,207,17595.0,45.0,85.0,189,208,166,160,208,157,180.75,22.05,188.38,27.35,0.145,1.046,0,0.0,0,32,-0.6631,-0.7485
SKU-BEV-004,Sparkling Botanical Tonic Water 250ml,Beverages & Dairy,85,2025-08-11,270,22950.0,45.0,85.0,207,189,208,166,153,138,192.5,19.71,188.25,27.25,0.145,1.075,0,0.0,1,33,-0.7485,-0.6631
SKU-BEV-004,Sparkling Botanical Tonic Water 250ml,Beverages & Dairy,86,2025-08-18,242,20570.0,45.0,85.0,270,207,189,208,232,119,218.5,35.43,202.88,35.71,0.176,1.236,0,0.0,0,34,-0.823,-0.5681
SKU-BEV-004,Sparkling Botanical Tonic Water 250ml,Beverages & Dairy,87,2025-08-25,186,13438.5,45.0,85.0,242,270,207,189,191,170,227.0,36.14,204.12,37.03,0.181,1.066,1,0.15,0,35,-0.8855,-0.4647
SKU-BEV-004,Sparkling Botanical Tonic Water 250ml,Beverages & Dairy,88,2025-09-01,149,12665.0,45.0,85.0,186,242,270,207,160,129,226.25,37.21,203.5,37.32,0.183,0.822,0,0.0,0,36,-0.935,-0.3546
SKU-BEV-004,Sparkling Botanical Tonic Water 250ml,Beverages & Dairy,89,2025-09-08,193,16405.0,45.0,85.0,149,186,242,270,166,115,211.75,54.49,202.12,39.31,0.194,0.704,0,0.0,0,37,-0.9709,-0.2393
SKU-BEV-004,Sparkling Botanical Tonic Water 250ml,Beverages & Dairy,90,2025-09-15,157,13345.0,45.0,85.0,193,149,186,242,208,209,192.5,38.23,205.5,36.84,0.179,1.003,0,0.0,0,38,-0.9927,-0.1205
SKU-BEV-004,Sparkling Botanical Tonic Water 250ml,Beverages & Dairy,91,2025-09-22,95,8075.0,45.0,85.0,157,193,149,186,189,189,171.25,21.52,199.12,40.57,0.204,0.917,0,0.0,0,39,-1.0,-0.0
SKU-BEV-004,Sparkling Botanical Tonic Water 250ml,Beverages & Dairy,92,2025-09-29,243,20655.0,45.0,85.0,95,157,193,149,207,161,148.5,40.48,187.38,54.98,0.293,0.64,0,0.0,0,40,-0.9927,0.1205
SKU-BEV-004,Sparkling Botanical Tonic Water 250ml,Beverages & Dairy,93,2025-10-06,148,12580.0,45.0,85.0,243,95,157,193,270,200,172.0,62.28,191.88,58.19,0.303,1.413,0,0.0,1,41,-0.9709,0.2393
SKU-BEV-004,Sparkling Botanical Tonic Water 250ml,Beverages & Dairy,94,2025-10-13,316,22831.0,45.0,85.0,148,243,95,157,242,216,160.75,61.28,176.62,50.24,0.284,0.921,1,0.15,0,42,-0.935,0.3546
SKU-BEV-004,Sparkling Botanical Tonic Water 250ml,Beverages & Dairy,95,2025-10-20,160,13600.0,45.0,85.0,316,148,243,95,186,183,200.5,98.38,185.88,67.75,0.365,1.576,0,0.0,0,43,-0.8855,0.4647
SKU-BEV-004,Sparkling Botanical Tonic Water 250ml,Beverages & Dairy,96,2025-10-27,465,39525.0,45.0,85.0,160,316,148,243,149,205,216.75,78.5,182.62,68.37,0.374,0.738,0,0.0,1,44,-0.823,0.5681
SKU-BEV-004,Sparkling Botanical Tonic Water 250ml,Beverages & Dairy,97,2025-11-03,164,13940.0,45.0,85.0,465,160,316,148,193,209,272.25,149.56,222.12,118.83,0.535,1.708,0,0.0,0,45,-0.7485,0.6631
SKU-BEV-004,Sparkling Botanical Tonic Water 250ml,Beverages & Dairy,98,2025-11-10,167,14195.0,45.0,85.0,164,465,160,316,157,167,276.25,145.28,218.5,120.28,0.55,0.594,0,0.0,0,46,-0.6631,0.7485
SKU-BEV-004,Sparkling Botanical Tonic Water 250ml,Beverages & Dairy,99,2025-11-17,199,16915.0,45.0,85.0,167,164,465,160,95,219,239.0,150.69,219.75,119.6,0.544,0.699,0,0.0,0,47,-0.5681,0.823
SKU-BEV-004,Sparkling Botanical Tonic Water 250ml,Beverages & Dairy,100,2025-11-24,180,15300.0,45.0,85.0,199,167,164,465,243,164,248.75,145.03,232.75,109.31,0.47,0.8,0,0.0,0,48,-0.4647,0.8855
SKU-BEV-004,Sparkling Botanical Tonic Water 250ml,Beverages & Dairy,101,2025-12-01,210,15172.5,45.0,85.0,180,199,167,164,148,145,177.5,15.93,224.88,110.73,0.492,1.014,1,0.15,0,49,-0.3546,0.935
SKU-BEV-004,Sparkling Botanical Tonic Water 250ml,Beverages & Dairy,102,2025-12-08,169,14365.0,45.0,85.0,210,180,199,167,316,142,189.0,19.2,232.62,106.67,0.459,1.111,0,0.0,0,50,-0.2393,0.9709
SKU-BEV-004,Sparkling Botanical Tonic Water 250ml,Beverages & Dairy,103,2025-12-15,216,18360.0,45.0,85.0,169,210,180,199,160,225,189.5,18.45,214.25,102.85,0.48,0.892,0,0.0,1,51,-0.1205,0.9927
SKU-BEV-004,Sparkling Botanical Tonic Water 250ml,Beverages & Dairy,104,2025-12-22,241,20485.0,45.0,85.0,216,169,210,180,465,184,193.75,22.81,221.25,100.51,0.454,1.115,0,0.0,0,52,-0.0,1.0
SKU-BEV-005,Roasted Almond Badam Milk Mix 500g,Beverages & Dairy,1,2024-01-01,66,20790.0,210.0,315.0,66,66,66,66,66,66,66.0,0.0,66.0,0.0,0.0,1.0,0,0.0,0,1,0.1205,0.9927
SKU-BEV-005,Roasted Almond Badam Milk Mix 500g,Beverages & Dairy,2,2024-01-08,93,24900.75,210.0,315.0,66,66,66,66,66,66,66.0,0.0,66.0,0.0,0.0,1.0,1,0.15,0,2,0.2393,0.9709
SKU-BEV-005,Roasted Almond Badam Milk Mix 500g,Beverages & Dairy,3,2024-01-15,45,14175.0,210.0,315.0,93,66,66,66,66,66,79.5,19.09,79.5,19.09,0.24,1.17,0,0.0,1,3,0.3546,0.935
SKU-BEV-005,Roasted Almond Badam Milk Mix 500g,Beverages & Dairy,4,2024-01-22,57,17955.0,210.0,315.0,45,93,66,66,66,66,68.0,24.06,68.0,24.06,0.354,0.662,0,0.0,0,4,0.4647,0.8855
SKU-BEV-005,Roasted Almond Badam Milk Mix 500g,Beverages & Dairy,5,2024-01-29,53,16695.0,210.0,315.0,57,45,93,66,66,66,65.25,20.4,65.25,20.4,0.313,0.874,0,0.0,0,5,0.5681,0.823
SKU-BEV-005,Roasted Almond Badam Milk Mix 500g,Beverages & Dairy,6,2024-02-05,107,33705.0,210.0,315.0,53,57,45,93,93,93,62.0,21.26,62.8,18.5,0.295,0.855,0,0.0,0,6,0.6631,0.7485
SKU-BEV-005,Roasted Almond Badam Milk Mix 500g,Beverages & Dairy,7,2024-02-12,64,20160.0,210.0,315.0,107,53,57,45,45,45,65.5,28.11,70.17,24.48,0.349,1.634,0,0.0,0,7,0.7485,0.6631
SKU-BEV-005,Roasted Almond Badam Milk Mix 500g,Beverages & Dairy,8,2024-02-19,98,30870.0,210.0,315.0,64,107,53,57,57,57,70.25,24.92,69.29,22.47,0.324,0.911,0,0.0,0,8,0.823,0.5681
SKU-BEV-005,Roasted Almond Badam Milk Mix 500g,Beverages & Dairy,9,2024-02-26,137,36681.75,210.0,315.0,98,64,107,53,66,66,80.5,26.06,72.88,23.15,0.318,1.217,1,0.15,0,9,0.8855,0.4647
SKU-BEV-005,Roasted Almond Badam Milk Mix 500g,Beverages & Dairy,10,2024-03-04,100,31500.0,210.0,315.0,137,98,64,107,93,93,101.5,30.05,81.75,32.04,0.392,1.35,0,0.0,0,10,0.935,0.3546
SKU-BEV-005,Roasted Almond Badam Milk Mix 500g,Beverages & Dairy,11,2024-03-11,60,18900.0,210.0,315.0,100,137,98,64,45,45,99.75,29.83,82.62,32.48,0.393,1.003,0,0.0,1,11,0.9709,0.2393
SKU-BEV-005,Roasted Almond Badam Milk Mix 500g,Beverages & Dairy,12,2024-03-18,101,31815.0,210.0,315.0,60,100,137,98,57,57,98.75,31.45,84.5,30.36,0.359,0.608,0,0.0,0,12,0.9927,0.1205
SKU-BEV-005,Roasted Almond Badam Milk Mix 500g,Beverages & Dairy,13,2024-03-25,68,21420.0,210.0,315.0,101,60,100,137,53,53,99.5,31.46,90.0,28.61,0.318,1.015,0,0.0,0,13,1.0,0.0
SKU-BEV-005,Roasted Almond Badam Milk Mix 500g,Beverages & Dairy,14,2024-04-01,83,26145.0,210.0,315.0,68,101,60,100,107,107,82.25,21.33,91.88,26.23,0.285,0.827,0,0.0,0,14,0.9927,-0.1205
SKU-BEV-005,Roasted Almond Badam Milk Mix 500g,Beverages & Dairy,15,2024-04-08,91,28665.0,210.0,315.0,83,68,101,60,64,64,78.0,18.06,88.88,25.61,0.288,1.064,0,0.0,0,15,0.9709,-0.2393
SKU-BEV-005,Roasted Almond Badam Milk Mix 500g,Beverages & Dairy,16,2024-04-15,87,23294.25,210.0,315.0,91,83,68,101,98,98,85.75,13.94,92.25,23.57,0.255,1.061,1,0.15,0,16,0.935,-0.3546
SKU-BEV-005,Roasted Almond Badam Milk Mix 500g,Beverages & Dairy,17,2024-04-22,120,37800.0,210.0,315.0,87,91,83,68,137,137,82.25,10.05,90.88,23.5,0.259,1.058,0,0.0,0,17,0.8855,-0.4647
SKU-BEV-005,Roasted Almond Badam Milk Mix 500g,Beverages & Dairy,18,2024-04-29,159,50085.0,210.0,315.0,120,87,91,83,100,100,95.25,16.82,88.75,19.09,0.215,1.26,0,0.0,1,18,0.823,-0.5681
SKU-BEV-005,Roasted Almond Badam Milk Mix 500g,Beverages & Dairy,19,2024-05-06,84,26460.0,210.0,315.0,159,120,87,91,60,60,114.25,33.26,96.12,31.45,0.327,1.392,0,0.0,0,19,0.7485,-0.6631
SKU-BEV-005,Roasted Almond Badam Milk Mix 500g,Beverages & Dairy,20,2024-05-13,70,22050.0,210.0,315.0,84,159,120,87,101,101,112.5,35.03,99.12,28.52,0.288,0.747,0,0.0,0,20,0.6631,-0.7485
SKU-BEV-005,Roasted Almond Badam Milk Mix 500g,Beverages & Dairy,21,2024-05-20,96,30240.0,210.0,315.0,70,84,159,120,68,68,108.25,39.85,95.25,30.28,0.318,0.647,0,0.0,0,21,0.5681,-0.823
SKU-BEV-005,Roasted Almond Badam Milk Mix 500g,Beverages & Dairy,22,2024-05-27,108,34020.0,210.0,315.0,96,70,84,159,83,83,102.25,39.3,98.75,28.23,0.286,0.939,0,0.0,0,22,0.4647,-0.8855
SKU-BEV-005,Roasted Almond Badam Milk Mix 500g,Beverages & Dairy,23,2024-06-03,154,41233.5,210.0,315.0,108,96,70,84,91,91,89.5,16.28,101.88,27.62,0.271,1.207,1,0.15,0,23,0.3546,-0.935
SKU-BEV-005,Roasted Almond Badam Milk Mix 500g,Beverages & Dairy,24,2024-06-10,88,27720.0,210.0,315.0,154,108,96,70,87,87,107.0,35.12,109.75,32.6,0.297,1.439,0,0.0,0,24,0.2393,-0.9709
SKU-BEV-005,Roasted Almond Badam Milk Mix 500g,Beverages & Dairy,25,2024-06-17,87,27405.0,210.0,315.0,88,154,108,96,120,120,111.5,29.5,109.88,32.51,0.296,0.789,0,0.0,0,25,0.1205,-0.9927
SKU-BEV-005,Roasted Almond Badam Milk Mix 500g,Beverages & Dairy,26,2024-06-24,15,4725.0,210.0,315.0,87,88,154,108,159,159,109.25,31.36,105.75,33.13,0.313,0.796,0,0.0,0,26,0.0,-1.0
SKU-BEV-005,Roasted Almond Badam Milk Mix 500g,Beverages & Dairy,27,2024-07-01,47,14805.0,210.0,315.0,15,87,88,154,84,84,86.0,56.77,87.75,38.71,0.441,0.174,0,0.0,0,27,-0.1205,-0.9927
SKU-BEV-005,Roasted Almond Badam Milk Mix 500g,Beverages & Dairy,28,2024-07-08,78,24570.0,210.0,315.0,47,15,87,88,70,70,59.25,35.14,83.12,41.34,0.497,0.793,0,0.0,1,28,-0.2393,-0.9709
SKU-BEV-005,Roasted Almond Badam Milk Mix 500g,Beverages & Dairy,29,2024-07-15,52,16380.0,210.0,315.0,78,47,15,87,96,96,56.75,32.68,84.12,41.08,0.488,1.374,0,0.0,0,29,-0.3546,-0.935
SKU-BEV-005,Roasted Almond Badam Milk Mix 500g,Beverages & Dairy,30,2024-07-22,83,22223.25,210.0,315.0,52,78,47,15,108,108,48.0,25.86,78.62,42.19,0.537,1.083,1,0.15,0,30,-0.4647,-0.8855
SKU-BEV-005,Roasted Almond Badam Milk Mix 500g,Beverages & Dairy,31,2024-07-29,118,37170.0,210.0,315.0,83,52,78,47,154,154,65.0,18.13,75.5,40.6,0.538,1.277,0,0.0,0,31,-0.5681,-0.823
SKU-BEV-005,Roasted Almond Badam Milk Mix 500g,Beverages & Dairy,32,2024-08-05,58,18270.0,210.0,315.0,118,83,52,78,88,88,82.75,27.15,71.0,31.67,0.446,1.426,0,0.0,0,32,-0.6631,-0.7485
SKU-BEV-005,Roasted Almond Badam Milk Mix 500g,Beverages & Dairy,33,2024-08-12,117,36855.0,210.0,315.0,58,118,83,52,87,87,77.75,30.0,67.25,31.14,0.463,0.746,0,0.0,1,33,-0.7485,-0.6631
SKU-BEV-005,Roasted Almond Badam Milk Mix 500g,Beverages & Dairy,34,2024-08-19,56,17640.0,210.0,315.0,117,58,118,83,15,15,94.0,28.99,71.0,35.38,0.498,1.245,0,0.0,0,34,-0.823,-0.5681
SKU-BEV-005,Roasted Almond Badam Milk Mix 500g,Beverages & Dairy,35,2024-08-26,73,22995.0,210.0,315.0,56,117,58,118,47,47,87.25,34.94,76.12,28.38,0.373,0.642,0,0.0,0,35,-0.8855,-0.4647
SKU-BEV-005,Roasted Almond Badam Milk Mix 500g,Beverages & Dairy,36,2024-09-02,30,9450.0,210.0,315.0,73,56,117,58,78,78,76.0,28.37,79.38,25.96,0.327,0.961,0,0.0,0,36,-0.935,-0.3546
SKU-BEV-005,Roasted Almond Badam Milk Mix 500g,Beverages & Dairy,37,2024-09-09,117,31326.75,210.0,315.0,30,73,56,117,52,52,69.0,36.56,73.38,31.31,0.427,0.435,1,0.15,0,37,-0.9709,-0.2393
SKU-BEV-005,Roasted Almond Badam Milk Mix 500g,Beverages & Dairy,38,2024-09-16,49,15435.0,210.0,315.0,117,30,73,56,83,83,69.0,36.56,81.5,33.34,0.409,1.696,0,0.0,0,38,-0.9927,-0.1205
SKU-BEV-005,Roasted Almond Badam Milk Mix 500g,Beverages & Dairy,39,2024-09-23,28,8820.0,210.0,315.0,49,117,30,73,118,118,67.25,37.54,77.25,35.24,0.456,0.729,0,0.0,0,39,-1.0,-0.0
SKU-BEV-005,Roasted Almond Badam Milk Mix 500g,Beverages & Dairy,40,2024-09-30,75,23625.0,210.0,315.0,28,49,117,30,58,58,56.0,41.75,66.0,34.73,0.526,0.5,0,0.0,0,40,-0.9927,0.1205
SKU-BEV-005,Roasted Almond Badam Milk Mix 500g,Beverages & Dairy,41,2024-10-07,116,36540.0,210.0,315.0,75,28,49,117,117,117,67.25,38.34,68.12,34.69,0.509,1.115,0,0.0,1,41,-0.9709,0.2393
SKU-BEV-005,Roasted Almond Badam Milk Mix 500g,Beverages & Dairy,42,2024-10-14,99,31185.0,210.0,315.0,116,75,28,49,56,56,67.0,37.9,68.0,34.49,0.507,1.731,0,0.0,0,42,-0.935,0.3546
SKU-BEV-005,Roasted Almond Badam Milk Mix 500g,Beverages & Dairy,43,2024-10-21,62,19530.0,210.0,315.0,99,116,75,28,73,73,79.5,38.23,73.38,35.68,0.486,1.245,0,0.0,0,43,-0.8855,0.4647
SKU-BEV-005,Roasted Almond Badam Milk Mix 500g,Beverages & Dairy,44,2024-10-28,192,51408.0,210.0,315.0,62,99,116,75,30,30,88.0,24.15,72.0,35.91,0.499,0.705,1,0.15,1,44,-0.823,0.5681
SKU-BEV-005,Roasted Almond Badam Milk Mix 500g,Beverages & Dairy,45,2024-11-04,66,20790.0,210.0,315.0,192,62,99,116,117,117,117.25,54.7,92.25,51.25,0.556,1.638,0,0.0,0,45,-0.7485,0.6631
SKU-BEV-005,Roasted Almond Badam Milk Mix 500g,Beverages & Dairy,46,2024-11-11,57,17955.0,210.0,315.0,66,192,62,99,49,49,104.75,60.48,85.88,50.9,0.593,0.63,0,0.0,0,46,-0.6631,0.7485
SKU-BEV-005,Roasted Almond Badam Milk Mix 500g,Beverages & Dairy,47,2024-11-18,78,24570.0,210.0,315.0,57,66,192,62,28,28,94.25,65.27,86.88,50.14,0.577,0.605,0,0.0,0,47,-0.5681,0.823
SKU-BEV-005,Roasted Almond Badam Milk Mix 500g,Beverages & Dairy,48,2024-11-25,75,23625.0,210.0,315.0,78,57,66,192,75,75,98.25,63.09,93.12,44.56,0.479,0.794,0,0.0,0,48,-0.4647,0.8855
SKU-BEV-005,Roasted Almond Badam Milk Mix 500g,Beverages & Dairy,49,2024-12-02,88,27720.0,210.0,315.0,75,78,57,66,116,116,69.0,9.49,93.12,44.56,0.479,1.087,0,0.0,0,49,-0.3546,0.935
SKU-BEV-005,Roasted Almond Badam Milk Mix 500g,Beverages & Dairy,50,2024-12-09,86,27090.0,210.0,315.0,88,75,78,57,99,99,74.5,12.92,89.62,43.6,0.486,1.181,0,0.0,0,50,-0.2393,0.9709
SKU-BEV-005,Roasted Almond Badam Milk Mix 500g,Beverages & Dairy,51,2024-12-16,108,28917.0,210.0,315.0,86,88,75,78,62,62,81.75,6.24,88.0,43.44,0.494,1.052,1,0.15,1,51,-0.1205,0.9927
SKU-BEV-005,Roasted Almond Badam Milk Mix 500g,Beverages & Dairy,52,2024-12-23,16,5040.0,210.0,315.0,108,86,88,75,192,192,89.25,13.74,93.75,42.54,0.454,1.21,0,0.0,0,52,-0.0,1.0
SKU-BEV-005,Roasted Almond Badam Milk Mix 500g,Beverages & Dairy,53,2024-12-30,80,25200.0,210.0,315.0,16,108,86,88,66,66,74.5,40.25,71.75,27.23,0.379,0.215,0,0.0,0,1,0.1205,0.9927
SKU-BEV-005,Roasted Almond Badam Milk Mix 500g,Beverages & Dairy,54,2025-01-06,69,21735.0,210.0,315.0,80,16,108,86,57,93,72.5,39.54,73.5,27.26,0.371,1.103,0,0.0,0,2,0.2393,0.9709
SKU-BEV-005,Roasted Almond Badam Milk Mix 500g,Beverages & Dairy,55,2025-01-13,145,45675.0,210.0,315.0,69,80,16,108,78,45,68.25,38.51,75.0,26.54,0.354,1.011,0,0.0,1,3,0.3546,0.935
SKU-BEV-005,Roasted Almond Badam Milk Mix 500g,Beverages & Dairy,56,2025-01-20,90,28350.0,210.0,315.0,145,69,80,16,75,57,77.5,52.97,83.38,36.37,0.436,1.871,0,0.0,0,4,0.4647,0.8855
SKU-BEV-005,Roasted Almond Badam Milk Mix 500g,Beverages & Dairy,57,2025-01-27,105,33075.0,210.0,315.0,90,145,69,80,88,53,96.0,33.77,85.25,36.26,0.425,0.938,0,0.0,0,5,0.5681,0.823
SKU-BEV-005,Roasted Almond Badam Milk Mix 500g,Beverages & Dairy,58,2025-02-03,97,25971.75,210.0,315.0,105,90,145,69,86,107,102.25,32.1,87.38,36.94,0.423,1.027,1,0.15,0,6,0.6631,0.7485
SKU-BEV-005,Roasted Almond Badam Milk Mix 500g,Beverages & Dairy,59,2025-02-10,90,28350.0,210.0,315.0,97,105,90,145,108,64,109.25,24.61,88.75,37.09,0.418,0.888,0,0.0,0,7,0.7485,0.6631
SKU-BEV-005,Roasted Almond Badam Milk Mix 500g,Beverages & Dairy,60,2025-02-17,80,25200.0,210.0,315.0,90,97,105,90,16,98,95.5,7.14,86.5,36.29,0.42,0.942,0,0.0,0,8,0.823,0.5681
SKU-BEV-005,Roasted Almond Badam Milk Mix 500g,Beverages & Dairy,61,2025-02-24,86,27090.0,210.0,315.0,80,90,97,105,80,137,93.0,10.61,94.5,23.23,0.246,0.86,0,0.0,0,9,0.8855,0.4647
SKU-BEV-005,Roasted Almond Badam Milk Mix 500g,Beverages & Dairy,62,2025-03-03,105,33075.0,210.0,315.0,86,80,90,97,69,100,88.25,7.14,95.25,22.79,0.239,0.975,0,0.0,0,10,0.935,0.3546
SKU-BEV-005,Roasted Almond Badam Milk Mix 500g,Beverages & Dairy,63,2025-03-10,117,36855.0,210.0,315.0,105,86,80,90,145,60,90.25,10.66,99.75,20.28,0.203,1.163,0,0.0,1,11,0.9709,0.2393
SKU-BEV-005,Roasted Almond Badam Milk Mix 500g,Beverages & Dairy,64,2025-03-17,108,34020.0,210.0,315.0,117,105,86,80,90,101,97.0,17.07,96.25,12.14,0.126,1.206,0,0.0,0,12,0.9927,0.1205
SKU-BEV-005,Roasted Almond Badam Milk Mix 500g,Beverages & Dairy,65,2025-03-24,113,30255.75,210.0,315.0,108,117,105,86,105,68,104.0,13.04,98.5,12.48,0.127,1.038,1,0.15,0,13,1.0,0.0
SKU-BEV-005,Roasted Almond Badam Milk Mix 500g,Beverages & Dairy,66,2025-03-31,135,42525.0,210.0,315.0,113,108,117,105,97,83,110.75,5.32,99.5,13.36,0.134,1.02,0,0.0,0,14,0.9927,-0.1205
SKU-BEV-005,Roasted Almond Badam Milk Mix 500g,Beverages & Dairy,67,2025-04-07,72,22680.0,210.0,315.0,135,113,108,117,90,91,118.25,11.76,104.25,18.22,0.175,1.142,0,0.0,0,15,0.9709,-0.2393
SKU-BEV-005,Roasted Almond Badam Milk Mix 500g,Beverages & Dairy,68,2025-04-14,113,35595.0,210.0,315.0,72,135,113,108,80,87,107.0,26.12,102.0,21.11,0.207,0.673,0,0.0,0,16,0.935,-0.3546
SKU-BEV-005,Roasted Almond Badam Milk Mix 500g,Beverages & Dairy,69,2025-04-21,117,36855.0,210.0,315.0,113,72,135,113,86,120,108.25,26.3,106.12,19.35,0.182,1.044,0,0.0,0,17,0.8855,-0.4647
SKU-BEV-005,Roasted Almond Badam Milk Mix 500g,Beverages & Dairy,70,2025-04-28,155,48825.0,210.0,315.0,117,113,72,135,105,159,109.25,26.61,110.0,17.78,0.162,1.071,0,0.0,1,18,0.823,-0.5681
SKU-BEV-005,Roasted Almond Badam Milk Mix 500g,Beverages & Dairy,71,2025-05-05,105,33075.0,210.0,315.0,155,117,113,72,117,84,114.25,33.93,116.25,23.61,0.203,1.357,0,0.0,0,19,0.7485,-0.6631
SKU-BEV-005,Roasted Almond Badam Milk Mix 500g,Beverages & Dairy,72,2025-05-12,137,36681.75,210.0,315.0,105,155,117,113,108,70,122.5,22.23,114.75,23.93,0.209,0.857,1,0.15,0,20,0.6631,-0.7485
SKU-BEV-005,Roasted Almond Badam Milk Mix 500g,Beverages & Dairy,73,2025-05-19,76,23940.0,210.0,315.0,137,105,155,117,113,96,128.5,22.05,118.38,24.94,0.211,1.066,0,0.0,0,21,0.5681,-0.823
SKU-BEV-005,Roasted Almond Badam Milk Mix 500g,Beverages & Dairy,74,2025-05-26,57,17955.0,210.0,315.0,76,137,105,155,135,108,118.25,34.94,113.75,29.15,0.256,0.643,0,0.0,0,22,0.4647,-0.8855
SKU-BEV-005,Roasted Almond Badam Milk Mix 500g,Beverages & Dairy,75,2025-06-02,75,23625.0,210.0,315.0,57,76,137,105,72,154,93.75,34.94,104.0,33.72,0.324,0.608,0,0.0,0,23,0.3546,-0.935
SKU-BEV-005,Roasted Almond Badam Milk Mix 500g,Beverages & Dairy,76,2025-06-09,92,28980.0,210.0,315.0,75,57,76,137,113,88,86.25,34.94,104.38,33.32,0.319,0.87,0,0.0,0,24,0.2393,-0.9709
SKU-BEV-005,Roasted Almond Badam Milk Mix 500g,Beverages & Dairy,77,2025-06-16,94,29610.0,210.0,315.0,92,75,57,76,117,87,75.0,14.31,101.75,33.38,0.328,1.227,0,0.0,0,25,0.1205,-0.9927
SKU-BEV-005,Roasted Almond Badam Milk Mix 500g,Beverages & Dairy,78,2025-06-23,77,24255.0,210.0,315.0,94,92,75,57,155,15,79.5,17.25,98.88,32.86,0.332,1.182,0,0.0,0,26,0.0,-1.0
SKU-BEV-005,Roasted Almond Badam Milk Mix 500g,Beverages & Dairy,79,2025-06-30,40,10710.0,210.0,315.0,77,94,92,75,105,47,84.5,9.88,89.12,24.28,0.272,0.911,1,0.15,0,27,-0.1205,-0.9927
SKU-BEV-005,Roasted Almond Badam Milk Mix 500g,Beverages & Dairy,80,2025-07-07,92,28980.0,210.0,315.0,40,77,94,92,137,78,75.75,25.01,81.0,28.69,0.354,0.528,0,0.0,1,28,-0.2393,-0.9709
SKU-BEV-005,Roasted Almond Badam Milk Mix 500g,Beverages & Dairy,81,2025-07-14,59,18585.0,210.0,315.0,92,40,77,94,76,52,75.75,25.01,75.38,18.87,0.25,1.215,0,0.0,0,29,-0.3546,-0.935
SKU-BEV-005,Roasted Almond Badam Milk Mix 500g,Beverages & Dairy,82,2025-07-21,48,15120.0,210.0,315.0,59,92,40,77,57,83,67.0,22.49,73.25,19.72,0.269,0.881,0,0.0,0,30,-0.4647,-0.8855
SKU-BEV-005,Roasted Almond Badam Milk Mix 500g,Beverages & Dairy,83,2025-07-28,65,20475.0,210.0,315.0,48,59,92,40,75,118,59.75,22.87,72.12,21.0,0.291,0.803,0,0.0,0,31,-0.5681,-0.823
SKU-BEV-005,Roasted Almond Badam Milk Mix 500g,Beverages & Dairy,84,2025-08-04,81,25515.0,210.0,315.0,65,48,59,92,92,58,66.0,18.71,70.88,21.1,0.298,0.985,0,0.0,0,32,-0.6631,-0.7485
SKU-BEV-005,Roasted Almond Badam Milk Mix 500g,Beverages & Dairy,85,2025-08-11,117,36855.0,210.0,315.0,81,65,48,59,94,117,63.25,13.77,69.5,19.85,0.286,1.281,0,0.0,1,33,-0.7485,-0.6631
SKU-BEV-005,Roasted Almond Badam Milk Mix 500g,Beverages & Dairy,86,2025-08-18,123,32933.25,210.0,315.0,117,81,65,48,77,56,77.75,29.43,72.38,24.92,0.344,1.505,1,0.15,0,34,-0.823,-0.5681
SKU-BEV-005,Roasted Almond Badam Milk Mix 500g,Beverages & Dairy,87,2025-08-25,62,19530.0,210.0,315.0,123,117,81,65,40,73,96.5,28.02,78.12,30.76,0.394,1.275,0,0.0,0,35,-0.8855,-0.4647
SKU-BEV-005,Roasted Almond Badam Milk Mix 500g,Beverages & Dairy,88,2025-09-01,86,27090.0,210.0,315.0,62,123,117,81,92,30,95.75,29.16,80.88,27.7,0.342,0.648,0,0.0,0,36,-0.935,-0.3546
SKU-BEV-005,Roasted Almond Badam Milk Mix 500g,Beverages & Dairy,89,2025-09-08,58,18270.0,210.0,315.0,86,62,123,117,59,117,97.0,28.41,80.12,27.44,0.342,0.887,0,0.0,0,37,-0.9709,-0.2393
SKU-BEV-005,Roasted Almond Badam Milk Mix 500g,Beverages & Dairy,90,2025-09-15,56,17640.0,210.0,315.0,58,86,62,123,48,49,82.25,29.85,80.0,27.55,0.344,0.705,0,0.0,0,38,-0.9927,-0.1205
SKU-BEV-005,Roasted Almond Badam Milk Mix 500g,Beverages & Dairy,91,2025-09-22,66,20790.0,210.0,315.0,56,58,86,62,65,28,65.5,13.89,81.0,26.34,0.325,0.855,0,0.0,0,39,-1.0,-0.0
SKU-BEV-005,Roasted Almond Badam Milk Mix 500g,Beverages & Dairy,92,2025-09-29,74,23310.0,210.0,315.0,66,56,58,86,81,75,66.5,13.7,81.12,26.25,0.324,0.992,0,0.0,0,40,-0.9927,0.1205
SKU-BEV-005,Roasted Almond Badam Milk Mix 500g,Beverages & Dairy,93,2025-10-06,111,29720.25,210.0,315.0,74,66,56,58,117,116,63.5,8.23,80.25,26.38,0.329,1.165,1,0.15,1,41,-0.9709,0.2393
SKU-BEV-005,Roasted Almond Badam Milk Mix 500g,Beverages & Dairy,94,2025-10-13,89,28035.0,210.0,315.0,111,74,66,56,123,99,76.75,23.99,79.5,25.24,0.318,1.446,0,0.0,0,42,-0.935,0.3546
SKU-BEV-005,Roasted Almond Badam Milk Mix 500g,Beverages & Dairy,95,2025-10-20,76,23940.0,210.0,315.0,89,111,74,66,62,62,85.0,19.78,75.25,18.95,0.252,1.047,0,0.0,0,43,-0.8855,0.4647
SKU-BEV-005,Roasted Almond Badam Milk Mix 500g,Beverages & Dairy,96,2025-10-27,167,52605.0,210.0,315.0,76,89,111,74,86,192,87.5,17.02,77.0,18.18,0.236,0.869,0,0.0,1,44,-0.823,0.5681
SKU-BEV-005,Roasted Almond Badam Milk Mix 500g,Beverages & Dairy,97,2025-11-03,46,14490.0,210.0,315.0,167,76,89,111,58,66,110.75,40.19,87.12,36.86,0.423,1.508,0,0.0,0,45,-0.7485,0.6631
SKU-BEV-005,Roasted Almond Badam Milk Mix 500g,Beverages & Dairy,98,2025-11-10,60,18900.0,210.0,315.0,46,167,76,89,56,57,94.5,51.58,85.62,38.43,0.449,0.487,0,0.0,0,46,-0.6631,0.7485
SKU-BEV-005,Roasted Almond Badam Milk Mix 500g,Beverages & Dairy,99,2025-11-17,78,24570.0,210.0,315.0,60,46,167,76,66,78,87.25,54.56,86.12,38.01,0.441,0.688,0,0.0,0,47,-0.5681,0.823
SKU-BEV-005,Roasted Almond Badam Milk Mix 500g,Beverages & Dairy,100,2025-11-24,108,28917.0,210.0,315.0,78,60,46,167,74,75,87.75,54.43,87.62,37.34,0.426,0.889,1,0.15,0,48,-0.4647,0.8855
SKU-BEV-005,Roasted Almond Badam Milk Mix 500g,Beverages & Dairy,101,2025-12-01,63,19845.0,210.0,315.0,108,78,60,46,111,88,73.0,26.76,91.88,37.5,0.408,1.479,0,0.0,0,49,-0.3546,0.935
SKU-BEV-005,Roasted Almond Badam Milk Mix 500g,Beverages & Dairy,102,2025-12-08,45,14175.0,210.0,315.0,63,108,78,60,89,86,77.25,21.96,85.88,37.84,0.441,0.816,0,0.0,0,50,-0.2393,0.9709
SKU-BEV-005,Roasted Almond Badam Milk Mix 500g,Beverages & Dairy,103,2025-12-15,136,42840.0,210.0,315.0,45,63,108,78,76,108,73.5,26.66,80.38,40.43,0.503,0.612,0,0.0,1,51,-0.1205,0.9927
SKU-BEV-005,Roasted Almond Badam Milk Mix 500g,Beverages & Dairy,104,2025-12-22,89,28035.0,210.0,315.0,136,45,63,108,167,16,88.0,41.55,87.88,44.83,0.51,1.545,0,0.0,0,52,-0.0,1.0
SKU-BEV-006,Tender Coconut Water Tetrapack 200ml (12-pk),Beverages & Dairy,1,2024-01-01,87,36540.0,280.0,420.0,87,87,87,87,87,87,87.0,0.0,87.0,0.0,0.0,1.0,0,0.0,0,1,0.1205,0.9927
SKU-BEV-006,Tender Coconut Water Tetrapack 200ml (12-pk),Beverages & Dairy,2,2024-01-08,81,34020.0,280.0,420.0,87,87,87,87,87,87,87.0,0.0,87.0,0.0,0.0,1.0,0,0.0,0,2,0.2393,0.9709
SKU-BEV-006,Tender Coconut Water Tetrapack 200ml (12-pk),Beverages & Dairy,3,2024-01-15,102,36414.0,280.0,420.0,81,87,87,87,87,87,84.0,4.24,84.0,4.24,0.051,0.964,1,0.15,1,3,0.3546,0.935
SKU-BEV-006,Tender Coconut Water Tetrapack 200ml (12-pk),Beverages & Dairy,4,2024-01-22,146,61320.0,280.0,420.0,102,81,87,87,87,87,90.0,10.82,90.0,10.82,0.12,1.133,0,0.0,0,4,0.4647,0.8855
SKU-BEV-006,Tender Coconut Water Tetrapack 200ml (12-pk),Beverages & Dairy,5,2024-01-29,142,59640.0,280.0,420.0,146,102,81,87,87,87,104.0,29.36,104.0,29.36,0.282,1.404,0,0.0,0,5,0.5681,0.823
SKU-BEV-006,Tender Coconut Water Tetrapack 200ml (12-pk),Beverages & Dairy,6,2024-02-05,136,57120.0,280.0,420.0,142,146,102,81,81,81,117.75,31.54,111.6,30.58,0.274,1.206,0,0.0,0,6,0.6631,0.7485
SKU-BEV-006,Tender Coconut Water Tetrapack 200ml (12-pk),Beverages & Dairy,7,2024-02-12,146,61320.0,280.0,420.0,136,142,146,102,102,102,131.5,20.09,115.67,29.11,0.252,1.034,0,0.0,0,7,0.7485,0.6631
SKU-BEV-006,Tender Coconut Water Tetrapack 200ml (12-pk),Beverages & Dairy,8,2024-02-19,96,40320.0,280.0,420.0,146,136,142,146,146,146,142.5,4.73,120.0,28.94,0.241,1.025,0,0.0,0,8,0.823,0.5681
SKU-BEV-006,Tender Coconut Water Tetrapack 200ml (12-pk),Beverages & Dairy,9,2024-02-26,140,58800.0,280.0,420.0,96,146,136,142,87,87,130.0,23.04,117.0,28.11,0.24,0.738,0,0.0,0,9,0.8855,0.4647
SKU-BEV-006,Tender Coconut Water Tetrapack 200ml (12-pk),Beverages & Dairy,10,2024-03-04,94,33558.0,280.0,420.0,140,96,146,136,81,81,129.5,22.71,123.62,26.21,0.212,1.081,1,0.15,0,10,0.935,0.3546
SKU-BEV-006,Tender Coconut Water Tetrapack 200ml (12-pk),Beverages & Dairy,11,2024-03-11,153,64260.0,280.0,420.0,94,140,96,146,102,102,119.0,27.83,125.25,23.44,0.187,0.79,0,0.0,1,11,0.9709,0.2393
SKU-BEV-006,Tender Coconut Water Tetrapack 200ml (12-pk),Beverages & Dairy,12,2024-03-18,134,56280.0,280.0,420.0,153,94,140,96,146,146,120.75,30.21,131.62,23.15,0.176,1.267,0,0.0,0,12,0.9927,0.1205
SKU-BEV-006,Tender Coconut Water Tetrapack 200ml (12-pk),Beverages & Dairy,13,2024-03-25,228,95760.0,280.0,420.0,134,153,94,140,142,142,130.25,25.43,130.12,22.47,0.173,1.029,0,0.0,0,13,1.0,0.0
SKU-BEV-006,Tender Coconut Water Tetrapack 200ml (12-pk),Beverages & Dairy,14,2024-04-01,166,69720.0,280.0,420.0,228,134,153,94,136,136,152.25,56.17,140.88,41.48,0.294,1.498,0,0.0,0,14,0.9927,-0.1205
SKU-BEV-006,Tender Coconut Water Tetrapack 200ml (12-pk),Beverages & Dairy,15,2024-04-08,210,88200.0,280.0,420.0,166,228,134,153,146,146,170.25,40.68,144.62,42.33,0.293,0.975,0,0.0,0,15,0.9709,-0.2393
SKU-BEV-006,Tender Coconut Water Tetrapack 200ml (12-pk),Beverages & Dairy,16,2024-04-15,188,78960.0,280.0,420.0,210,166,228,134,96,96,184.5,42.56,152.62,48.26,0.316,1.138,0,0.0,0,16,0.935,-0.3546
SKU-BEV-006,Tender Coconut Water Tetrapack 200ml (12-pk),Beverages & Dairy,17,2024-04-22,191,68187.0,280.0,420.0,188,210,166,228,140,140,198.0,26.88,164.12,43.57,0.265,0.949,1,0.15,0,17,0.8855,-0.4647
SKU-BEV-006,Tender Coconut Water Tetrapack 200ml (12-pk),Beverages & Dairy,18,2024-04-29,270,113400.0,280.0,420.0,191,188,210,166,94,94,188.75,18.03,170.5,43.27,0.254,1.012,0,0.0,1,18,0.823,-0.5681
SKU-BEV-006,Tender Coconut Water Tetrapack 200ml (12-pk),Beverages & Dairy,19,2024-05-06,37,15540.0,280.0,420.0,270,191,188,210,153,153,214.75,38.1,192.5,43.56,0.226,1.257,0,0.0,0,19,0.7485,-0.6631
SKU-BEV-006,Tender Coconut Water Tetrapack 200ml (12-pk),Beverages & Dairy,20,2024-05-13,202,84840.0,280.0,420.0,37,270,191,188,134,134,171.5,97.37,178.0,69.92,0.393,0.216,0,0.0,0,20,0.6631,-0.7485
SKU-BEV-006,Tender Coconut Water Tetrapack 200ml (12-pk),Beverages & Dairy,21,2024-05-20,108,45360.0,280.0,420.0,202,37,270,191,228,228,175.0,98.41,186.5,67.91,0.364,1.154,0,0.0,0,21,0.5681,-0.823
SKU-BEV-006,Tender Coconut Water Tetrapack 200ml (12-pk),Beverages & Dairy,22,2024-05-27,129,54180.0,280.0,420.0,108,202,37,270,166,166,154.25,102.57,171.5,70.63,0.412,0.7,0,0.0,0,22,0.4647,-0.8855
SKU-BEV-006,Tender Coconut Water Tetrapack 200ml (12-pk),Beverages & Dairy,23,2024-06-03,154,64680.0,280.0,420.0,129,108,202,37,210,210,119.0,67.91,166.88,72.23,0.433,1.084,0,0.0,0,23,0.3546,-0.935
SKU-BEV-006,Tender Coconut Water Tetrapack 200ml (12-pk),Beverages & Dairy,24,2024-06-10,199,71043.0,280.0,420.0,154,129,108,202,188,188,148.25,40.47,159.88,70.14,0.439,1.039,1,0.15,0,24,0.2393,-0.9709
SKU-BEV-006,Tender Coconut Water Tetrapack 200ml (12-pk),Beverages & Dairy,25,2024-06-17,103,43260.0,280.0,420.0,199,154,129,108,191,191,147.5,39.15,161.25,70.88,0.44,1.349,0,0.0,0,25,0.1205,-0.9927
SKU-BEV-006,Tender Coconut Water Tetrapack 200ml (12-pk),Beverages & Dairy,26,2024-06-24,165,69300.0,280.0,420.0,103,199,154,129,270,270,146.25,40.87,150.25,72.41,0.482,0.704,0,0.0,0,26,0.0,-1.0
SKU-BEV-006,Tender Coconut Water Tetrapack 200ml (12-pk),Beverages & Dairy,27,2024-07-01,195,81900.0,280.0,420.0,165,103,199,154,37,37,155.25,39.75,137.12,55.04,0.401,1.063,0,0.0,0,27,-0.1205,-0.9927
SKU-BEV-006,Tender Coconut Water Tetrapack 200ml (12-pk),Beverages & Dairy,28,2024-07-08,148,62160.0,280.0,420.0,195,165,103,199,202,202,165.5,44.34,156.88,40.37,0.257,1.178,0,0.0,1,28,-0.2393,-0.9709
SKU-BEV-006,Tender Coconut Water Tetrapack 200ml (12-pk),Beverages & Dairy,29,2024-07-15,177,74340.0,280.0,420.0,148,195,165,103,108,108,152.75,38.44,150.12,36.03,0.24,0.969,0,0.0,0,29,-0.3546,-0.935
SKU-BEV-006,Tender Coconut Water Tetrapack 200ml (12-pk),Beverages & Dairy,30,2024-07-22,146,61320.0,280.0,420.0,177,148,195,165,129,129,171.25,19.81,158.75,32.6,0.205,1.034,0,0.0,0,30,-0.4647,-0.8855
SKU-BEV-006,Tender Coconut Water Tetrapack 200ml (12-pk),Beverages & Dairy,31,2024-07-29,77,27489.0,280.0,420.0,146,177,148,195,154,154,166.5,23.7,160.88,30.89,0.192,0.877,1,0.15,0,31,-0.5681,-0.823
SKU-BEV-006,Tender Coconut Water Tetrapack 200ml (12-pk),Beverages & Dairy,32,2024-08-05,100,42000.0,280.0,420.0,77,146,177,148,199,199,137.0,42.43,151.25,42.97,0.284,0.562,0,0.0,0,32,-0.6631,-0.7485
SKU-BEV-006,Tender Coconut Water Tetrapack 200ml (12-pk),Beverages & Dairy,33,2024-08-12,78,32760.0,280.0,420.0,100,77,146,177,103,103,125.0,45.0,138.88,41.48,0.299,0.8,0,0.0,1,33,-0.7485,-0.6631
SKU-BEV-006,Tender Coconut Water Tetrapack 200ml (12-pk),Beverages & Dairy,34,2024-08-19,75,31500.0,280.0,420.0,78,100,77,146,165,165,100.25,32.29,135.75,45.34,0.334,0.778,0,0.0,0,34,-0.823,-0.5681
SKU-BEV-006,Tender Coconut Water Tetrapack 200ml (12-pk),Beverages & Dairy,35,2024-08-26,62,26040.0,280.0,420.0,75,78,100,77,195,195,82.5,11.73,124.5,48.12,0.387,0.909,0,0.0,0,35,-0.8855,-0.4647
SKU-BEV-006,Tender Coconut Water Tetrapack 200ml (12-pk),Beverages & Dairy,36,2024-09-02,147,61740.0,280.0,420.0,62,75,78,100,148,148,78.75,15.78,107.88,42.99,0.398,0.787,0,0.0,0,36,-0.935,-0.3546
SKU-BEV-006,Tender Coconut Water Tetrapack 200ml (12-pk),Beverages & Dairy,37,2024-09-09,109,45780.0,280.0,420.0,147,62,75,78,177,177,90.5,38.3,107.75,42.85,0.398,1.624,0,0.0,0,37,-0.9709,-0.2393
SKU-BEV-006,Tender Coconut Water Tetrapack 200ml (12-pk),Beverages & Dairy,38,2024-09-16,165,58905.0,280.0,420.0,109,147,62,75,146,146,98.25,38.06,99.25,32.7,0.329,1.109,1,0.15,0,38,-0.9927,-0.1205
SKU-BEV-006,Tender Coconut Water Tetrapack 200ml (12-pk),Beverages & Dairy,39,2024-09-23,110,46200.0,280.0,420.0,165,109,147,62,77,77,120.75,45.6,101.62,36.99,0.364,1.366,0,0.0,0,39,-1.0,-0.0
SKU-BEV-006,Tender Coconut Water Tetrapack 200ml (12-pk),Beverages & Dairy,40,2024-09-30,107,44940.0,280.0,420.0,110,165,109,147,100,100,132.75,27.84,105.75,35.66,0.337,0.829,0,0.0,0,40,-0.9927,0.1205
SKU-BEV-006,Tender Coconut Water Tetrapack 200ml (12-pk),Beverages & Dairy,41,2024-10-07,147,61740.0,280.0,420.0,107,110,165,109,78,78,122.75,28.19,106.62,35.59,0.334,0.872,0,0.0,1,41,-0.9709,0.2393
SKU-BEV-006,Tender Coconut Water Tetrapack 200ml (12-pk),Beverages & Dairy,42,2024-10-14,165,69300.0,280.0,420.0,147,107,110,165,75,75,132.25,28.42,115.25,36.02,0.313,1.112,0,0.0,0,42,-0.935,0.3546
SKU-BEV-006,Tender Coconut Water Tetrapack 200ml (12-pk),Beverages & Dairy,43,2024-10-21,166,69720.0,280.0,420.0,165,147,107,110,62,62,132.25,28.42,126.5,35.71,0.282,1.248,0,0.0,0,43,-0.8855,0.4647
SKU-BEV-006,Tender Coconut Water Tetrapack 200ml (12-pk),Beverages & Dairy,44,2024-10-28,139,58380.0,280.0,420.0,166,165,147,107,147,147,146.25,27.58,139.5,26.65,0.191,1.135,0,0.0,1,44,-0.823,0.5681
SKU-BEV-006,Tender Coconut Water Tetrapack 200ml (12-pk),Beverages & Dairy,45,2024-11-04,131,46767.0,280.0,420.0,139,166,165,147,109,109,154.25,13.4,138.5,26.48,0.191,0.901,1,0.15,0,45,-0.7485,0.6631
SKU-BEV-006,Tender Coconut Water Tetrapack 200ml (12-pk),Beverages & Dairy,46,2024-11-11,161,67620.0,280.0,420.0,131,139,166,165,165,165,150.25,17.91,141.25,24.0,0.17,0.872,0,0.0,0,46,-0.6631,0.7485
SKU-BEV-006,Tender Coconut Water Tetrapack 200ml (12-pk),Beverages & Dairy,47,2024-11-18,158,66360.0,280.0,420.0,161,131,139,166,110,110,149.25,16.9,140.75,23.47,0.167,1.079,0,0.0,0,47,-0.5681,0.823
SKU-BEV-006,Tender Coconut Water Tetrapack 200ml (12-pk),Beverages & Dairy,48,2024-11-25,152,63840.0,280.0,420.0,158,161,131,139,107,107,147.25,14.57,146.75,20.43,0.139,1.073,0,0.0,0,48,-0.4647,0.8855
SKU-BEV-006,Tender Coconut Water Tetrapack 200ml (12-pk),Beverages & Dairy,49,2024-12-02,33,13860.0,280.0,420.0,152,158,161,131,147,147,150.5,13.53,152.38,12.63,0.083,1.01,0,0.0,0,49,-0.3546,0.935
SKU-BEV-006,Tender Coconut Water Tetrapack 200ml (12-pk),Beverages & Dairy,50,2024-12-09,145,60900.0,280.0,420.0,33,152,158,161,165,165,126.0,62.11,138.12,44.26,0.32,0.262,0,0.0,0,50,-0.2393,0.9709
SKU-BEV-006,Tender Coconut Water Tetrapack 200ml (12-pk),Beverages & Dairy,51,2024-12-16,164,68880.0,280.0,420.0,145,33,152,158,166,166,122.0,59.57,135.62,43.07,0.318,1.189,0,0.0,1,51,-0.1205,0.9927
SKU-BEV-006,Tender Coconut Water Tetrapack 200ml (12-pk),Beverages & Dairy,52,2024-12-23,243,86751.0,280.0,420.0,164,145,33,152,139,139,123.5,60.84,135.38,42.88,0.317,1.328,1,0.15,0,52,-0.0,1.0
SKU-BEV-006,Tender Coconut Water Tetrapack 200ml (12-pk),Beverages & Dairy,53,2024-12-30,161,67620.0,280.0,420.0,243,164,145,33,131,87,146.25,86.61,148.38,57.43,0.387,1.662,0,0.0,0,1,0.1205,0.9927
SKU-BEV-006,Tender Coconut Water Tetrapack 200ml (12-pk),Beverages & Dairy,54,2025-01-06,224,94080.0,280.0,420.0,161,243,164,145,161,81,178.25,43.96,152.12,57.11,0.375,0.903,0,0.0,0,2,0.2393,0.9709
SKU-BEV-006,Tender Coconut Water Tetrapack 200ml (12-pk),Beverages & Dairy,55,2025-01-13,138,57960.0,280.0,420.0,224,161,243,164,158,102,198.0,41.74,160.0,62.59,0.391,1.131,0,0.0,1,3,0.3546,0.935
SKU-BEV-006,Tender Coconut Water Tetrapack 200ml (12-pk),Beverages & Dairy,56,2025-01-20,116,48720.0,280.0,420.0,138,224,161,243,152,146,191.5,50.0,157.5,63.08,0.401,0.721,0,0.0,0,4,0.4647,0.8855
SKU-BEV-006,Tender Coconut Water Tetrapack 200ml (12-pk),Beverages & Dairy,57,2025-01-27,43,18060.0,280.0,420.0,116,138,224,161,33,142,159.75,46.61,153.0,64.79,0.423,0.726,0,0.0,0,5,0.5681,0.823
SKU-BEV-006,Tender Coconut Water Tetrapack 200ml (12-pk),Beverages & Dairy,58,2025-02-03,121,50820.0,280.0,420.0,43,116,138,224,145,136,130.25,74.53,154.25,62.19,0.403,0.33,0,0.0,0,6,0.6631,0.7485
SKU-BEV-006,Tender Coconut Water Tetrapack 200ml (12-pk),Beverages & Dairy,59,2025-02-10,192,68544.0,280.0,420.0,121,43,116,138,164,146,104.5,42.07,151.25,63.27,0.418,1.158,1,0.15,0,7,0.7485,0.6631
SKU-BEV-006,Tender Coconut Water Tetrapack 200ml (12-pk),Beverages & Dairy,60,2025-02-17,126,52920.0,280.0,420.0,192,121,43,116,243,96,118.0,60.87,154.75,64.83,0.419,1.627,0,0.0,0,8,0.823,0.5681
SKU-BEV-006,Tender Coconut Water Tetrapack 200ml (12-pk),Beverages & Dairy,61,2025-02-24,131,55020.0,280.0,420.0,126,192,121,43,161,140,120.5,60.96,140.12,54.44,0.389,1.046,0,0.0,0,9,0.8855,0.4647
SKU-BEV-006,Tender Coconut Water Tetrapack 200ml (12-pk),Beverages & Dairy,62,2025-03-03,174,73080.0,280.0,420.0,131,126,192,121,224,94,142.5,33.25,136.38,53.83,0.395,0.919,0,0.0,0,10,0.935,0.3546
SKU-BEV-006,Tender Coconut Water Tetrapack 200ml (12-pk),Beverages & Dairy,63,2025-03-10,125,52500.0,280.0,420.0,174,131,126,192,138,153,155.75,32.38,130.12,44.25,0.34,1.117,0,0.0,1,11,0.9709,0.2393
SKU-BEV-006,Tender Coconut Water Tetrapack 200ml (12-pk),Beverages & Dairy,64,2025-03-17,81,34020.0,280.0,420.0,125,174,131,126,116,134,139.0,23.48,128.5,44.16,0.344,0.899,0,0.0,0,12,0.9927,0.1205
SKU-BEV-006,Tender Coconut Water Tetrapack 200ml (12-pk),Beverages & Dairy,65,2025-03-24,110,46200.0,280.0,420.0,81,125,174,131,43,228,127.75,38.05,124.12,47.2,0.38,0.634,0,0.0,0,13,1.0,0.0
SKU-BEV-006,Tender Coconut Water Tetrapack 200ml (12-pk),Beverages & Dairy,66,2025-03-31,294,104958.0,280.0,420.0,110,81,125,174,121,166,122.5,38.89,132.5,35.16,0.265,0.898,1,0.15,0,14,0.9927,-0.1205
SKU-BEV-006,Tender Coconut Water Tetrapack 200ml (12-pk),Beverages & Dairy,67,2025-04-07,86,36120.0,280.0,420.0,294,110,81,125,192,210,152.5,96.09,154.12,66.4,0.431,1.928,0,0.0,0,15,0.9709,-0.2393
SKU-BEV-006,Tender Coconut Water Tetrapack 200ml (12-pk),Beverages & Dairy,68,2025-04-14,180,75600.0,280.0,420.0,86,294,110,81,126,188,142.75,101.62,140.88,68.31,0.485,0.602,0,0.0,0,16,0.935,-0.3546
SKU-BEV-006,Tender Coconut Water Tetrapack 200ml (12-pk),Beverages & Dairy,69,2025-04-21,189,79380.0,280.0,420.0,180,86,294,110,131,191,167.5,93.29,147.62,69.29,0.469,1.075,0,0.0,0,17,0.8855,-0.4647
SKU-BEV-006,Tender Coconut Water Tetrapack 200ml (12-pk),Beverages & Dairy,70,2025-04-28,194,81480.0,280.0,420.0,189,180,86,294,174,270,187.25,85.05,154.88,70.33,0.454,1.009,0,0.0,1,18,0.823,-0.5681
SKU-BEV-006,Tender Coconut Water Tetrapack 200ml (12-pk),Beverages & Dairy,71,2025-05-05,141,59220.0,280.0,420.0,194,189,180,86,125,37,162.25,51.16,157.38,71.45,0.454,1.196,0,0.0,0,19,0.7485,-0.6631
SKU-BEV-006,Tender Coconut Water Tetrapack 200ml (12-pk),Beverages & Dairy,72,2025-05-12,208,87360.0,280.0,420.0,141,194,189,180,81,202,176.0,24.04,159.38,70.64,0.443,0.801,0,0.0,0,20,0.6631,-0.7485
SKU-BEV-006,Tender Coconut Water Tetrapack 200ml (12-pk),Beverages & Dairy,73,2025-05-19,213,76041.0,280.0,420.0,208,141,194,189,110,108,183.0,29.13,175.25,64.51,0.368,1.137,1,0.15,0,21,0.5681,-0.823
SKU-BEV-006,Tender Coconut Water Tetrapack 200ml (12-pk),Beverages & Dairy,74,2025-05-26,207,86940.0,280.0,420.0,213,208,141,194,294,129,189.0,32.99,188.12,59.73,0.318,1.127,0,0.0,0,22,0.4647,-0.8855
SKU-BEV-006,Tender Coconut Water Tetrapack 200ml (12-pk),Beverages & Dairy,75,2025-06-02,255,107100.0,280.0,420.0,207,213,208,141,86,154,192.25,34.27,177.25,43.38,0.245,1.077,0,0.0,0,23,0.3546,-0.935
SKU-BEV-006,Tender Coconut Water Tetrapack 200ml (12-pk),Beverages & Dairy,76,2025-06-09,78,32760.0,280.0,420.0,255,207,213,208,180,199,220.75,22.98,198.38,32.35,0.163,1.155,0,0.0,0,24,0.2393,-0.9709
SKU-BEV-006,Tender Coconut Water Tetrapack 200ml (12-pk),Beverages & Dairy,77,2025-06-16,170,71400.0,280.0,420.0,78,255,207,213,189,103,188.25,76.54,185.62,53.69,0.289,0.414,0,0.0,0,25,0.1205,-0.9927
SKU-BEV-006,Tender Coconut Water Tetrapack 200ml (12-pk),Beverages & Dairy,78,2025-06-23,93,39060.0,280.0,420.0,170,78,255,207,194,165,177.5,74.91,183.25,53.94,0.294,0.958,0,0.0,0,26,0.0,-1.0
SKU-BEV-006,Tender Coconut Water Tetrapack 200ml (12-pk),Beverages & Dairy,79,2025-06-30,162,68040.0,280.0,420.0,93,170,78,255,141,195,149.0,81.35,170.62,62.24,0.365,0.624,0,0.0,0,27,-0.1205,-0.9927
SKU-BEV-006,Tender Coconut Water Tetrapack 200ml (12-pk),Beverages & Dairy,80,2025-07-07,243,86751.0,280.0,420.0,162,93,170,78,208,148,125.75,46.99,173.25,61.25,0.354,1.288,1,0.15,1,28,-0.2393,-0.9709
SKU-BEV-006,Tender Coconut Water Tetrapack 200ml (12-pk),Beverages & Dairy,81,2025-07-14,145,60900.0,280.0,420.0,243,162,93,170,213,177,167.0,61.34,177.62,65.21,0.367,1.455,0,0.0,0,29,-0.3546,-0.935
SKU-BEV-006,Tender Coconut Water Tetrapack 200ml (12-pk),Beverages & Dairy,82,2025-07-21,183,76860.0,280.0,420.0,145,243,162,93,207,146,160.75,62.2,169.12,64.36,0.381,0.902,0,0.0,0,30,-0.4647,-0.8855
SKU-BEV-006,Tender Coconut Water Tetrapack 200ml (12-pk),Beverages & Dairy,83,2025-07-28,171,71820.0,280.0,420.0,183,145,243,162,255,77,183.25,42.76,166.12,62.89,0.379,0.999,0,0.0,0,31,-0.5681,-0.823
SKU-BEV-006,Tender Coconut Water Tetrapack 200ml (12-pk),Beverages & Dairy,84,2025-08-04,203,85260.0,280.0,420.0,171,183,145,243,78,100,185.5,41.48,155.62,52.0,0.334,0.922,0,0.0,0,32,-0.6631,-0.7485
SKU-BEV-006,Tender Coconut Water Tetrapack 200ml (12-pk),Beverages & Dairy,85,2025-08-11,164,68880.0,280.0,420.0,203,171,183,145,170,78,175.5,24.24,171.25,43.41,0.254,1.157,0,0.0,1,33,-0.7485,-0.6631
SKU-BEV-006,Tender Coconut Water Tetrapack 200ml (12-pk),Beverages & Dairy,86,2025-08-18,99,41580.0,280.0,420.0,164,203,171,183,93,75,180.25,17.08,170.5,43.49,0.255,0.91,0,0.0,0,34,-0.823,-0.5681
SKU-BEV-006,Tender Coconut Water Tetrapack 200ml (12-pk),Beverages & Dairy,87,2025-08-25,217,77469.0,280.0,420.0,99,164,203,171,162,62,159.25,43.61,171.25,41.99,0.245,0.622,1,0.15,0,35,-0.8855,-0.4647
SKU-BEV-006,Tender Coconut Water Tetrapack 200ml (12-pk),Beverages & Dairy,88,2025-09-01,92,38640.0,280.0,420.0,217,99,164,203,243,147,170.75,52.83,178.12,44.67,0.251,1.271,0,0.0,0,36,-0.935,-0.3546
SKU-BEV-006,Tender Coconut Water Tetrapack 200ml (12-pk),Beverages & Dairy,89,2025-09-08,193,81060.0,280.0,420.0,92,217,99,164,145,109,143.0,59.03,159.25,45.24,0.284,0.643,0,0.0,0,37,-0.9709,-0.2393
SKU-BEV-006,Tender Coconut Water Tetrapack 200ml (12-pk),Beverages & Dairy,90,2025-09-15,151,63420.0,280.0,420.0,193,92,217,99,183,165,150.25,64.04,165.25,46.26,0.28,1.285,0,0.0,0,38,-0.9927,-0.1205
SKU-BEV-006,Tender Coconut Water Tetrapack 200ml (12-pk),Beverages & Dairy,91,2025-09-22,196,82320.0,280.0,420.0,151,193,92,217,171,110,163.25,54.77,161.25,45.88,0.285,0.925,0,0.0,0,39,-1.0,-0.0
SKU-BEV-006,Tender Coconut Water Tetrapack 200ml (12-pk),Beverages & Dairy,92,2025-09-29,176,73920.0,280.0,420.0,196,151,193,92,203,107,158.0,48.56,164.38,47.47,0.289,1.241,0,0.0,0,40,-0.9927,0.1205
SKU-BEV-006,Tender Coconut Water Tetrapack 200ml (12-pk),Beverages & Dairy,93,2025-10-06,123,51660.0,280.0,420.0,176,196,151,193,164,147,179.0,20.64,161.0,45.24,0.281,0.983,0,0.0,1,41,-0.9709,0.2393
SKU-BEV-006,Tender Coconut Water Tetrapack 200ml (12-pk),Beverages & Dairy,94,2025-10-13,268,95676.0,280.0,420.0,123,176,196,151,99,165,161.5,31.59,155.88,47.13,0.302,0.762,1,0.15,0,42,-0.935,0.3546
SKU-BEV-006,Tender Coconut Water Tetrapack 200ml (12-pk),Beverages & Dairy,95,2025-10-20,111,46620.0,280.0,420.0,268,123,176,196,217,166,190.75,60.01,177.0,55.18,0.312,1.405,0,0.0,0,43,-0.8855,0.4647
SKU-BEV-006,Tender Coconut Water Tetrapack 200ml (12-pk),Beverages & Dairy,96,2025-10-27,216,90720.0,280.0,420.0,111,268,123,176,92,139,169.5,71.48,163.75,56.91,0.348,0.655,0,0.0,1,44,-0.823,0.5681
SKU-BEV-006,Tender Coconut Water Tetrapack 200ml (12-pk),Beverages & Dairy,97,2025-11-03,155,65100.0,280.0,420.0,216,111,268,123,193,131,179.5,75.39,179.25,51.17,0.285,1.203,0,0.0,0,45,-0.7485,0.6631
SKU-BEV-006,Tender Coconut Water Tetrapack 200ml (12-pk),Beverages & Dairy,98,2025-11-10,221,92820.0,280.0,420.0,155,216,111,268,151,161,187.5,68.8,174.5,51.47,0.295,0.827,0,0.0,0,46,-0.6631,0.7485
SKU-BEV-006,Tender Coconut Water Tetrapack 200ml (12-pk),Beverages & Dairy,99,2025-11-17,138,57960.0,280.0,420.0,221,155,216,111,196,158,175.75,52.57,183.25,52.84,0.288,1.257,0,0.0,0,47,-0.5681,0.823
SKU-BEV-006,Tender Coconut Water Tetrapack 200ml (12-pk),Beverages & Dairy,100,2025-11-24,154,64680.0,280.0,420.0,138,221,155,216,176,152,182.5,42.19,176.0,54.78,0.311,0.756,0,0.0,0,48,-0.4647,0.8855
SKU-BEV-006,Tender Coconut Water Tetrapack 200ml (12-pk),Beverages & Dairy,101,2025-12-01,202,72114.0,280.0,420.0,154,138,221,155,123,33,167.0,36.83,173.25,55.33,0.319,0.922,1,0.15,0,49,-0.3546,0.935
SKU-BEV-006,Tender Coconut Water Tetrapack 200ml (12-pk),Beverages & Dairy,102,2025-12-08,165,69300.0,280.0,420.0,202,154,138,221,268,145,178.75,39.15,183.12,52.03,0.284,1.13,0,0.0,0,50,-0.2393,0.9709
SKU-BEV-006,Tender Coconut Water Tetrapack 200ml (12-pk),Beverages & Dairy,103,2025-12-15,238,99960.0,280.0,420.0,165,202,154,138,111,164,164.75,27.2,170.25,39.19,0.23,1.002,0,0.0,1,51,-0.1205,0.9927
SKU-BEV-006,Tender Coconut Water Tetrapack 200ml (12-pk),Beverages & Dairy,104,2025-12-22,200,84000.0,280.0,420.0,238,165,202,154,216,243,189.75,38.16,186.12,37.44,0.201,1.254,0,0.0,0,52,-0.0,1.0
SKU-GRO-001,Royal Basmati Rice 5kg,Staples & Groceries,1,2024-01-01,139,83261.0,420.0,599.0,139,139,139,139,139,139,139.0,0.0,139.0,0.0,0.0,1.0,0,0.0,0,1,0.1205,0.9927
SKU-GRO-001,Royal Basmati Rice 5kg,Staples & Groceries,2,2024-01-08,127,76073.0,420.0,599.0,139,139,139,139,139,139,139.0,0.0,139.0,0.0,0.0,1.0,0,0.0,0,2,0.2393,0.9709
SKU-GRO-001,Royal Basmati Rice 5kg,Staples & Groceries,3,2024-01-15,217,129983.0,420.0,599.0,127,139,139,139,139,139,133.0,8.49,133.0,8.49,0.064,0.955,0,0.0,1,3,0.3546,0.935
SKU-GRO-001,Royal Basmati Rice 5kg,Staples & Groceries,4,2024-01-22,183,109617.0,420.0,599.0,217,127,139,139,139,139,161.0,48.87,161.0,48.87,0.304,1.348,0,0.0,0,4,0.4647,0.8855
SKU-GRO-001,Royal Basmati Rice 5kg,Staples & Groceries,5,2024-01-29,194,98775.1,420.0,599.0,183,217,127,139,139,139,166.5,41.39,166.5,41.39,0.249,1.099,1,0.15,0,5,0.5681,0.823
SKU-GRO-001,Royal Basmati Rice 5kg,Staples & Groceries,6,2024-02-05,131,78469.0,420.0,599.0,194,183,217,127,127,127,180.25,38.22,172.0,37.89,0.22,1.076,0,0.0,0,6,0.6631,0.7485
SKU-GRO-001,Royal Basmati Rice 5kg,Staples & Groceries,7,2024-02-12,133,79667.0,420.0,599.0,131,194,183,217,217,217,181.25,36.37,165.17,37.8,0.229,0.723,0,0.0,0,7,0.7485,0.6631
SKU-GRO-001,Royal Basmati Rice 5kg,Staples & Groceries,8,2024-02-19,140,83860.0,420.0,599.0,133,131,194,183,183,183,160.25,32.94,160.57,36.59,0.228,0.83,0,0.0,0,8,0.823,0.5681
SKU-GRO-001,Royal Basmati Rice 5kg,Staples & Groceries,9,2024-02-26,195,116805.0,420.0,599.0,140,133,131,194,139,139,149.5,29.92,158.0,34.65,0.219,0.936,0,0.0,0,9,0.8855,0.4647
SKU-GRO-001,Royal Basmati Rice 5kg,Staples & Groceries,10,2024-03-04,147,88053.0,420.0,599.0,195,140,133,131,127,127,149.75,30.41,165.0,35.89,0.218,1.302,0,0.0,0,10,0.935,0.3546
SKU-GRO-001,Royal Basmati Rice 5kg,Staples & Groceries,11,2024-03-11,149,89251.0,420.0,599.0,147,195,140,133,217,217,153.75,28.09,167.5,33.48,0.2,0.956,0,0.0,1,11,0.9709,0.2393
SKU-GRO-001,Royal Basmati Rice 5kg,Staples & Groceries,12,2024-03-18,215,109467.25,420.0,599.0,149,147,195,140,183,183,157.75,25.13,159.0,27.16,0.171,0.945,1,0.15,0,12,0.9927,0.1205
SKU-GRO-001,Royal Basmati Rice 5kg,Staples & Groceries,13,2024-03-25,255,152745.0,420.0,599.0,215,149,147,195,194,194,176.5,33.92,163.0,32.94,0.202,1.218,0,0.0,0,13,1.0,0.0
SKU-GRO-001,Royal Basmati Rice 5kg,Staples & Groceries,14,2024-04-01,156,93444.0,420.0,599.0,255,215,149,147,131,131,191.5,52.82,170.62,45.72,0.268,1.332,0,0.0,0,14,0.9927,-0.1205
SKU-GRO-001,Royal Basmati Rice 5kg,Staples & Groceries,15,2024-04-08,148,88652.0,420.0,599.0,156,255,215,149,133,133,193.75,50.43,173.75,43.42,0.25,0.805,0,0.0,0,15,0.9709,-0.2393
SKU-GRO-001,Royal Basmati Rice 5kg,Staples & Groceries,16,2024-04-15,147,88053.0,420.0,599.0,148,156,255,215,140,140,193.5,50.73,175.62,41.7,0.237,0.765,0,0.0,0,16,0.935,-0.3546
SKU-GRO-001,Royal Basmati Rice 5kg,Staples & Groceries,17,2024-04-22,213,127587.0,420.0,599.0,147,148,156,255,195,195,176.5,52.49,176.5,40.91,0.232,0.833,0,0.0,0,17,0.8855,-0.4647
SKU-GRO-001,Royal Basmati Rice 5kg,Staples & Groceries,18,2024-04-29,210,125790.0,420.0,599.0,213,147,148,156,147,147,166.0,31.59,178.75,42.54,0.238,1.283,0,0.0,1,18,0.823,-0.5681
SKU-GRO-001,Royal Basmati Rice 5kg,Staples & Groceries,19,2024-05-06,168,85537.2,420.0,599.0,210,213,147,148,149,149,179.5,36.97,186.62,41.64,0.223,1.17,1,0.15,0,19,0.7485,-0.6631
SKU-GRO-001,Royal Basmati Rice 5kg,Staples & Groceries,20,2024-05-13,165,98835.0,420.0,599.0,168,210,213,147,215,215,184.5,32.36,189.0,39.68,0.21,0.911,0,0.0,0,20,0.6631,-0.7485
SKU-GRO-001,Royal Basmati Rice 5kg,Staples & Groceries,21,2024-05-20,152,91048.0,420.0,599.0,165,168,210,213,255,255,189.0,26.04,182.75,38.93,0.213,0.873,0,0.0,0,21,0.5681,-0.823
SKU-GRO-001,Royal Basmati Rice 5kg,Staples & Groceries,22,2024-05-27,166,99434.0,420.0,599.0,152,165,168,210,156,156,173.75,25.14,169.88,26.76,0.157,0.875,0,0.0,0,22,0.4647,-0.8855
SKU-GRO-001,Royal Basmati Rice 5kg,Staples & Groceries,23,2024-06-03,179,107221.0,420.0,599.0,166,152,165,168,148,148,162.75,7.27,171.12,26.24,0.153,1.02,0,0.0,0,23,0.3546,-0.935
SKU-GRO-001,Royal Basmati Rice 5kg,Staples & Groceries,24,2024-06-10,150,89850.0,420.0,599.0,179,166,152,165,147,147,165.5,11.03,175.0,24.58,0.14,1.082,0,0.0,0,24,0.2393,-0.9709
SKU-GRO-001,Royal Basmati Rice 5kg,Staples & Groceries,25,2024-06-17,134,80266.0,420.0,599.0,150,179,166,152,213,213,161.75,13.52,175.38,24.11,0.137,0.927,0,0.0,0,25,0.1205,-0.9927
SKU-GRO-001,Royal Basmati Rice 5kg,Staples & Groceries,26,2024-06-24,177,90119.55,420.0,599.0,134,150,179,166,210,210,157.25,19.52,165.5,22.63,0.137,0.852,1,0.15,0,26,0.0,-1.0
SKU-GRO-001,Royal Basmati Rice 5kg,Staples & Groceries,27,2024-07-01,153,91647.0,420.0,599.0,177,134,150,179,168,168,160.0,21.8,161.38,15.12,0.094,1.106,0,0.0,0,27,-0.1205,-0.9927
SKU-GRO-001,Royal Basmati Rice 5kg,Staples & Groceries,28,2024-07-08,156,93444.0,420.0,599.0,153,177,134,150,165,165,153.5,17.75,159.5,15.11,0.095,0.997,0,0.0,1,28,-0.2393,-0.9709
SKU-GRO-001,Royal Basmati Rice 5kg,Staples & Groceries,29,2024-07-15,151,90449.0,420.0,599.0,156,153,177,134,152,152,155.0,17.61,158.38,14.98,0.095,1.006,0,0.0,0,29,-0.3546,-0.935
SKU-GRO-001,Royal Basmati Rice 5kg,Staples & Groceries,30,2024-07-22,154,92246.0,420.0,599.0,151,156,153,177,166,166,159.25,12.01,158.25,15.04,0.095,0.948,0,0.0,0,30,-0.4647,-0.8855
SKU-GRO-001,Royal Basmati Rice 5kg,Staples & Groceries,31,2024-07-29,96,57504.0,420.0,599.0,154,151,156,153,179,179,153.5,2.08,156.75,14.75,0.094,1.003,0,0.0,0,31,-0.5681,-0.823
SKU-GRO-001,Royal Basmati Rice 5kg,Staples & Groceries,32,2024-08-05,140,83860.0,420.0,599.0,96,154,151,156,150,150,139.25,28.91,146.38,23.48,0.16,0.689,0,0.0,0,32,-0.6631,-0.7485
SKU-GRO-001,Royal Basmati Rice 5kg,Staples & Groceries,33,2024-08-12,185,94192.75,420.0,599.0,140,96,154,151,134,134,135.25,26.85,145.12,23.52,0.162,1.035,1,0.15,1,33,-0.7485,-0.6631
SKU-GRO-001,Royal Basmati Rice 5kg,Staples & Groceries,34,2024-08-19,140,83860.0,420.0,599.0,185,140,96,154,177,177,143.75,36.97,151.5,26.76,0.177,1.287,0,0.0,0,34,-0.823,-0.5681
SKU-GRO-001,Royal Basmati Rice 5kg,Staples & Groceries,35,2024-08-26,123,73677.0,420.0,599.0,140,185,140,96,153,153,140.25,36.34,146.88,24.86,0.169,0.998,0,0.0,0,35,-0.8855,-0.4647
SKU-GRO-001,Royal Basmati Rice 5kg,Staples & Groceries,36,2024-09-02,157,94043.0,420.0,599.0,123,140,185,140,156,156,147.0,26.57,143.12,26.04,0.182,0.837,0,0.0,0,36,-0.935,-0.3546
SKU-GRO-001,Royal Basmati Rice 5kg,Staples & Groceries,37,2024-09-09,131,78469.0,420.0,599.0,157,123,140,185,151,151,151.25,26.44,143.25,26.11,0.182,1.038,0,0.0,0,37,-0.9709,-0.2393
SKU-GRO-001,Royal Basmati Rice 5kg,Staples & Groceries,38,2024-09-16,133,79667.0,420.0,599.0,131,157,123,140,154,154,137.75,14.59,140.75,26.22,0.186,0.951,0,0.0,0,38,-0.9927,-0.1205
SKU-GRO-001,Royal Basmati Rice 5kg,Staples & Groceries,39,2024-09-23,89,53311.0,420.0,599.0,133,131,157,123,96,96,136.0,14.65,138.12,25.75,0.186,0.978,0,0.0,0,39,-1.0,-0.0
SKU-GRO-001,Royal Basmati Rice 5kg,Staples & Groceries,40,2024-09-30,168,85537.2,420.0,599.0,89,133,131,157,140,140,127.5,28.25,137.25,27.45,0.2,0.698,1,0.15,0,40,-0.9927,0.1205
SKU-GRO-001,Royal Basmati Rice 5kg,Staples & Groceries,41,2024-10-07,182,109018.0,420.0,599.0,168,89,133,131,185,185,130.25,32.33,140.75,29.55,0.21,1.29,0,0.0,1,41,-0.9709,0.2393
SKU-GRO-001,Royal Basmati Rice 5kg,Staples & Groceries,42,2024-10-14,150,89850.0,420.0,599.0,182,168,89,133,140,140,143.0,41.48,140.38,28.92,0.206,1.273,0,0.0,0,42,-0.935,0.3546
SKU-GRO-001,Royal Basmati Rice 5kg,Staples & Groceries,43,2024-10-21,117,70083.0,420.0,599.0,150,182,168,89,123,123,147.25,40.98,141.62,29.12,0.206,1.019,0,0.0,0,43,-0.8855,0.4647
SKU-GRO-001,Royal Basmati Rice 5kg,Staples & Groceries,44,2024-10-28,248,148552.0,420.0,599.0,117,150,182,168,157,157,154.25,28.08,140.88,29.74,0.211,0.759,0,0.0,1,44,-0.823,0.5681
SKU-GRO-001,Royal Basmati Rice 5kg,Staples & Groceries,45,2024-11-04,135,80865.0,420.0,599.0,248,117,150,182,131,131,174.25,55.87,152.25,48.36,0.318,1.423,0,0.0,0,45,-0.7485,0.6631
SKU-GRO-001,Royal Basmati Rice 5kg,Staples & Groceries,46,2024-11-11,101,60499.0,420.0,599.0,135,248,117,150,133,133,162.5,58.57,152.75,48.13,0.315,0.831,0,0.0,0,46,-0.6631,0.7485
SKU-GRO-001,Royal Basmati Rice 5kg,Staples & Groceries,47,2024-11-18,206,104884.9,420.0,599.0,101,135,248,117,89,89,150.25,66.63,148.75,51.24,0.344,0.672,1,0.15,0,47,-0.5681,0.823
SKU-GRO-001,Royal Basmati Rice 5kg,Staples & Groceries,48,2024-11-25,149,89251.0,420.0,599.0,206,101,135,248,168,168,172.5,66.69,163.38,48.36,0.296,1.194,0,0.0,0,48,-0.4647,0.8855
SKU-GRO-001,Royal Basmati Rice 5kg,Staples & Groceries,49,2024-12-02,151,90449.0,420.0,599.0,149,206,101,135,182,182,147.75,43.75,161.0,48.57,0.302,1.008,0,0.0,0,49,-0.3546,0.935
SKU-GRO-001,Royal Basmati Rice 5kg,Staples & Groceries,50,2024-12-09,135,80865.0,420.0,599.0,151,149,206,101,150,150,151.75,42.92,157.12,47.89,0.305,0.995,0,0.0,0,50,-0.2393,0.9709
SKU-GRO-001,Royal Basmati Rice 5kg,Staples & Groceries,51,2024-12-16,153,91647.0,420.0,599.0,135,151,149,206,117,117,160.25,31.32,155.25,48.49,0.312,0.842,0,0.0,1,51,-0.1205,0.9927
SKU-GRO-001,Royal Basmati Rice 5kg,Staples & Groceries,52,2024-12-23,112,67088.0,420.0,599.0,153,135,151,149,248,248,147.0,8.16,159.75,46.05,0.288,1.041,0,0.0,0,52,-0.0,1.0
SKU-GRO-001,Royal Basmati Rice 5kg,Staples & Groceries,53,2024-12-30,156,93444.0,420.0,599.0,112,153,135,151,135,139,137.75,18.96,142.75,31.67,0.222,0.813,0,0.0,0,1,0.1205,0.9927
SKU-GRO-001,Royal Basmati Rice 5kg,Staples & Groceries,54,2025-01-06,252,128305.8,420.0,599.0,156,112,153,135,101,127,139.0,20.25,145.38,31.81,0.219,1.122,1,0.15,0,2,0.2393,0.9709
SKU-GRO-001,Royal Basmati Rice 5kg,Staples & Groceries,55,2025-01-13,123,73677.0,420.0,599.0,252,156,112,153,206,217,168.25,59.33,164.25,44.13,0.269,1.498,0,0.0,1,3,0.3546,0.935
SKU-GRO-001,Royal Basmati Rice 5kg,Staples & Groceries,56,2025-01-20,159,95241.0,420.0,599.0,123,252,156,112,149,183,160.75,63.64,153.88,42.64,0.277,0.765,0,0.0,0,4,0.4647,0.8855
SKU-GRO-001,Royal Basmati Rice 5kg,Staples & Groceries,57,2025-01-27,189,113211.0,420.0,599.0,159,123,252,156,151,194,172.5,55.45,155.12,42.63,0.275,0.922,0,0.0,0,5,0.5681,0.823
SKU-GRO-001,Royal Basmati Rice 5kg,Staples & Groceries,58,2025-02-03,186,111414.0,420.0,599.0,189,159,123,252,135,131,180.75,54.63,159.88,44.19,0.276,1.046,0,0.0,0,6,0.6631,0.7485
SKU-GRO-001,Royal Basmati Rice 5kg,Staples & Groceries,59,2025-02-10,208,124592.0,420.0,599.0,186,189,159,123,153,133,164.25,30.63,166.25,43.76,0.263,1.132,0,0.0,0,7,0.7485,0.6631
SKU-GRO-001,Royal Basmati Rice 5kg,Staples & Groceries,60,2025-02-17,203,121597.0,420.0,599.0,208,186,189,159,112,140,185.5,20.17,173.12,45.66,0.264,1.121,0,0.0,0,8,0.823,0.5681
SKU-GRO-001,Royal Basmati Rice 5kg,Staples & Groceries,61,2025-02-24,187,95211.05,420.0,599.0,203,208,186,189,156,195,196.5,10.66,184.5,39.13,0.212,1.033,1,0.15,0,9,0.8855,0.4647
SKU-GRO-001,Royal Basmati Rice 5kg,Staples & Groceries,62,2025-03-03,171,102429.0,420.0,599.0,187,203,208,186,252,147,196.0,11.17,188.38,37.4,0.199,0.954,0,0.0,0,10,0.935,0.3546
SKU-GRO-001,Royal Basmati Rice 5kg,Staples & Groceries,63,2025-03-10,219,131181.0,420.0,599.0,171,187,203,208,123,149,192.25,16.76,178.25,27.32,0.153,0.889,0,0.0,1,11,0.9709,0.2393
SKU-GRO-001,Royal Basmati Rice 5kg,Staples & Groceries,64,2025-03-17,153,91647.0,420.0,599.0,219,171,187,203,159,215,195.0,20.66,190.25,19.57,0.103,1.123,0,0.0,0,12,0.9927,0.1205
SKU-GRO-001,Royal Basmati Rice 5kg,Staples & Groceries,65,2025-03-24,145,86855.0,420.0,599.0,153,219,171,187,189,255,182.5,28.02,189.5,21.0,0.111,0.838,0,0.0,0,13,1.0,0.0
SKU-GRO-001,Royal Basmati Rice 5kg,Staples & Groceries,66,2025-03-31,199,119201.0,420.0,599.0,145,153,219,171,186,156,172.0,33.17,184.0,26.26,0.143,0.843,0,0.0,0,14,0.9927,-0.1205
SKU-GRO-001,Royal Basmati Rice 5kg,Staples & Groceries,67,2025-04-07,192,115008.0,420.0,599.0,199,145,153,219,208,148,179.0,35.74,185.62,26.8,0.144,1.112,0,0.0,0,15,0.9709,-0.2393
SKU-GRO-001,Royal Basmati Rice 5kg,Staples & Groceries,68,2025-04-14,198,100811.7,420.0,599.0,192,199,145,153,203,147,172.25,27.2,183.62,25.45,0.139,1.115,1,0.15,0,16,0.935,-0.3546
SKU-GRO-001,Royal Basmati Rice 5kg,Staples & Groceries,69,2025-04-21,199,119201.0,420.0,599.0,198,192,199,145,187,213,183.5,25.85,183.0,24.96,0.136,1.079,0,0.0,0,17,0.8855,-0.4647
SKU-GRO-001,Royal Basmati Rice 5kg,Staples & Groceries,70,2025-04-28,193,115607.0,420.0,599.0,199,198,192,199,171,210,197.0,3.37,184.5,25.59,0.139,1.01,0,0.0,1,18,0.823,-0.5681
SKU-GRO-001,Royal Basmati Rice 5kg,Staples & Groceries,71,2025-05-05,160,95840.0,420.0,599.0,193,199,198,192,219,168,195.5,3.51,187.25,25.11,0.134,0.987,0,0.0,0,19,0.7485,-0.6631
SKU-GRO-001,Royal Basmati Rice 5kg,Staples & Groceries,72,2025-05-12,199,119201.0,420.0,599.0,160,193,199,198,153,165,187.5,18.52,179.88,23.03,0.128,0.853,0,0.0,0,20,0.6631,-0.7485
SKU-GRO-001,Royal Basmati Rice 5kg,Staples & Groceries,73,2025-05-19,158,94642.0,420.0,599.0,199,160,193,199,145,152,187.75,18.71,185.62,21.02,0.113,1.06,0,0.0,0,21,0.5681,-0.823
SKU-GRO-001,Royal Basmati Rice 5kg,Staples & Groceries,74,2025-05-26,134,80266.0,420.0,599.0,158,199,160,193,199,166,177.5,21.52,187.25,17.66,0.094,0.89,0,0.0,0,22,0.4647,-0.8855
SKU-GRO-001,Royal Basmati Rice 5kg,Staples & Groceries,75,2025-06-02,214,108958.1,420.0,599.0,134,158,199,160,192,179,162.75,26.9,179.12,24.94,0.139,0.823,1,0.15,0,23,0.3546,-0.935
SKU-GRO-001,Royal Basmati Rice 5kg,Staples & Groceries,76,2025-06-09,152,91048.0,420.0,599.0,214,134,158,199,198,150,176.25,36.79,181.88,27.63,0.152,1.214,0,0.0,0,24,0.2393,-0.9709
SKU-GRO-001,Royal Basmati Rice 5kg,Staples & Groceries,77,2025-06-16,174,104226.0,420.0,599.0,152,214,134,158,199,134,164.5,34.54,176.12,28.56,0.162,0.924,0,0.0,0,25,0.1205,-0.9927
SKU-GRO-001,Royal Basmati Rice 5kg,Staples & Groceries,78,2025-06-23,154,92246.0,420.0,599.0,174,152,214,134,193,177,168.5,34.46,173.0,27.03,0.156,1.033,0,0.0,0,26,0.0,-1.0
SKU-GRO-001,Royal Basmati Rice 5kg,Staples & Groceries,79,2025-06-30,161,96439.0,420.0,599.0,154,174,152,214,160,153,173.5,28.77,168.12,26.42,0.157,0.888,0,0.0,0,27,-0.1205,-0.9927
SKU-GRO-001,Royal Basmati Rice 5kg,Staples & Groceries,80,2025-07-07,172,103028.0,420.0,599.0,161,154,174,152,199,156,160.25,9.95,168.25,26.38,0.157,1.005,0,0.0,1,28,-0.2393,-0.9709
SKU-GRO-001,Royal Basmati Rice 5kg,Staples & Groceries,81,2025-07-14,161,96439.0,420.0,599.0,172,161,154,174,158,151,165.25,9.43,164.88,23.44,0.142,1.041,0,0.0,0,29,-0.3546,-0.935
SKU-GRO-001,Royal Basmati Rice 5kg,Staples & Groceries,82,2025-07-21,260,132379.0,420.0,599.0,161,172,161,154,134,154,162.0,7.44,165.25,23.34,0.141,0.994,1,0.15,0,30,-0.4647,-0.8855
SKU-GRO-001,Royal Basmati Rice 5kg,Staples & Groceries,83,2025-07-28,184,110216.0,420.0,599.0,260,161,172,161,214,96,188.5,47.95,181.0,37.47,0.207,1.379,0,0.0,0,31,-0.5681,-0.823
SKU-GRO-001,Royal Basmati Rice 5kg,Staples & Groceries,84,2025-08-04,170,101830.0,420.0,599.0,184,260,161,172,152,140,194.25,44.83,177.25,35.13,0.198,0.947,0,0.0,0,32,-0.6631,-0.7485
SKU-GRO-001,Royal Basmati Rice 5kg,Staples & Groceries,85,2025-08-11,229,137171.0,420.0,599.0,170,184,260,161,174,185,193.75,45.17,179.5,33.83,0.188,0.877,0,0.0,1,33,-0.7485,-0.6631
SKU-GRO-001,Royal Basmati Rice 5kg,Staples & Groceries,86,2025-08-18,182,109018.0,420.0,599.0,229,170,184,260,154,140,210.75,41.37,186.38,37.9,0.203,1.087,0,0.0,0,34,-0.823,-0.5681
SKU-GRO-001,Royal Basmati Rice 5kg,Staples & Groceries,87,2025-08-25,172,103028.0,420.0,599.0,182,229,170,184,161,123,191.25,25.91,189.88,35.71,0.188,0.952,0,0.0,0,35,-0.8855,-0.4647
SKU-GRO-001,Royal Basmati Rice 5kg,Staples & Groceries,88,2025-09-01,156,93444.0,420.0,599.0,172,182,229,170,172,157,188.25,27.67,191.25,34.64,0.181,0.914,0,0.0,0,36,-0.935,-0.3546
SKU-GRO-001,Royal Basmati Rice 5kg,Staples & Groceries,89,2025-09-08,173,88082.95,420.0,599.0,156,172,182,229,161,131,184.75,31.38,189.25,36.33,0.192,0.844,1,0.15,0,37,-0.9709,-0.2393
SKU-GRO-001,Royal Basmati Rice 5kg,Staples & Groceries,90,2025-09-15,172,103028.0,420.0,599.0,173,156,172,182,260,133,170.75,10.81,190.75,35.22,0.185,1.013,0,0.0,0,38,-0.9927,-0.1205
SKU-GRO-001,Royal Basmati Rice 5kg,Staples & Groceries,91,2025-09-22,200,119800.0,420.0,599.0,172,173,156,172,184,89,168.25,8.18,179.75,21.63,0.12,1.022,0,0.0,0,39,-1.0,-0.0
SKU-GRO-001,Royal Basmati Rice 5kg,Staples & Groceries,92,2025-09-29,161,96439.0,420.0,599.0,200,172,173,156,170,168,175.25,18.25,181.75,22.78,0.125,1.141,0,0.0,0,40,-0.9927,0.1205
SKU-GRO-001,Royal Basmati Rice 5kg,Staples & Groceries,93,2025-10-06,232,138968.0,420.0,599.0,161,200,172,173,229,182,176.5,16.58,180.62,23.65,0.131,0.912,0,0.0,1,41,-0.9709,0.2393
SKU-GRO-001,Royal Basmati Rice 5kg,Staples & Groceries,94,2025-10-13,169,101231.0,420.0,599.0,232,161,200,172,182,150,191.25,31.74,181.0,24.54,0.136,1.213,0,0.0,0,42,-0.935,0.3546
SKU-GRO-001,Royal Basmati Rice 5kg,Staples & Groceries,95,2025-10-20,158,94642.0,420.0,599.0,169,232,161,200,172,117,190.5,32.38,179.38,24.89,0.139,0.887,0,0.0,0,43,-0.8855,0.4647
SKU-GRO-001,Royal Basmati Rice 5kg,Staples & Groceries,96,2025-10-27,369,187876.35,420.0,599.0,158,169,232,161,156,248,180.0,34.98,177.62,25.95,0.146,0.878,1,0.15,1,44,-0.823,0.5681
SKU-GRO-001,Royal Basmati Rice 5kg,Staples & Groceries,97,2025-11-03,215,128785.0,420.0,599.0,369,158,169,232,173,135,232.0,96.98,204.25,70.91,0.347,1.591,0,0.0,0,45,-0.7485,0.6631
SKU-GRO-001,Royal Basmati Rice 5kg,Staples & Groceries,98,2025-11-10,166,99434.0,420.0,599.0,215,369,158,169,172,101,227.75,97.35,209.5,69.81,0.333,0.944,0,0.0,0,46,-0.6631,0.7485
SKU-GRO-001,Royal Basmati Rice 5kg,Staples & Groceries,99,2025-11-17,164,98236.0,420.0,599.0,166,215,369,158,200,206,227.0,97.96,208.75,70.3,0.337,0.731,0,0.0,0,47,-0.5681,0.823
SKU-GRO-001,Royal Basmati Rice 5kg,Staples & Groceries,100,2025-11-24,170,101830.0,420.0,599.0,164,166,215,369,161,149,228.5,96.59,204.25,72.07,0.353,0.718,0,0.0,0,48,-0.4647,0.8855
SKU-GRO-001,Royal Basmati Rice 5kg,Staples & Groceries,101,2025-12-01,193,115607.0,420.0,599.0,170,164,166,215,232,151,178.75,24.3,205.38,71.37,0.348,0.951,0,0.0,0,49,-0.3546,0.935
SKU-GRO-001,Royal Basmati Rice 5kg,Staples & Groceries,102,2025-12-08,172,103028.0,420.0,599.0,193,170,164,166,169,135,173.25,13.4,200.5,70.62,0.352,1.114,0,0.0,0,50,-0.2393,0.9709
SKU-GRO-001,Royal Basmati Rice 5kg,Staples & Groceries,103,2025-12-15,263,133906.45,420.0,599.0,172,193,170,164,158,153,174.75,12.63,200.88,70.44,0.351,0.984,1,0.15,1,51,-0.1205,0.9927
SKU-GRO-001,Royal Basmati Rice 5kg,Staples & Groceries,104,2025-12-22,218,130582.0,420.0,599.0,263,172,193,170,369,112,199.5,43.59,214.0,71.09,0.332,1.318,0,0.0,0,52,-0.0,1.0
SKU-GRO-002,Sharbati Whole Wheat Atta 10kg,Staples & Groceries,1,2024-01-01,209,90915.0,310.0,435.0,209,209,209,209,209,209,209.0,0.0,209.0,0.0,0.0,1.0,0,0.0,0,1,0.1205,0.9927
SKU-GRO-002,Sharbati Whole Wheat Atta 10kg,Staples & Groceries,2,2024-01-08,191,83085.0,310.0,435.0,209,209,209,209,209,209,209.0,0.0,209.0,0.0,0.0,1.0,0,0.0,0,2,0.2393,0.9709
SKU-GRO-002,Sharbati Whole Wheat Atta 10kg,Staples & Groceries,3,2024-01-15,253,110055.0,310.0,435.0,191,209,209,209,209,209,200.0,12.73,200.0,12.73,0.064,0.955,0,0.0,1,3,0.3546,0.935
SKU-GRO-002,Sharbati Whole Wheat Atta 10kg,Staples & Groceries,4,2024-01-22,240,104400.0,310.0,435.0,253,191,209,209,209,209,217.67,31.9,217.67,31.9,0.147,1.162,0,0.0,0,4,0.4647,0.8855
SKU-GRO-002,Sharbati Whole Wheat Atta 10kg,Staples & Groceries,5,2024-01-29,267,116145.0,310.0,435.0,240,253,191,209,209,209,223.25,28.34,223.25,28.34,0.127,1.075,0,0.0,0,5,0.5681,0.823
SKU-GRO-002,Sharbati Whole Wheat Atta 10kg,Staples & Groceries,6,2024-02-05,220,95700.0,310.0,435.0,267,240,253,191,191,191,237.75,33.06,232.0,31.38,0.135,1.123,0,0.0,0,6,0.6631,0.7485
SKU-GRO-002,Sharbati Whole Wheat Atta 10kg,Staples & Groceries,7,2024-02-12,333,123126.75,310.0,435.0,220,267,240,253,253,253,245.0,19.98,230.0,28.5,0.124,0.898,1,0.15,0,7,0.7485,0.6631
SKU-GRO-002,Sharbati Whole Wheat Atta 10kg,Staples & Groceries,8,2024-02-19,235,102225.0,310.0,435.0,333,220,267,240,240,240,265.0,49.25,244.71,46.82,0.191,1.257,0,0.0,0,8,0.823,0.5681
SKU-GRO-002,Sharbati Whole Wheat Atta 10kg,Staples & Groceries,9,2024-02-26,181,78735.0,310.0,435.0,235,333,220,267,209,209,263.75,50.16,243.5,43.48,0.179,0.891,0,0.0,0,9,0.8855,0.4647
SKU-GRO-002,Sharbati Whole Wheat Atta 10kg,Staples & Groceries,10,2024-03-04,278,120930.0,310.0,435.0,181,235,333,220,191,191,242.25,64.64,240.0,47.59,0.198,0.747,0,0.0,0,10,0.935,0.3546
SKU-GRO-002,Sharbati Whole Wheat Atta 10kg,Staples & Groceries,11,2024-03-11,201,87435.0,310.0,435.0,278,181,235,333,253,253,256.75,64.49,250.88,44.64,0.178,1.083,0,0.0,1,11,0.9709,0.2393
SKU-GRO-002,Sharbati Whole Wheat Atta 10kg,Staples & Groceries,12,2024-03-18,201,87435.0,310.0,435.0,201,278,181,235,240,240,223.75,42.48,244.38,47.95,0.196,0.898,0,0.0,0,12,0.9927,0.1205
SKU-GRO-002,Sharbati Whole Wheat Atta 10kg,Staples & Groceries,13,2024-03-25,207,90045.0,310.0,435.0,201,201,278,181,267,267,215.25,42.88,239.5,50.38,0.21,0.934,0,0.0,0,13,1.0,0.0
SKU-GRO-002,Sharbati Whole Wheat Atta 10kg,Staples & Groceries,14,2024-04-01,385,142353.75,310.0,435.0,207,201,201,278,220,220,221.75,37.61,232.0,50.17,0.216,0.933,1,0.15,0,14,0.9927,-0.1205
SKU-GRO-002,Sharbati Whole Wheat Atta 10kg,Staples & Groceries,15,2024-04-08,259,112665.0,310.0,435.0,385,207,201,201,333,333,248.5,91.04,252.62,73.17,0.29,1.549,0,0.0,0,15,0.9709,-0.2393
SKU-GRO-002,Sharbati Whole Wheat Atta 10kg,Staples & Groceries,16,2024-04-15,197,85695.0,310.0,435.0,259,385,207,201,235,235,263.0,85.4,243.38,65.87,0.271,0.985,0,0.0,0,16,0.935,-0.3546
SKU-GRO-002,Sharbati Whole Wheat Atta 10kg,Staples & Groceries,17,2024-04-22,250,108750.0,310.0,435.0,197,259,385,207,181,181,262.0,86.39,238.62,67.9,0.285,0.752,0,0.0,0,17,0.8855,-0.4647
SKU-GRO-002,Sharbati Whole Wheat Atta 10kg,Staples & Groceries,18,2024-04-29,240,104400.0,310.0,435.0,250,197,259,385,278,278,272.75,79.68,247.25,63.8,0.258,0.917,0,0.0,1,18,0.823,-0.5681
SKU-GRO-002,Sharbati Whole Wheat Atta 10kg,Staples & Groceries,19,2024-05-06,256,111360.0,310.0,435.0,240,250,197,259,201,201,236.5,27.45,242.5,62.58,0.258,1.015,0,0.0,0,19,0.7485,-0.6631
SKU-GRO-002,Sharbati Whole Wheat Atta 10kg,Staples & Groceries,20,2024-05-13,200,87000.0,310.0,435.0,256,240,250,197,201,201,235.75,26.66,249.38,60.35,0.242,1.086,0,0.0,0,20,0.6631,-0.7485
SKU-GRO-002,Sharbati Whole Wheat Atta 10kg,Staples & Groceries,21,2024-05-20,323,119429.25,310.0,435.0,200,256,240,250,207,207,236.5,25.21,249.25,60.47,0.243,0.846,1,0.15,0,21,0.5681,-0.823
SKU-GRO-002,Sharbati Whole Wheat Atta 10kg,Staples & Groceries,22,2024-05-27,250,108750.0,310.0,435.0,323,200,256,240,385,385,254.75,51.23,263.75,62.76,0.238,1.268,0,0.0,0,22,0.4647,-0.8855
SKU-GRO-002,Sharbati Whole Wheat Atta 10kg,Staples & Groceries,23,2024-06-03,273,118755.0,310.0,435.0,250,323,200,256,259,259,257.25,50.51,246.88,39.24,0.159,0.972,0,0.0,0,23,0.3546,-0.935
SKU-GRO-002,Sharbati Whole Wheat Atta 10kg,Staples & Groceries,24,2024-06-10,212,92220.0,310.0,435.0,273,250,323,200,197,197,261.5,51.08,248.62,40.16,0.162,1.044,0,0.0,0,24,0.2393,-0.9709
SKU-GRO-002,Sharbati Whole Wheat Atta 10kg,Staples & Groceries,25,2024-06-17,230,100050.0,310.0,435.0,212,273,250,323,250,250,264.5,46.41,250.5,37.68,0.15,0.802,0,0.0,0,25,0.1205,-0.9927
SKU-GRO-002,Sharbati Whole Wheat Atta 10kg,Staples & Groceries,26,2024-06-24,240,104400.0,310.0,435.0,230,212,273,250,240,240,241.25,26.25,248.0,38.37,0.155,0.953,0,0.0,0,26,0.0,-1.0
SKU-GRO-002,Sharbati Whole Wheat Atta 10kg,Staples & Groceries,27,2024-07-01,209,90915.0,310.0,435.0,240,230,212,273,256,256,238.75,25.6,248.0,38.37,0.155,1.005,0,0.0,0,27,-0.1205,-0.9927
SKU-GRO-002,Sharbati Whole Wheat Atta 10kg,Staples & Groceries,28,2024-07-08,324,119799.0,310.0,435.0,209,240,230,212,200,200,222.75,14.77,242.12,40.51,0.167,0.938,1,0.15,1,28,-0.2393,-0.9709
SKU-GRO-002,Sharbati Whole Wheat Atta 10kg,Staples & Groceries,29,2024-07-15,190,82650.0,310.0,435.0,324,209,240,230,323,323,250.75,50.51,257.62,45.5,0.177,1.292,0,0.0,0,29,-0.3546,-0.935
SKU-GRO-002,Sharbati Whole Wheat Atta 10kg,Staples & Groceries,30,2024-07-22,223,97005.0,310.0,435.0,190,324,209,240,250,250,240.75,59.2,241.0,42.4,0.176,0.789,0,0.0,0,30,-0.4647,-0.8855
SKU-GRO-002,Sharbati Whole Wheat Atta 10kg,Staples & Groceries,31,2024-07-29,190,82650.0,310.0,435.0,223,190,324,209,273,273,236.5,59.88,237.62,42.65,0.179,0.943,0,0.0,0,31,-0.5681,-0.823
SKU-GRO-002,Sharbati Whole Wheat Atta 10kg,Staples & Groceries,32,2024-08-05,224,97440.0,310.0,435.0,190,223,190,324,212,212,231.75,63.44,227.25,42.91,0.189,0.82,0,0.0,0,32,-0.6631,-0.7485
SKU-GRO-002,Sharbati Whole Wheat Atta 10kg,Staples & Groceries,33,2024-08-12,300,130500.0,310.0,435.0,224,190,223,190,230,230,206.75,19.35,228.75,42.51,0.186,1.083,0,0.0,1,33,-0.7485,-0.6631
SKU-GRO-002,Sharbati Whole Wheat Atta 10kg,Staples & Groceries,34,2024-08-19,160,69600.0,310.0,435.0,300,224,190,223,240,240,234.25,46.59,237.5,49.44,0.208,1.281,0,0.0,0,34,-0.823,-0.5681
SKU-GRO-002,Sharbati Whole Wheat Atta 10kg,Staples & Groceries,35,2024-08-26,326,120538.5,310.0,435.0,160,300,224,190,209,209,218.5,60.3,227.5,56.46,0.248,0.732,1,0.15,0,35,-0.8855,-0.4647
SKU-GRO-002,Sharbati Whole Wheat Atta 10kg,Staples & Groceries,36,2024-09-02,226,98310.0,310.0,435.0,326,160,300,224,324,324,252.5,75.34,242.12,65.42,0.27,1.291,0,0.0,0,36,-0.935,-0.3546
SKU-GRO-002,Sharbati Whole Wheat Atta 10kg,Staples & Groceries,37,2024-09-09,181,78735.0,310.0,435.0,226,326,160,300,190,190,253.0,75.09,229.88,56.46,0.246,0.893,0,0.0,0,37,-0.9709,-0.2393
SKU-GRO-002,Sharbati Whole Wheat Atta 10kg,Staples & Groceries,38,2024-09-16,202,87870.0,310.0,435.0,181,226,326,160,223,223,223.25,73.83,228.75,57.45,0.251,0.811,0,0.0,0,38,-0.9927,-0.1205
SKU-GRO-002,Sharbati Whole Wheat Atta 10kg,Staples & Groceries,39,2024-09-23,181,78735.0,310.0,435.0,202,181,226,326,190,190,233.75,64.19,226.12,58.23,0.258,0.864,0,0.0,0,39,-1.0,-0.0
SKU-GRO-002,Sharbati Whole Wheat Atta 10kg,Staples & Groceries,40,2024-09-30,224,97440.0,310.0,435.0,181,202,181,226,224,224,197.5,21.42,225.0,59.11,0.263,0.916,0,0.0,0,40,-0.9927,0.1205
SKU-GRO-002,Sharbati Whole Wheat Atta 10kg,Staples & Groceries,41,2024-10-07,243,105705.0,310.0,435.0,224,181,202,181,300,300,197.0,20.54,225.0,59.11,0.263,1.137,0,0.0,1,41,-0.9709,0.2393
SKU-GRO-002,Sharbati Whole Wheat Atta 10kg,Staples & Groceries,42,2024-10-14,224,82824.0,310.0,435.0,243,224,181,202,160,160,212.5,26.86,217.88,51.75,0.238,1.144,1,0.15,0,42,-0.935,0.3546
SKU-GRO-002,Sharbati Whole Wheat Atta 10kg,Staples & Groceries,43,2024-10-21,189,82215.0,310.0,435.0,224,243,224,181,326,326,218.0,26.24,225.88,46.17,0.204,1.028,0,0.0,0,43,-0.8855,0.4647
SKU-GRO-002,Sharbati Whole Wheat Atta 10kg,Staples & Groceries,44,2024-10-28,362,157470.0,310.0,435.0,189,224,243,224,226,226,220.0,22.52,208.75,23.64,0.113,0.859,0,0.0,1,44,-0.823,0.5681
SKU-GRO-002,Sharbati Whole Wheat Atta 10kg,Staples & Groceries,45,2024-11-04,236,102660.0,310.0,435.0,362,189,224,243,181,181,254.5,75.08,225.75,59.51,0.264,1.422,0,0.0,0,45,-0.7485,0.6631
SKU-GRO-002,Sharbati Whole Wheat Atta 10kg,Staples & Groceries,46,2024-11-11,193,83955.0,310.0,435.0,236,362,189,224,202,202,252.75,75.51,232.62,56.71,0.244,0.934,0,0.0,0,46,-0.6631,0.7485
SKU-GRO-002,Sharbati Whole Wheat Atta 10kg,Staples & Groceries,47,2024-11-18,222,96570.0,310.0,435.0,193,236,362,189,181,181,245.0,80.85,231.5,57.49,0.248,0.788,0,0.0,0,47,-0.5681,0.823
SKU-GRO-002,Sharbati Whole Wheat Atta 10kg,Staples & Groceries,48,2024-11-25,265,115275.0,310.0,435.0,222,193,236,362,224,224,253.25,74.68,236.62,54.07,0.228,0.877,0,0.0,0,48,-0.4647,0.8855
SKU-GRO-002,Sharbati Whole Wheat Atta 10kg,Staples & Groceries,49,2024-12-02,229,84672.75,310.0,435.0,265,222,193,236,243,243,229.0,29.94,241.75,54.64,0.226,1.157,1,0.15,0,49,-0.3546,0.935
SKU-GRO-002,Sharbati Whole Wheat Atta 10kg,Staples & Groceries,50,2024-12-09,182,79170.0,310.0,435.0,229,265,222,193,224,224,227.25,29.6,240.0,54.82,0.228,1.008,0,0.0,0,50,-0.2393,0.9709
SKU-GRO-002,Sharbati Whole Wheat Atta 10kg,Staples & Groceries,51,2024-12-16,370,160950.0,310.0,435.0,182,229,265,222,189,189,224.5,34.02,234.75,58.46,0.249,0.811,0,0.0,1,51,-0.1205,0.9927
SKU-GRO-002,Sharbati Whole Wheat Atta 10kg,Staples & Groceries,52,2024-12-23,241,104835.0,310.0,435.0,370,182,229,265,362,362,261.5,79.92,257.38,71.74,0.279,1.415,0,0.0,0,52,-0.0,1.0
SKU-GRO-002,Sharbati Whole Wheat Atta 10kg,Staples & Groceries,53,2024-12-30,254,110490.0,310.0,435.0,241,370,182,229,236,209,255.5,80.47,242.25,57.96,0.239,0.943,0,0.0,0,1,0.1205,0.9927
SKU-GRO-002,Sharbati Whole Wheat Atta 10kg,Staples & Groceries,54,2025-01-06,200,87000.0,310.0,435.0,254,241,370,182,193,191,261.75,78.67,244.5,58.04,0.237,0.97,0,0.0,0,2,0.2393,0.9709
SKU-GRO-002,Sharbati Whole Wheat Atta 10kg,Staples & Groceries,55,2025-01-13,245,106575.0,310.0,435.0,200,254,241,370,222,253,266.25,72.89,245.38,57.2,0.233,0.751,0,0.0,1,3,0.3546,0.935
SKU-GRO-002,Sharbati Whole Wheat Atta 10kg,Staples & Groceries,56,2025-01-20,310,114622.5,310.0,435.0,245,200,254,241,265,240,235.0,23.96,248.25,56.43,0.227,1.043,1,0.15,0,4,0.4647,0.8855
SKU-GRO-002,Sharbati Whole Wheat Atta 10kg,Staples & Groceries,57,2025-01-27,266,115710.0,310.0,435.0,310,245,200,254,229,267,252.25,45.17,253.88,60.44,0.238,1.229,0,0.0,0,5,0.5681,0.823
SKU-GRO-002,Sharbati Whole Wheat Atta 10kg,Staples & Groceries,58,2025-02-03,244,106140.0,310.0,435.0,266,310,245,200,182,220,255.25,45.72,258.5,59.67,0.231,1.042,0,0.0,0,6,0.6631,0.7485
SKU-GRO-002,Sharbati Whole Wheat Atta 10kg,Staples & Groceries,59,2025-02-10,272,118320.0,310.0,435.0,244,266,310,245,370,333,266.25,30.88,266.25,51.83,0.195,0.916,0,0.0,0,7,0.7485,0.6631
SKU-GRO-002,Sharbati Whole Wheat Atta 10kg,Staples & Groceries,60,2025-02-17,279,121365.0,310.0,435.0,272,244,266,310,241,235,273.0,27.45,254.0,31.33,0.123,0.996,0,0.0,0,8,0.823,0.5681
SKU-GRO-002,Sharbati Whole Wheat Atta 10kg,Staples & Groceries,61,2025-02-24,286,124410.0,310.0,435.0,279,272,244,266,254,181,265.25,15.13,258.75,31.95,0.123,1.052,0,0.0,0,9,0.8855,0.4647
SKU-GRO-002,Sharbati Whole Wheat Atta 10kg,Staples & Groceries,62,2025-03-03,257,111795.0,310.0,435.0,286,279,272,244,200,278,270.25,18.41,262.75,33.25,0.127,1.058,0,0.0,0,10,0.935,0.3546
SKU-GRO-002,Sharbati Whole Wheat Atta 10kg,Staples & Groceries,63,2025-03-10,329,121647.75,310.0,435.0,257,286,279,272,245,201,273.5,12.4,269.88,22.13,0.082,0.94,1,0.15,1,11,0.9709,0.2393
SKU-GRO-002,Sharbati Whole Wheat Atta 10kg,Staples & Groceries,64,2025-03-17,252,109620.0,310.0,435.0,329,257,286,279,310,201,287.75,30.15,280.38,27.83,0.099,1.143,0,0.0,0,12,0.9927,0.1205
SKU-GRO-002,Sharbati Whole Wheat Atta 10kg,Staples & Groceries,65,2025-03-24,228,99180.0,310.0,435.0,252,329,257,286,266,207,281.0,35.34,273.12,26.54,0.097,0.897,0,0.0,0,13,1.0,0.0
SKU-GRO-002,Sharbati Whole Wheat Atta 10kg,Staples & Groceries,66,2025-03-31,245,106575.0,310.0,435.0,228,252,329,257,244,385,266.5,43.55,268.38,31.02,0.116,0.856,0,0.0,0,14,0.9927,-0.1205
SKU-GRO-002,Sharbati Whole Wheat Atta 10kg,Staples & Groceries,67,2025-04-07,222,96570.0,310.0,435.0,245,228,252,329,272,259,263.5,44.81,268.5,30.91,0.115,0.93,0,0.0,0,15,0.9709,-0.2393
SKU-GRO-002,Sharbati Whole Wheat Atta 10kg,Staples & Groceries,68,2025-04-14,256,111360.0,310.0,435.0,222,245,228,252,279,197,236.75,14.08,262.25,34.89,0.133,0.938,0,0.0,0,16,0.935,-0.3546
SKU-GRO-002,Sharbati Whole Wheat Atta 10kg,Staples & Groceries,69,2025-04-21,262,113970.0,310.0,435.0,256,222,245,228,286,250,237.75,15.59,259.38,34.26,0.132,1.077,0,0.0,0,17,0.8855,-0.4647
SKU-GRO-002,Sharbati Whole Wheat Atta 10kg,Staples & Groceries,70,2025-04-28,394,145681.5,310.0,435.0,262,256,222,245,257,240,246.25,17.63,256.38,32.61,0.127,1.064,1,0.15,1,18,0.823,-0.5681
SKU-GRO-002,Sharbati Whole Wheat Atta 10kg,Staples & Groceries,71,2025-05-05,281,122235.0,310.0,435.0,394,262,256,222,329,256,283.5,75.74,273.5,58.6,0.214,1.39,0,0.0,0,19,0.7485,-0.6631
SKU-GRO-002,Sharbati Whole Wheat Atta 10kg,Staples & Groceries,72,2025-05-12,267,116145.0,310.0,435.0,281,394,262,256,252,200,298.25,64.72,267.5,54.41,0.203,0.942,0,0.0,0,20,0.6631,-0.7485
SKU-GRO-002,Sharbati Whole Wheat Atta 10kg,Staples & Groceries,73,2025-05-19,268,116580.0,310.0,435.0,267,281,394,262,228,323,301.0,62.52,269.38,54.06,0.201,0.887,0,0.0,0,21,0.5681,-0.823
SKU-GRO-002,Sharbati Whole Wheat Atta 10kg,Staples & Groceries,74,2025-05-26,267,116145.0,310.0,435.0,268,267,281,394,245,250,302.5,61.33,274.38,51.47,0.188,0.886,0,0.0,0,22,0.4647,-0.8855
SKU-GRO-002,Sharbati Whole Wheat Atta 10kg,Staples & Groceries,75,2025-06-02,201,87435.0,310.0,435.0,267,268,267,281,222,273,270.75,6.85,277.12,50.25,0.181,0.986,0,0.0,0,23,0.3546,-0.935
SKU-GRO-002,Sharbati Whole Wheat Atta 10kg,Staples & Groceries,76,2025-06-09,221,96135.0,310.0,435.0,201,267,268,267,256,212,250.75,33.17,274.5,53.96,0.197,0.802,0,0.0,0,24,0.2393,-0.9709
SKU-GRO-002,Sharbati Whole Wheat Atta 10kg,Staples & Groceries,77,2025-06-16,283,104639.25,310.0,435.0,221,201,267,268,262,230,239.25,33.63,270.12,57.0,0.211,0.924,1,0.15,0,25,0.1205,-0.9927
SKU-GRO-002,Sharbati Whole Wheat Atta 10kg,Staples & Groceries,78,2025-06-23,283,123105.0,310.0,435.0,283,221,201,267,394,240,243.0,38.4,272.75,57.06,0.209,1.165,0,0.0,0,26,0.0,-1.0
SKU-GRO-002,Sharbati Whole Wheat Atta 10kg,Staples & Groceries,79,2025-06-30,270,117450.0,310.0,435.0,283,283,221,201,281,209,247.0,42.36,258.88,30.83,0.119,1.146,0,0.0,0,27,-0.1205,-0.9927
SKU-GRO-002,Sharbati Whole Wheat Atta 10kg,Staples & Groceries,80,2025-07-07,262,113970.0,310.0,435.0,270,283,283,221,267,324,264.25,29.48,257.5,29.93,0.116,1.022,0,0.0,1,28,-0.2393,-0.9709
SKU-GRO-002,Sharbati Whole Wheat Atta 10kg,Staples & Groceries,81,2025-07-14,207,90045.0,310.0,435.0,262,270,283,283,268,190,274.5,10.34,256.88,29.76,0.116,0.954,0,0.0,0,29,-0.3546,-0.935
SKU-GRO-002,Sharbati Whole Wheat Atta 10kg,Staples & Groceries,82,2025-07-21,215,93525.0,310.0,435.0,207,262,270,283,267,223,255.5,33.47,249.25,34.01,0.136,0.81,0,0.0,0,30,-0.4647,-0.8855
SKU-GRO-002,Sharbati Whole Wheat Atta 10kg,Staples & Groceries,83,2025-07-28,260,113100.0,310.0,435.0,215,207,262,270,201,190,238.5,32.09,242.75,35.09,0.145,0.901,0,0.0,0,31,-0.5681,-0.823
SKU-GRO-002,Sharbati Whole Wheat Atta 10kg,Staples & Groceries,84,2025-08-04,340,125715.0,310.0,435.0,260,215,207,262,221,224,236.0,29.06,250.12,31.02,0.124,1.102,1,0.15,0,32,-0.6631,-0.7485
SKU-GRO-002,Sharbati Whole Wheat Atta 10kg,Staples & Groceries,85,2025-08-11,267,116145.0,310.0,435.0,340,260,215,207,283,300,255.5,60.97,265.0,41.74,0.158,1.331,0,0.0,1,33,-0.7485,-0.6631
SKU-GRO-002,Sharbati Whole Wheat Atta 10kg,Staples & Groceries,86,2025-08-18,201,87435.0,310.0,435.0,267,340,260,215,283,160,270.5,51.75,263.0,41.13,0.156,0.987,0,0.0,0,34,-0.823,-0.5681
SKU-GRO-002,Sharbati Whole Wheat Atta 10kg,Staples & Groceries,87,2025-08-25,246,107010.0,310.0,435.0,201,267,340,260,270,326,267.0,56.96,252.75,45.43,0.18,0.753,0,0.0,0,35,-0.8855,-0.4647
SKU-GRO-002,Sharbati Whole Wheat Atta 10kg,Staples & Groceries,88,2025-09-01,226,98310.0,310.0,435.0,246,201,267,340,262,226,263.5,57.96,249.75,44.92,0.18,0.934,0,0.0,0,36,-0.935,-0.3546
SKU-GRO-002,Sharbati Whole Wheat Atta 10kg,Staples & Groceries,89,2025-09-08,190,82650.0,310.0,435.0,226,246,201,267,207,181,235.0,28.18,245.25,45.32,0.185,0.962,0,0.0,0,37,-0.9709,-0.2393
SKU-GRO-002,Sharbati Whole Wheat Atta 10kg,Staples & Groceries,90,2025-09-15,248,107880.0,310.0,435.0,190,226,246,201,215,202,215.75,25.17,243.12,47.7,0.196,0.881,0,0.0,0,38,-0.9927,-0.1205
SKU-GRO-002,Sharbati Whole Wheat Atta 10kg,Staples & Groceries,91,2025-09-22,343,126824.25,310.0,435.0,248,190,226,246,260,181,227.5,26.9,247.25,46.33,0.187,1.09,1,0.15,0,39,-1.0,-0.0
SKU-GRO-002,Sharbati Whole Wheat Atta 10kg,Staples & Groceries,92,2025-09-29,210,91350.0,310.0,435.0,343,248,190,226,340,224,251.75,65.36,257.62,57.53,0.223,1.362,0,0.0,0,40,-0.9927,0.1205
SKU-GRO-002,Sharbati Whole Wheat Atta 10kg,Staples & Groceries,93,2025-10-06,374,162690.0,310.0,435.0,210,343,248,190,267,243,247.75,67.9,241.38,48.61,0.201,0.848,0,0.0,1,41,-0.9709,0.2393
SKU-GRO-002,Sharbati Whole Wheat Atta 10kg,Staples & Groceries,94,2025-10-13,202,87870.0,310.0,435.0,374,210,343,248,201,224,293.75,77.4,254.75,67.66,0.266,1.273,0,0.0,0,42,-0.935,0.3546
SKU-GRO-002,Sharbati Whole Wheat Atta 10kg,Staples & Groceries,95,2025-10-20,247,107445.0,310.0,435.0,202,374,210,343,246,189,282.25,89.01,254.88,67.54,0.265,0.716,0,0.0,0,43,-0.8855,0.4647
SKU-GRO-002,Sharbati Whole Wheat Atta 10kg,Staples & Groceries,96,2025-10-27,435,189225.0,310.0,435.0,247,202,374,210,226,362,258.25,79.62,255.0,67.53,0.265,0.956,0,0.0,1,44,-0.823,0.5681
SKU-GRO-002,Sharbati Whole Wheat Atta 10kg,Staples & Groceries,97,2025-11-03,220,95700.0,310.0,435.0,435,247,202,374,190,236,314.5,108.43,281.12,91.04,0.324,1.383,0,0.0,0,45,-0.7485,0.6631
SKU-GRO-002,Sharbati Whole Wheat Atta 10kg,Staples & Groceries,98,2025-11-10,324,119799.0,310.0,435.0,220,435,247,202,248,193,276.0,107.6,284.88,87.29,0.306,0.797,1,0.15,0,46,-0.6631,0.7485
SKU-GRO-002,Sharbati Whole Wheat Atta 10kg,Staples & Groceries,99,2025-11-17,260,113100.0,310.0,435.0,324,220,435,247,343,222,306.5,96.33,294.38,86.84,0.295,1.057,0,0.0,0,47,-0.5681,0.823
SKU-GRO-002,Sharbati Whole Wheat Atta 10kg,Staples & Groceries,100,2025-11-24,281,122235.0,310.0,435.0,260,324,220,435,210,265,309.75,93.85,284.0,85.14,0.3,0.839,0,0.0,0,48,-0.4647,0.8855
SKU-GRO-002,Sharbati Whole Wheat Atta 10kg,Staples & Groceries,101,2025-12-01,266,115710.0,310.0,435.0,281,260,324,220,374,229,271.25,43.32,292.88,79.86,0.273,1.036,0,0.0,0,49,-0.3546,0.935
SKU-GRO-002,Sharbati Whole Wheat Atta 10kg,Staples & Groceries,102,2025-12-08,228,99180.0,310.0,435.0,266,281,260,324,202,182,282.75,28.88,279.38,73.02,0.261,0.941,0,0.0,0,50,-0.2393,0.9709
SKU-GRO-002,Sharbati Whole Wheat Atta 10kg,Staples & Groceries,103,2025-12-15,370,160950.0,310.0,435.0,228,266,281,260,247,370,258.75,22.32,282.62,69.59,0.246,0.881,0,0.0,1,51,-0.1205,0.9927
SKU-GRO-002,Sharbati Whole Wheat Atta 10kg,Staples & Groceries,104,2025-12-22,269,117015.0,310.0,435.0,370,228,266,281,435,241,286.25,60.12,298.0,74.04,0.248,1.293,0,0.0,0,52,-0.0,1.0
SKU-GRO-003,Cold-Pressed Mustard Oil 1L,Staples & Groceries,1,2024-01-01,159,31005.0,135.0,195.0,159,159,159,159,159,159,159.0,0.0,159.0,0.0,0.0,1.0,0,0.0,0,1,0.1205,0.9927
SKU-GRO-003,Cold-Pressed Mustard Oil 1L,Staples & Groceries,2,2024-01-08,219,36299.25,135.0,195.0,159,159,159,159,159,159,159.0,0.0,159.0,0.0,0.0,1.0,1,0.15,0,2,0.2393,0.9709
SKU-GRO-003,Cold-Pressed Mustard Oil 1L,Staples & Groceries,3,2024-01-15,138,26910.0,135.0,195.0,219,159,159,159,159,159,189.0,42.43,189.0,42.43,0.224,1.159,0,0.0,1,3,0.3546,0.935
SKU-GRO-003,Cold-Pressed Mustard Oil 1L,Staples & Groceries,4,2024-01-22,183,35685.0,135.0,195.0,138,219,159,159,159,159,172.0,42.04,172.0,42.04,0.244,0.802,0,0.0,0,4,0.4647,0.8855
SKU-GRO-003,Cold-Pressed Mustard Oil 1L,Staples & Groceries,5,2024-01-29,202,39390.0,135.0,195.0,183,138,219,159,159,159,174.75,34.76,174.75,34.76,0.199,1.047,0,0.0,0,5,0.5681,0.823
SKU-GRO-003,Cold-Pressed Mustard Oil 1L,Staples & Groceries,6,2024-02-05,250,48750.0,135.0,195.0,202,183,138,219,219,219,185.5,34.91,180.2,32.48,0.18,1.089,0,0.0,0,6,0.6631,0.7485
SKU-GRO-003,Cold-Pressed Mustard Oil 1L,Staples & Groceries,7,2024-02-12,248,48360.0,135.0,195.0,250,202,183,138,138,138,193.25,46.39,191.83,40.69,0.212,1.294,0,0.0,0,7,0.7485,0.6631
SKU-GRO-003,Cold-Pressed Mustard Oil 1L,Staples & Groceries,8,2024-02-19,178,34710.0,135.0,195.0,248,250,202,183,183,183,220.75,33.54,199.86,42.78,0.214,1.123,0,0.0,0,8,0.823,0.5681
SKU-GRO-003,Cold-Pressed Mustard Oil 1L,Staples & Groceries,9,2024-02-26,178,29503.5,135.0,195.0,178,248,250,202,159,159,219.5,35.45,197.12,40.36,0.205,0.811,1,0.15,0,9,0.8855,0.4647
SKU-GRO-003,Cold-Pressed Mustard Oil 1L,Staples & Groceries,10,2024-03-04,177,34515.0,135.0,195.0,178,178,248,250,219,219,213.5,41.0,199.5,38.3,0.192,0.834,0,0.0,0,10,0.935,0.3546
SKU-GRO-003,Cold-Pressed Mustard Oil 1L,Staples & Groceries,11,2024-03-11,200,39000.0,135.0,195.0,177,178,178,248,138,138,195.25,35.17,194.25,38.12,0.196,0.907,0,0.0,1,11,0.9709,0.2393
SKU-GRO-003,Cold-Pressed Mustard Oil 1L,Staples & Groceries,12,2024-03-18,146,28470.0,135.0,195.0,200,177,178,178,183,183,183.25,11.18,202.0,30.62,0.152,1.091,0,0.0,0,12,0.9927,0.1205
SKU-GRO-003,Cold-Pressed Mustard Oil 1L,Staples & Groceries,13,2024-03-25,235,45825.0,135.0,195.0,146,200,177,178,202,202,175.25,22.2,197.38,36.19,0.183,0.833,0,0.0,0,13,1.0,0.0
SKU-GRO-003,Cold-Pressed Mustard Oil 1L,Staples & Groceries,14,2024-04-01,151,29445.0,135.0,195.0,235,146,200,177,250,250,189.5,37.55,201.5,38.59,0.192,1.24,0,0.0,0,14,0.9927,-0.1205
SKU-GRO-003,Cold-Pressed Mustard Oil 1L,Staples & Groceries,15,2024-04-08,187,36465.0,135.0,195.0,151,235,146,200,248,248,183.0,42.37,189.12,36.64,0.194,0.825,0,0.0,0,15,0.9709,-0.2393
SKU-GRO-003,Cold-Pressed Mustard Oil 1L,Staples & Groceries,16,2024-04-15,143,23702.25,135.0,195.0,187,151,235,146,178,178,179.75,41.11,181.5,27.95,0.154,1.04,1,0.15,0,16,0.935,-0.3546
SKU-GRO-003,Cold-Pressed Mustard Oil 1L,Staples & Groceries,17,2024-04-22,182,35490.0,135.0,195.0,143,187,151,235,178,178,179.0,41.95,177.12,31.14,0.176,0.799,0,0.0,0,17,0.8855,-0.4647
SKU-GRO-003,Cold-Pressed Mustard Oil 1L,Staples & Groceries,18,2024-04-29,179,34905.0,135.0,195.0,182,143,187,151,177,177,165.75,21.99,177.62,31.19,0.176,1.098,0,0.0,1,18,0.823,-0.5681
SKU-GRO-003,Cold-Pressed Mustard Oil 1L,Staples & Groceries,19,2024-05-06,188,36660.0,135.0,195.0,179,182,143,187,200,200,172.75,20.11,177.88,31.19,0.175,1.036,0,0.0,0,19,0.7485,-0.6631
SKU-GRO-003,Cold-Pressed Mustard Oil 1L,Staples & Groceries,20,2024-05-13,200,39000.0,135.0,195.0,188,179,182,143,146,146,173.0,20.35,176.38,30.25,0.171,1.087,0,0.0,0,20,0.6631,-0.7485
SKU-GRO-003,Cold-Pressed Mustard Oil 1L,Staples & Groceries,21,2024-05-20,106,20670.0,135.0,195.0,200,188,179,182,235,235,187.25,9.29,183.12,28.47,0.155,1.068,0,0.0,0,21,0.5681,-0.823
SKU-GRO-003,Cold-Pressed Mustard Oil 1L,Staples & Groceries,22,2024-05-27,155,30225.0,135.0,195.0,106,200,188,179,151,151,168.25,42.38,167.0,31.29,0.187,0.63,0,0.0,0,22,0.4647,-0.8855
SKU-GRO-003,Cold-Pressed Mustard Oil 1L,Staples & Groceries,23,2024-06-03,244,40443.0,135.0,195.0,155,106,200,188,187,187,162.25,42.05,167.5,31.03,0.185,0.955,1,0.15,0,23,0.3546,-0.935
SKU-GRO-003,Cold-Pressed Mustard Oil 1L,Staples & Groceries,24,2024-06-10,181,35295.0,135.0,195.0,244,155,106,200,143,143,176.25,59.28,174.62,41.06,0.235,1.384,0,0.0,0,24,0.2393,-0.9709
SKU-GRO-003,Cold-Pressed Mustard Oil 1L,Staples & Groceries,25,2024-06-17,234,45630.0,135.0,195.0,181,244,155,106,182,182,171.5,57.47,179.38,39.03,0.218,1.055,0,0.0,0,25,0.1205,-0.9927
SKU-GRO-003,Cold-Pressed Mustard Oil 1L,Staples & Groceries,26,2024-06-24,133,25935.0,135.0,195.0,234,181,244,155,179,179,203.5,42.54,185.88,43.59,0.235,1.15,0,0.0,0,26,0.0,-1.0
SKU-GRO-003,Cold-Pressed Mustard Oil 1L,Staples & Groceries,27,2024-07-01,120,23400.0,135.0,195.0,133,234,181,244,188,188,198.0,51.4,180.12,47.49,0.264,0.672,0,0.0,0,27,-0.1205,-0.9927
SKU-GRO-003,Cold-Pressed Mustard Oil 1L,Staples & Groceries,28,2024-07-08,154,30030.0,135.0,195.0,120,133,234,181,200,200,167.0,51.8,171.62,51.77,0.302,0.719,0,0.0,1,28,-0.2393,-0.9709
SKU-GRO-003,Cold-Pressed Mustard Oil 1L,Staples & Groceries,29,2024-07-15,168,32760.0,135.0,195.0,154,120,133,234,106,106,160.25,51.12,165.88,50.71,0.306,0.961,0,0.0,0,29,-0.3546,-0.935
SKU-GRO-003,Cold-Pressed Mustard Oil 1L,Staples & Groceries,30,2024-07-22,171,28343.25,135.0,195.0,168,154,120,133,155,155,143.75,21.39,173.62,44.63,0.257,1.169,1,0.15,0,30,-0.4647,-0.8855
SKU-GRO-003,Cold-Pressed Mustard Oil 1L,Staples & Groceries,31,2024-07-29,176,34320.0,135.0,195.0,171,168,154,120,244,244,153.25,23.37,175.62,44.03,0.251,1.116,0,0.0,0,31,-0.5681,-0.823
SKU-GRO-003,Cold-Pressed Mustard Oil 1L,Staples & Groceries,32,2024-08-05,138,26910.0,135.0,195.0,176,171,168,154,181,181,167.25,9.43,167.12,34.47,0.206,1.052,0,0.0,0,32,-0.6631,-0.7485
SKU-GRO-003,Cold-Pressed Mustard Oil 1L,Staples & Groceries,33,2024-08-12,227,44265.0,135.0,195.0,138,176,171,168,234,234,163.25,17.15,161.75,35.34,0.218,0.845,0,0.0,1,33,-0.7485,-0.6631
SKU-GRO-003,Cold-Pressed Mustard Oil 1L,Staples & Groceries,34,2024-08-19,155,30225.0,135.0,195.0,227,138,176,171,133,133,178.0,36.76,160.88,33.32,0.207,1.275,0,0.0,0,34,-0.823,-0.5681
SKU-GRO-003,Cold-Pressed Mustard Oil 1L,Staples & Groceries,35,2024-08-26,146,28470.0,135.0,195.0,155,227,138,176,120,120,174.0,38.6,163.62,31.55,0.193,0.891,0,0.0,0,35,-0.8855,-0.4647
SKU-GRO-003,Cold-Pressed Mustard Oil 1L,Staples & Groceries,36,2024-09-02,153,29835.0,135.0,195.0,146,155,227,138,154,154,166.5,40.93,166.88,27.5,0.165,0.877,0,0.0,0,36,-0.935,-0.3546
SKU-GRO-003,Cold-Pressed Mustard Oil 1L,Staples & Groceries,37,2024-09-09,219,36299.25,135.0,195.0,153,146,155,227,168,168,170.25,38.03,166.75,27.57,0.165,0.899,1,0.15,0,37,-0.9709,-0.2393
SKU-GRO-003,Cold-Pressed Mustard Oil 1L,Staples & Groceries,38,2024-09-16,127,24765.0,135.0,195.0,219,153,146,155,171,171,168.25,34.05,173.12,33.22,0.192,1.302,0,0.0,0,38,-0.9927,-0.1205
SKU-GRO-003,Cold-Pressed Mustard Oil 1L,Staples & Groceries,39,2024-09-23,126,24570.0,135.0,195.0,127,219,153,146,176,176,161.25,40.04,167.62,37.04,0.221,0.788,0,0.0,0,39,-1.0,-0.0
SKU-GRO-003,Cold-Pressed Mustard Oil 1L,Staples & Groceries,40,2024-09-30,119,23205.0,135.0,195.0,126,127,219,153,138,138,156.25,43.66,161.38,39.56,0.245,0.806,0,0.0,0,40,-0.9927,0.1205
SKU-GRO-003,Cold-Pressed Mustard Oil 1L,Staples & Groceries,41,2024-10-07,188,36660.0,135.0,195.0,119,126,127,219,227,227,147.75,47.63,159.0,41.68,0.262,0.805,0,0.0,1,41,-0.9709,0.2393
SKU-GRO-003,Cold-Pressed Mustard Oil 1L,Staples & Groceries,42,2024-10-14,137,26715.0,135.0,195.0,188,119,126,127,155,155,140.0,32.2,154.12,34.19,0.222,1.343,0,0.0,0,42,-0.935,0.3546
SKU-GRO-003,Cold-Pressed Mustard Oil 1L,Staples & Groceries,43,2024-10-21,146,28470.0,135.0,195.0,137,188,119,126,146,146,142.5,31.22,151.88,34.72,0.229,0.961,0,0.0,0,43,-0.8855,0.4647
SKU-GRO-003,Cold-Pressed Mustard Oil 1L,Staples & Groceries,44,2024-10-28,380,62985.0,135.0,195.0,146,137,188,119,153,153,147.5,29.24,151.88,34.72,0.229,0.99,1,0.15,1,44,-0.823,0.5681
SKU-GRO-003,Cold-Pressed Mustard Oil 1L,Staples & Groceries,45,2024-11-04,126,24570.0,135.0,195.0,380,146,137,188,219,219,212.75,113.69,180.25,87.86,0.487,1.786,0,0.0,0,45,-0.7485,0.6631
SKU-GRO-003,Cold-Pressed Mustard Oil 1L,Staples & Groceries,46,2024-11-11,141,27495.0,135.0,195.0,126,380,146,137,127,127,197.25,122.11,168.62,88.15,0.523,0.639,0,0.0,0,46,-0.6631,0.7485
SKU-GRO-003,Cold-Pressed Mustard Oil 1L,Staples & Groceries,47,2024-11-18,129,25155.0,135.0,195.0,141,126,380,146,126,126,198.25,121.46,170.38,87.34,0.513,0.711,0,0.0,0,47,-0.5681,0.823
SKU-GRO-003,Cold-Pressed Mustard Oil 1L,Staples & Groceries,48,2024-11-25,184,35880.0,135.0,195.0,129,141,126,380,119,119,194.0,124.17,170.75,87.13,0.51,0.665,0,0.0,0,48,-0.4647,0.8855
SKU-GRO-003,Cold-Pressed Mustard Oil 1L,Staples & Groceries,49,2024-12-02,189,36855.0,135.0,195.0,184,129,141,126,188,188,145.0,26.8,178.88,84.61,0.473,1.269,0,0.0,0,49,-0.3546,0.935
SKU-GRO-003,Cold-Pressed Mustard Oil 1L,Staples & Groceries,50,2024-12-09,158,30810.0,135.0,195.0,189,184,129,141,137,137,160.75,30.2,179.0,84.63,0.473,1.176,0,0.0,0,50,-0.2393,0.9709
SKU-GRO-003,Cold-Pressed Mustard Oil 1L,Staples & Groceries,51,2024-12-16,205,33978.75,135.0,195.0,158,189,184,129,146,146,165.0,27.58,181.62,83.46,0.459,0.958,1,0.15,1,51,-0.1205,0.9927
SKU-GRO-003,Cold-Pressed Mustard Oil 1L,Staples & Groceries,52,2024-12-23,208,40560.0,135.0,195.0,205,158,189,184,380,380,184.0,19.51,189.0,82.46,0.436,1.114,0,0.0,0,52,-0.0,1.0
SKU-GRO-003,Cold-Pressed Mustard Oil 1L,Staples & Groceries,53,2024-12-30,176,34320.0,135.0,195.0,208,205,158,189,126,159,190.0,22.91,167.5,33.33,0.199,1.095,0,0.0,0,1,0.1205,0.9927
SKU-GRO-003,Cold-Pressed Mustard Oil 1L,Staples & Groceries,54,2025-01-06,177,34515.0,135.0,195.0,176,208,205,158,141,219,186.75,23.99,173.75,28.82,0.166,0.942,0,0.0,0,2,0.2393,0.9709
SKU-GRO-003,Cold-Pressed Mustard Oil 1L,Staples & Groceries,55,2025-01-13,206,40170.0,135.0,195.0,177,176,208,205,129,138,191.5,17.37,178.25,25.61,0.144,0.924,0,0.0,1,3,0.3546,0.935
SKU-GRO-003,Cold-Pressed Mustard Oil 1L,Staples & Groceries,56,2025-01-20,202,39390.0,135.0,195.0,206,177,176,208,184,183,191.75,17.63,187.88,17.71,0.094,1.074,0,0.0,0,4,0.4647,0.8855
SKU-GRO-003,Cold-Pressed Mustard Oil 1L,Staples & Groceries,57,2025-01-27,179,34905.0,135.0,195.0,202,206,177,176,189,202,190.25,15.97,190.12,18.28,0.096,1.062,0,0.0,0,5,0.5681,0.823
SKU-GRO-003,Cold-Pressed Mustard Oil 1L,Staples & Groceries,58,2025-02-03,149,24696.75,135.0,195.0,179,202,206,177,158,250,191.0,15.12,188.88,18.7,0.099,0.937,1,0.15,0,6,0.6631,0.7485
SKU-GRO-003,Cold-Pressed Mustard Oil 1L,Staples & Groceries,59,2025-02-10,207,40365.0,135.0,195.0,149,179,202,206,205,248,184.0,26.19,187.75,20.96,0.112,0.81,0,0.0,0,7,0.7485,0.6631
SKU-GRO-003,Cold-Pressed Mustard Oil 1L,Staples & Groceries,60,2025-02-17,137,26715.0,135.0,195.0,207,149,179,202,208,178,184.25,26.47,188.0,21.21,0.113,1.123,0,0.0,0,8,0.823,0.5681
SKU-GRO-003,Cold-Pressed Mustard Oil 1L,Staples & Groceries,61,2025-02-24,223,43485.0,135.0,195.0,137,207,149,179,176,178,168.0,31.43,179.12,25.96,0.145,0.815,0,0.0,0,9,0.8855,0.4647
SKU-GRO-003,Cold-Pressed Mustard Oil 1L,Staples & Groceries,62,2025-03-03,163,31785.0,135.0,195.0,223,137,207,149,177,177,179.0,42.36,185.0,30.14,0.163,1.246,0,0.0,0,10,0.935,0.3546
SKU-GRO-003,Cold-Pressed Mustard Oil 1L,Staples & Groceries,63,2025-03-10,174,33930.0,135.0,195.0,163,223,137,207,206,200,182.5,39.54,183.25,31.06,0.17,0.893,0,0.0,1,11,0.9709,0.2393
SKU-GRO-003,Cold-Pressed Mustard Oil 1L,Staples & Groceries,64,2025-03-17,156,30420.0,135.0,195.0,174,163,223,137,202,146,174.25,36.01,179.25,29.75,0.166,0.999,0,0.0,0,12,0.9927,0.1205
SKU-GRO-003,Cold-Pressed Mustard Oil 1L,Staples & Groceries,65,2025-03-24,214,35470.5,135.0,195.0,156,174,163,223,179,235,179.0,30.25,173.5,29.16,0.168,0.872,1,0.15,0,13,1.0,0.0
SKU-GRO-003,Cold-Pressed Mustard Oil 1L,Staples & Groceries,66,2025-03-31,172,33540.0,135.0,195.0,214,156,174,163,149,151,176.75,25.91,177.88,32.53,0.183,1.211,0,0.0,0,14,0.9927,-0.1205
SKU-GRO-003,Cold-Pressed Mustard Oil 1L,Staples & Groceries,67,2025-04-07,160,31200.0,135.0,195.0,172,214,156,174,207,187,179.0,24.68,180.75,30.57,0.169,0.961,0,0.0,0,15,0.9709,-0.2393
SKU-GRO-003,Cold-Pressed Mustard Oil 1L,Staples & Groceries,68,2025-04-14,172,33540.0,135.0,195.0,160,172,214,156,137,143,175.5,26.55,174.88,29.3,0.168,0.912,0,0.0,0,16,0.935,-0.3546
SKU-GRO-003,Cold-Pressed Mustard Oil 1L,Staples & Groceries,69,2025-04-21,172,33540.0,135.0,195.0,172,160,172,214,223,182,179.5,23.69,179.25,25.16,0.14,0.958,0,0.0,0,17,0.8855,-0.4647
SKU-GRO-003,Cold-Pressed Mustard Oil 1L,Staples & Groceries,70,2025-04-28,208,40560.0,135.0,195.0,172,172,160,172,163,179,169.0,6.0,172.88,17.9,0.104,1.018,0,0.0,1,18,0.823,-0.5681
SKU-GRO-003,Cold-Pressed Mustard Oil 1L,Staples & Groceries,71,2025-05-05,163,31785.0,135.0,195.0,208,172,172,160,174,188,178.0,20.78,178.5,21.13,0.118,1.169,0,0.0,0,19,0.7485,-0.6631
SKU-GRO-003,Cold-Pressed Mustard Oil 1L,Staples & Groceries,72,2025-05-12,232,38454.0,135.0,195.0,163,208,172,172,156,200,178.75,19.96,177.12,21.81,0.123,0.912,1,0.15,0,20,0.6631,-0.7485
SKU-GRO-003,Cold-Pressed Mustard Oil 1L,Staples & Groceries,73,2025-05-19,244,47580.0,135.0,195.0,232,163,208,172,214,106,193.75,32.07,186.62,27.19,0.146,1.197,0,0.0,0,21,0.5681,-0.823
SKU-GRO-003,Cold-Pressed Mustard Oil 1L,Staples & Groceries,74,2025-05-26,192,37440.0,135.0,195.0,244,232,163,208,172,155,211.75,35.78,190.38,32.96,0.173,1.152,0,0.0,0,22,0.4647,-0.8855
SKU-GRO-003,Cold-Pressed Mustard Oil 1L,Staples & Groceries,75,2025-06-02,236,46020.0,135.0,195.0,192,244,232,163,160,244,207.75,37.21,192.88,32.11,0.166,0.924,0,0.0,0,23,0.3546,-0.935
SKU-GRO-003,Cold-Pressed Mustard Oil 1L,Staples & Groceries,76,2025-06-09,176,34320.0,135.0,195.0,236,192,244,232,172,181,226.0,23.21,202.38,32.24,0.159,1.044,0,0.0,0,24,0.2393,-0.9709
SKU-GRO-003,Cold-Pressed Mustard Oil 1L,Staples & Groceries,77,2025-06-16,183,35685.0,135.0,195.0,176,236,192,244,172,234,212.0,33.15,202.88,31.73,0.156,0.83,0,0.0,0,25,0.1205,-0.9927
SKU-GRO-003,Cold-Pressed Mustard Oil 1L,Staples & Groceries,78,2025-06-23,255,49725.0,135.0,195.0,183,176,236,192,208,133,196.75,26.97,204.25,30.41,0.149,0.93,0,0.0,0,26,0.0,-1.0
SKU-GRO-003,Cold-Pressed Mustard Oil 1L,Staples & Groceries,79,2025-06-30,233,38619.75,135.0,195.0,255,183,176,236,163,120,212.5,38.99,210.12,35.37,0.168,1.2,1,0.15,0,27,-0.1205,-0.9927
SKU-GRO-003,Cold-Pressed Mustard Oil 1L,Staples & Groceries,80,2025-07-07,163,31785.0,135.0,195.0,233,255,183,176,232,154,211.75,38.41,218.88,30.35,0.139,1.1,0,0.0,1,28,-0.2393,-0.9709
SKU-GRO-003,Cold-Pressed Mustard Oil 1L,Staples & Groceries,81,2025-07-14,178,34710.0,135.0,195.0,163,233,255,183,244,168,208.5,42.75,210.25,35.46,0.169,0.782,0,0.0,0,29,-0.3546,-0.935
SKU-GRO-003,Cold-Pressed Mustard Oil 1L,Staples & Groceries,82,2025-07-21,146,28470.0,135.0,195.0,178,163,233,255,192,171,207.25,43.81,202.0,34.14,0.169,0.859,0,0.0,0,30,-0.4647,-0.8855
SKU-GRO-003,Cold-Pressed Mustard Oil 1L,Staples & Groceries,83,2025-07-28,174,33930.0,135.0,195.0,146,178,163,233,236,176,180.0,37.67,196.25,39.52,0.201,0.811,0,0.0,0,31,-0.5681,-0.823
SKU-GRO-003,Cold-Pressed Mustard Oil 1L,Staples & Groceries,84,2025-08-04,129,25155.0,135.0,195.0,174,146,178,163,176,138,165.25,14.31,188.5,36.58,0.194,1.053,0,0.0,0,32,-0.6631,-0.7485
SKU-GRO-003,Cold-Pressed Mustard Oil 1L,Staples & Groceries,85,2025-08-11,183,35685.0,135.0,195.0,129,174,146,178,183,227,156.75,23.34,182.62,42.21,0.231,0.823,0,0.0,1,33,-0.7485,-0.6631
SKU-GRO-003,Cold-Pressed Mustard Oil 1L,Staples & Groceries,86,2025-08-18,213,35304.75,135.0,195.0,183,129,174,146,255,155,158.0,24.94,182.62,42.21,0.231,1.158,1,0.15,0,34,-0.823,-0.5681
SKU-GRO-003,Cold-Pressed Mustard Oil 1L,Staples & Groceries,87,2025-08-25,145,28275.0,135.0,195.0,213,183,129,174,233,146,174.75,34.76,177.38,33.67,0.19,1.219,0,0.0,0,35,-0.8855,-0.4647
SKU-GRO-003,Cold-Pressed Mustard Oil 1L,Staples & Groceries,88,2025-09-01,124,24180.0,135.0,195.0,145,213,183,129,163,153,167.5,37.85,166.38,26.52,0.159,0.866,0,0.0,0,36,-0.935,-0.3546
SKU-GRO-003,Cold-Pressed Mustard Oil 1L,Staples & Groceries,89,2025-09-08,119,23205.0,135.0,195.0,124,145,213,183,178,219,166.25,39.59,161.5,30.51,0.189,0.746,0,0.0,0,37,-0.9709,-0.2393
SKU-GRO-003,Cold-Pressed Mustard Oil 1L,Staples & Groceries,90,2025-09-15,149,29055.0,135.0,195.0,119,124,145,213,146,127,150.25,43.32,154.12,32.99,0.214,0.792,0,0.0,0,38,-0.9927,-0.1205
SKU-GRO-003,Cold-Pressed Mustard Oil 1L,Staples & Groceries,91,2025-09-22,120,23400.0,135.0,195.0,149,119,124,145,174,126,134.25,14.95,154.5,32.9,0.213,1.11,0,0.0,0,39,-1.0,-0.0
SKU-GRO-003,Cold-Pressed Mustard Oil 1L,Staples & Groceries,92,2025-09-29,136,26520.0,135.0,195.0,120,149,119,124,129,119,128.0,14.17,147.75,33.85,0.229,0.938,0,0.0,0,40,-0.9927,0.1205
SKU-GRO-003,Cold-Pressed Mustard Oil 1L,Staples & Groceries,93,2025-10-06,301,49890.75,135.0,195.0,136,120,149,119,183,188,131.0,14.31,148.62,33.38,0.225,1.038,1,0.15,1,41,-0.9709,0.2393
SKU-GRO-003,Cold-Pressed Mustard Oil 1L,Staples & Groceries,94,2025-10-13,185,36075.0,135.0,195.0,301,136,120,149,213,137,176.5,83.84,163.38,63.36,0.388,1.705,0,0.0,0,42,-0.935,0.3546
SKU-GRO-003,Cold-Pressed Mustard Oil 1L,Staples & Groceries,95,2025-10-20,154,30030.0,135.0,195.0,185,301,136,120,145,146,185.5,81.81,159.88,60.95,0.381,0.997,0,0.0,0,43,-0.8855,0.4647
SKU-GRO-003,Cold-Pressed Mustard Oil 1L,Staples & Groceries,96,2025-10-27,353,68835.0,135.0,195.0,154,185,301,136,124,380,194.0,74.15,161.0,60.72,0.377,0.794,0,0.0,1,44,-0.823,0.5681
SKU-GRO-003,Cold-Pressed Mustard Oil 1L,Staples & Groceries,97,2025-11-03,184,35880.0,135.0,195.0,353,154,185,301,119,126,248.25,94.23,189.62,88.44,0.466,1.422,0,0.0,0,45,-0.7485,0.6631
SKU-GRO-003,Cold-Pressed Mustard Oil 1L,Staples & Groceries,98,2025-11-10,178,34710.0,135.0,195.0,184,353,154,185,149,141,219.0,90.48,197.75,83.89,0.424,0.84,0,0.0,0,46,-0.6631,0.7485
SKU-GRO-003,Cold-Pressed Mustard Oil 1L,Staples & Groceries,99,2025-11-17,204,39780.0,135.0,195.0,178,184,353,154,120,129,217.25,91.42,201.38,82.09,0.408,0.819,0,0.0,0,47,-0.5681,0.823
SKU-GRO-003,Cold-Pressed Mustard Oil 1L,Staples & Groceries,100,2025-11-24,172,28509.0,135.0,195.0,204,178,184,353,136,184,229.75,82.92,211.88,75.29,0.355,0.888,1,0.15,0,48,-0.4647,0.8855
SKU-GRO-003,Cold-Pressed Mustard Oil 1L,Staples & Groceries,101,2025-12-01,187,36465.0,135.0,195.0,172,204,178,184,301,189,184.5,13.89,216.38,71.06,0.328,0.932,0,0.0,0,49,-0.3546,0.935
SKU-GRO-003,Cold-Pressed Mustard Oil 1L,Staples & Groceries,102,2025-12-08,215,41925.0,135.0,195.0,187,172,204,178,185,158,185.25,13.94,202.12,62.59,0.31,1.009,0,0.0,0,50,-0.2393,0.9709
SKU-GRO-003,Cold-Pressed Mustard Oil 1L,Staples & Groceries,103,2025-12-15,203,39585.0,135.0,195.0,215,187,172,204,154,205,194.5,18.91,205.88,62.32,0.303,1.105,0,0.0,1,51,-0.1205,0.9927
SKU-GRO-003,Cold-Pressed Mustard Oil 1L,Staples & Groceries,104,2025-12-22,192,37440.0,135.0,195.0,203,215,187,172,353,208,194.25,18.75,212.0,58.8,0.277,1.045,0,0.0,0,52,-0.0,1.0
SKU-GRO-004,Organic Toor Dal 2kg,Staples & Groceries,1,2024-01-01,97,26675.0,190.0,275.0,97,97,97,97,97,97,97.0,0.0,97.0,0.0,0.0,1.0,0,0.0,0,1,0.1205,0.9927
SKU-GRO-004,Organic Toor Dal 2kg,Staples & Groceries,2,2024-01-08,114,31350.0,190.0,275.0,97,97,97,97,97,97,97.0,0.0,97.0,0.0,0.0,1.0,0,0.0,0,2,0.2393,0.9709
SKU-GRO-004,Organic Toor Dal 2kg,Staples & Groceries,3,2024-01-15,222,61050.0,190.0,275.0,114,97,97,97,97,97,105.5,12.02,105.5,12.02,0.114,1.081,0,0.0,1,3,0.3546,0.935
SKU-GRO-004,Organic Toor Dal 2kg,Staples & Groceries,4,2024-01-22,158,43450.0,190.0,275.0,222,114,97,97,97,97,144.33,67.8,144.33,67.8,0.47,1.538,0,0.0,0,4,0.4647,0.8855
SKU-GRO-004,Organic Toor Dal 2kg,Staples & Groceries,5,2024-01-29,205,47918.75,190.0,275.0,158,222,114,97,97,97,147.75,55.78,147.75,55.78,0.377,1.069,1,0.15,0,5,0.5681,0.823
SKU-GRO-004,Organic Toor Dal 2kg,Staples & Groceries,6,2024-02-05,113,31075.0,190.0,275.0,205,158,222,114,114,114,174.75,48.71,159.2,54.67,0.343,1.173,0,0.0,0,6,0.6631,0.7485
SKU-GRO-004,Organic Toor Dal 2kg,Staples & Groceries,7,2024-02-12,139,38225.0,190.0,275.0,113,205,158,222,222,222,174.5,49.13,151.5,52.41,0.346,0.648,0,0.0,0,7,0.7485,0.6631
SKU-GRO-004,Organic Toor Dal 2kg,Staples & Groceries,8,2024-02-19,101,27775.0,190.0,275.0,139,113,205,158,158,158,153.75,38.83,149.71,48.08,0.321,0.904,0,0.0,0,8,0.823,0.5681
SKU-GRO-004,Organic Toor Dal 2kg,Staples & Groceries,9,2024-02-26,132,36300.0,190.0,275.0,101,139,113,205,97,97,139.5,46.46,143.62,47.73,0.332,0.724,0,0.0,0,9,0.8855,0.4647
SKU-GRO-004,Organic Toor Dal 2kg,Staples & Groceries,10,2024-03-04,133,36575.0,190.0,275.0,132,101,139,113,114,114,121.25,17.4,148.0,44.32,0.299,1.089,0,0.0,0,10,0.935,0.3546
SKU-GRO-004,Organic Toor Dal 2kg,Staples & Groceries,11,2024-03-11,152,41800.0,190.0,275.0,133,132,101,139,222,222,126.25,17.11,150.38,42.72,0.284,1.053,0,0.0,1,11,0.9709,0.2393
SKU-GRO-004,Organic Toor Dal 2kg,Staples & Groceries,12,2024-03-18,182,42542.5,190.0,275.0,152,133,132,101,158,158,129.5,21.11,141.62,31.7,0.224,1.174,1,0.15,0,12,0.9927,0.1205
SKU-GRO-004,Organic Toor Dal 2kg,Staples & Groceries,13,2024-03-25,153,42075.0,190.0,275.0,182,152,133,132,205,205,149.75,23.39,144.62,34.49,0.238,1.215,0,0.0,0,13,1.0,0.0
SKU-GRO-004,Organic Toor Dal 2kg,Staples & Groceries,14,2024-04-01,137,37675.0,190.0,275.0,153,182,152,133,113,113,155.0,20.22,138.12,25.11,0.182,0.987,0,0.0,0,14,0.9927,-0.1205
SKU-GRO-004,Organic Toor Dal 2kg,Staples & Groceries,15,2024-04-08,139,38225.0,190.0,275.0,137,153,182,152,139,139,156.0,18.81,141.12,23.02,0.163,0.878,0,0.0,0,15,0.9709,-0.2393
SKU-GRO-004,Organic Toor Dal 2kg,Staples & Groceries,16,2024-04-15,144,39600.0,190.0,275.0,139,137,153,182,101,101,152.75,20.76,141.12,23.02,0.163,0.91,0,0.0,0,16,0.935,-0.3546
SKU-GRO-004,Organic Toor Dal 2kg,Staples & Groceries,17,2024-04-22,151,41525.0,190.0,275.0,144,139,137,153,132,132,143.25,7.14,146.5,16.38,0.112,1.005,0,0.0,0,17,0.8855,-0.4647
SKU-GRO-004,Organic Toor Dal 2kg,Staples & Groceries,18,2024-04-29,156,42900.0,190.0,275.0,151,144,139,137,133,133,142.75,6.24,148.88,15.32,0.103,1.058,0,0.0,1,18,0.823,-0.5681
SKU-GRO-004,Organic Toor Dal 2kg,Staples & Groceries,19,2024-05-06,179,41841.25,190.0,275.0,156,151,144,139,152,152,147.5,7.51,151.75,14.02,0.092,1.058,1,0.15,0,19,0.7485,-0.6631
SKU-GRO-004,Organic Toor Dal 2kg,Staples & Groceries,20,2024-05-13,166,45650.0,190.0,275.0,179,156,151,144,182,182,157.5,15.15,155.12,17.02,0.11,1.137,0,0.0,0,20,0.6631,-0.7485
SKU-GRO-004,Organic Toor Dal 2kg,Staples & Groceries,21,2024-05-20,136,37400.0,190.0,275.0,166,179,156,151,153,153,163.0,12.36,153.12,14.1,0.092,1.018,0,0.0,0,21,0.5681,-0.823
SKU-GRO-004,Organic Toor Dal 2kg,Staples & Groceries,22,2024-05-27,136,37400.0,190.0,275.0,136,166,179,156,137,137,159.25,18.14,151.0,15.34,0.102,0.854,0,0.0,0,22,0.4647,-0.8855
SKU-GRO-004,Organic Toor Dal 2kg,Staples & Groceries,23,2024-06-03,156,42900.0,190.0,275.0,136,136,166,179,139,139,154.25,21.73,150.88,15.48,0.103,0.882,0,0.0,0,23,0.3546,-0.935
SKU-GRO-004,Organic Toor Dal 2kg,Staples & Groceries,24,2024-06-10,135,37125.0,190.0,275.0,156,136,136,166,144,144,148.5,15.0,153.0,14.76,0.097,1.051,0,0.0,0,24,0.2393,-0.9709
SKU-GRO-004,Organic Toor Dal 2kg,Staples & Groceries,25,2024-06-17,146,40150.0,190.0,275.0,135,156,136,136,151,151,140.75,10.18,151.88,15.85,0.104,0.959,0,0.0,0,25,0.1205,-0.9927
SKU-GRO-004,Organic Toor Dal 2kg,Staples & Groceries,26,2024-06-24,111,25946.25,190.0,275.0,146,135,156,136,156,156,143.25,9.84,151.25,15.99,0.106,1.019,1,0.15,0,26,0.0,-1.0
SKU-GRO-004,Organic Toor Dal 2kg,Staples & Groceries,27,2024-07-01,140,38500.0,190.0,275.0,111,146,135,156,179,179,137.0,19.34,145.62,21.16,0.145,0.81,0,0.0,0,27,-0.1205,-0.9927
SKU-GRO-004,Organic Toor Dal 2kg,Staples & Groceries,28,2024-07-08,88,24200.0,190.0,275.0,140,111,146,135,166,166,133.0,15.34,140.75,16.31,0.116,1.053,0,0.0,1,28,-0.2393,-0.9709
SKU-GRO-004,Organic Toor Dal 2kg,Staples & Groceries,29,2024-07-15,150,41250.0,190.0,275.0,88,140,111,146,136,136,121.25,26.92,131.0,21.53,0.164,0.726,0,0.0,0,29,-0.3546,-0.935
SKU-GRO-004,Organic Toor Dal 2kg,Staples & Groceries,30,2024-07-22,122,33550.0,190.0,275.0,150,88,140,111,136,136,122.25,28.19,132.75,22.54,0.17,1.227,0,0.0,0,30,-0.4647,-0.8855
SKU-GRO-004,Organic Toor Dal 2kg,Staples & Groceries,31,2024-07-29,108,29700.0,190.0,275.0,122,150,88,140,156,156,125.0,27.25,131.0,22.8,0.174,0.976,0,0.0,0,31,-0.5681,-0.823
SKU-GRO-004,Organic Toor Dal 2kg,Staples & Groceries,32,2024-08-05,152,41800.0,190.0,275.0,108,122,150,88,135,135,117.0,26.05,125.0,21.56,0.172,0.923,0,0.0,0,32,-0.6631,-0.7485
SKU-GRO-004,Organic Toor Dal 2kg,Staples & Groceries,33,2024-08-12,213,49788.75,190.0,275.0,152,108,122,150,146,146,133.0,21.57,127.12,23.44,0.184,1.143,1,0.15,1,33,-0.7485,-0.6631
SKU-GRO-004,Organic Toor Dal 2kg,Staples & Groceries,34,2024-08-19,163,44825.0,190.0,275.0,213,152,108,122,111,111,148.75,46.6,135.5,38.37,0.283,1.432,0,0.0,0,34,-0.823,-0.5681
SKU-GRO-004,Organic Toor Dal 2kg,Staples & Groceries,35,2024-08-26,88,24200.0,190.0,275.0,163,213,152,108,140,140,159.0,43.14,142.0,38.03,0.268,1.025,0,0.0,0,35,-0.8855,-0.4647
SKU-GRO-004,Organic Toor Dal 2kg,Staples & Groceries,36,2024-09-02,140,38500.0,190.0,275.0,88,163,213,152,88,88,154.0,51.39,135.5,42.59,0.314,0.571,0,0.0,0,36,-0.935,-0.3546
SKU-GRO-004,Organic Toor Dal 2kg,Staples & Groceries,37,2024-09-09,152,41800.0,190.0,275.0,140,88,163,213,150,150,151.0,51.89,142.0,38.03,0.268,0.927,0,0.0,0,37,-0.9709,-0.2393
SKU-GRO-004,Organic Toor Dal 2kg,Staples & Groceries,38,2024-09-16,109,29975.0,190.0,275.0,152,140,88,163,122,122,135.75,33.19,142.25,38.09,0.268,1.12,0,0.0,0,38,-0.9927,-0.1205
SKU-GRO-004,Organic Toor Dal 2kg,Staples & Groceries,39,2024-09-23,125,34375.0,190.0,275.0,109,152,140,88,108,108,122.25,29.15,140.62,39.34,0.28,0.892,0,0.0,0,39,-1.0,-0.0
SKU-GRO-004,Organic Toor Dal 2kg,Staples & Groceries,40,2024-09-30,159,37166.25,190.0,275.0,125,109,152,140,152,152,131.5,18.63,142.75,37.75,0.264,0.951,1,0.15,0,40,-0.9927,0.1205
SKU-GRO-004,Organic Toor Dal 2kg,Staples & Groceries,41,2024-10-07,179,49225.0,190.0,275.0,159,125,109,152,213,213,136.25,23.34,143.62,38.07,0.265,1.167,0,0.0,1,41,-0.9709,0.2393
SKU-GRO-004,Organic Toor Dal 2kg,Staples & Groceries,42,2024-10-14,112,30800.0,190.0,275.0,179,159,125,109,163,163,143.0,31.79,139.38,30.34,0.218,1.252,0,0.0,0,42,-0.935,0.3546
SKU-GRO-004,Organic Toor Dal 2kg,Staples & Groceries,43,2024-10-21,116,31900.0,190.0,275.0,112,179,159,125,88,88,143.75,30.74,133.0,30.02,0.226,0.779,0,0.0,0,43,-0.8855,0.4647
SKU-GRO-004,Organic Toor Dal 2kg,Staples & Groceries,44,2024-10-28,215,59125.0,190.0,275.0,116,112,179,159,140,140,141.5,32.83,136.5,25.28,0.185,0.82,0,0.0,1,44,-0.823,0.5681
SKU-GRO-004,Organic Toor Dal 2kg,Staples & Groceries,45,2024-11-04,120,33000.0,190.0,275.0,215,116,112,179,152,152,155.5,50.15,145.88,37.65,0.258,1.383,0,0.0,0,45,-0.7485,0.6631
SKU-GRO-004,Organic Toor Dal 2kg,Staples & Groceries,46,2024-11-11,144,39600.0,190.0,275.0,120,215,116,112,109,109,140.75,49.61,141.88,38.59,0.272,0.853,0,0.0,0,46,-0.6631,0.7485
SKU-GRO-004,Organic Toor Dal 2kg,Staples & Groceries,47,2024-11-18,154,35997.5,190.0,275.0,144,120,215,116,125,125,148.75,45.86,146.25,36.24,0.248,0.968,1,0.15,0,47,-0.5681,0.823
SKU-GRO-004,Organic Toor Dal 2kg,Staples & Groceries,48,2024-11-25,116,31900.0,190.0,275.0,154,144,120,215,159,159,158.25,40.43,149.88,35.25,0.235,0.973,0,0.0,0,48,-0.4647,0.8855
SKU-GRO-004,Organic Toor Dal 2kg,Staples & Groceries,49,2024-12-02,129,35475.0,190.0,275.0,116,154,144,120,179,179,133.5,18.43,144.5,36.9,0.255,0.869,0,0.0,0,49,-0.3546,0.935
SKU-GRO-004,Organic Toor Dal 2kg,Staples & Groceries,50,2024-12-09,146,40150.0,190.0,275.0,129,116,154,144,112,112,135.75,16.7,138.25,34.37,0.249,0.95,0,0.0,0,50,-0.2393,0.9709
SKU-GRO-004,Organic Toor Dal 2kg,Staples & Groceries,51,2024-12-16,186,51150.0,190.0,275.0,146,129,116,154,116,116,136.25,17.06,142.5,32.72,0.23,1.072,0,0.0,1,51,-0.1205,0.9927
SKU-GRO-004,Organic Toor Dal 2kg,Staples & Groceries,52,2024-12-23,118,32450.0,190.0,275.0,186,146,129,116,215,215,144.25,30.42,151.25,33.96,0.225,1.289,0,0.0,0,52,-0.0,1.0
SKU-GRO-004,Organic Toor Dal 2kg,Staples & Groceries,53,2024-12-30,138,37950.0,190.0,275.0,118,186,146,129,120,97,144.75,29.81,139.12,23.72,0.171,0.815,0,0.0,0,1,0.1205,0.9927
SKU-GRO-004,Organic Toor Dal 2kg,Staples & Groceries,54,2025-01-06,205,47918.75,190.0,275.0,138,118,186,146,144,114,147.0,28.54,141.38,22.47,0.159,0.939,1,0.15,0,2,0.2393,0.9709
SKU-GRO-004,Organic Toor Dal 2kg,Staples & Groceries,55,2025-01-13,138,37950.0,190.0,275.0,205,138,118,186,154,222,161.75,40.57,149.0,31.87,0.214,1.267,0,0.0,1,3,0.3546,0.935
SKU-GRO-004,Organic Toor Dal 2kg,Staples & Groceries,56,2025-01-20,165,45375.0,190.0,275.0,138,205,138,118,116,158,149.75,38.02,147.0,32.01,0.218,0.922,0,0.0,0,4,0.4647,0.8855
SKU-GRO-004,Organic Toor Dal 2kg,Staples & Groceries,57,2025-01-27,146,40150.0,190.0,275.0,165,138,205,138,129,205,161.5,31.67,153.12,29.85,0.195,1.022,0,0.0,0,5,0.5681,0.823
SKU-GRO-004,Organic Toor Dal 2kg,Staples & Groceries,58,2025-02-03,187,51425.0,190.0,275.0,146,165,138,205,146,113,163.5,29.89,155.25,28.46,0.183,0.893,0,0.0,0,6,0.6631,0.7485
SKU-GRO-004,Organic Toor Dal 2kg,Staples & Groceries,59,2025-02-10,158,43450.0,190.0,275.0,187,146,165,138,186,139,159.0,21.83,160.38,30.19,0.188,1.176,0,0.0,0,7,0.7485,0.6631
SKU-GRO-004,Organic Toor Dal 2kg,Staples & Groceries,60,2025-02-17,131,36025.0,190.0,275.0,158,187,146,165,118,101,164.0,17.22,156.88,28.37,0.181,0.963,0,0.0,0,8,0.823,0.5681
SKU-GRO-004,Organic Toor Dal 2kg,Staples & Groceries,61,2025-02-24,154,35997.5,190.0,275.0,131,158,187,146,138,132,155.5,23.73,158.5,26.1,0.165,0.842,1,0.15,0,9,0.8855,0.4647
SKU-GRO-004,Organic Toor Dal 2kg,Staples & Groceries,62,2025-03-03,191,52525.0,190.0,275.0,154,131,158,187,205,133,157.5,22.99,160.5,24.89,0.155,0.978,0,0.0,0,10,0.935,0.3546
SKU-GRO-004,Organic Toor Dal 2kg,Staples & Groceries,63,2025-03-10,144,39600.0,190.0,275.0,191,154,131,158,138,152,158.5,24.72,158.75,21.59,0.136,1.205,0,0.0,1,11,0.9709,0.2393
SKU-GRO-004,Organic Toor Dal 2kg,Staples & Groceries,64,2025-03-17,140,38500.0,190.0,275.0,144,191,154,131,165,182,155.0,25.78,159.5,20.86,0.131,0.929,0,0.0,0,12,0.9927,0.1205
SKU-GRO-004,Organic Toor Dal 2kg,Staples & Groceries,65,2025-03-24,153,42075.0,190.0,275.0,140,144,191,154,146,153,157.25,23.26,156.38,21.77,0.139,0.89,0,0.0,0,13,1.0,0.0
SKU-GRO-004,Organic Toor Dal 2kg,Staples & Groceries,66,2025-03-31,138,37950.0,190.0,275.0,153,140,144,191,187,137,157.0,23.31,157.25,21.43,0.136,0.975,0,0.0,0,14,0.9927,-0.1205
SKU-GRO-004,Organic Toor Dal 2kg,Staples & Groceries,67,2025-04-07,106,29150.0,190.0,275.0,138,153,140,144,158,139,143.75,6.65,151.12,18.52,0.123,0.96,0,0.0,0,15,0.9709,-0.2393
SKU-GRO-004,Organic Toor Dal 2kg,Staples & Groceries,68,2025-04-14,219,51191.25,190.0,275.0,106,138,153,140,131,144,134.25,19.97,144.62,24.06,0.166,0.79,1,0.15,0,16,0.935,-0.3546
SKU-GRO-004,Organic Toor Dal 2kg,Staples & Groceries,69,2025-04-21,135,37125.0,190.0,275.0,219,106,138,153,154,151,154.0,47.56,155.62,34.7,0.223,1.422,0,0.0,0,17,0.8855,-0.4647
SKU-GRO-004,Organic Toor Dal 2kg,Staples & Groceries,70,2025-04-28,150,41250.0,190.0,275.0,135,219,106,138,191,156,149.5,48.53,153.25,35.47,0.231,0.903,0,0.0,1,18,0.823,-0.5681
SKU-GRO-004,Organic Toor Dal 2kg,Staples & Groceries,71,2025-05-05,114,31350.0,190.0,275.0,150,135,219,106,144,179,152.5,47.95,148.12,32.03,0.216,0.984,0,0.0,0,19,0.7485,-0.6631
SKU-GRO-004,Organic Toor Dal 2kg,Staples & Groceries,72,2025-05-12,173,47575.0,190.0,275.0,114,150,135,219,140,166,154.5,45.46,144.38,34.26,0.237,0.738,0,0.0,0,20,0.6631,-0.7485
SKU-GRO-004,Organic Toor Dal 2kg,Staples & Groceries,73,2025-05-19,153,42075.0,190.0,275.0,173,114,150,135,153,136,143.0,24.86,148.5,35.62,0.24,1.21,0,0.0,0,21,0.5681,-0.823
SKU-GRO-004,Organic Toor Dal 2kg,Staples & Groceries,74,2025-05-26,149,40975.0,190.0,275.0,153,173,114,150,138,136,147.5,24.56,148.5,35.62,0.24,1.037,0,0.0,0,22,0.4647,-0.8855
SKU-GRO-004,Organic Toor Dal 2kg,Staples & Groceries,75,2025-06-02,189,44178.75,190.0,275.0,149,153,173,114,106,156,147.25,24.53,149.88,35.37,0.236,1.012,1,0.15,0,23,0.3546,-0.935
SKU-GRO-004,Organic Toor Dal 2kg,Staples & Groceries,76,2025-06-09,144,39600.0,190.0,275.0,189,149,153,173,219,135,166.0,18.58,160.25,32.74,0.204,1.139,0,0.0,0,24,0.2393,-0.9709
SKU-GRO-004,Organic Toor Dal 2kg,Staples & Groceries,77,2025-06-16,146,40150.0,190.0,275.0,144,189,149,153,135,146,158.75,20.5,150.88,22.71,0.151,0.907,0,0.0,0,25,0.1205,-0.9927
SKU-GRO-004,Organic Toor Dal 2kg,Staples & Groceries,78,2025-06-23,143,39325.0,190.0,275.0,146,144,189,149,150,111,157.0,21.43,152.25,21.93,0.144,0.93,0,0.0,0,26,0.0,-1.0
SKU-GRO-004,Organic Toor Dal 2kg,Staples & Groceries,79,2025-06-30,171,47025.0,190.0,275.0,143,146,144,189,114,140,155.5,22.37,151.38,22.17,0.146,0.92,0,0.0,0,27,-0.1205,-0.9927
SKU-GRO-004,Organic Toor Dal 2kg,Staples & Groceries,80,2025-07-07,114,31350.0,190.0,275.0,171,143,146,144,173,88,151.0,13.39,158.5,17.0,0.107,1.132,0,0.0,1,28,-0.2393,-0.9709
SKU-GRO-004,Organic Toor Dal 2kg,Staples & Groceries,81,2025-07-14,150,41250.0,190.0,275.0,114,171,143,146,153,150,143.5,23.33,151.12,21.91,0.145,0.794,0,0.0,0,29,-0.3546,-0.935
SKU-GRO-004,Organic Toor Dal 2kg,Staples & Groceries,82,2025-07-21,184,43010.0,190.0,275.0,150,114,171,143,149,122,144.5,23.56,150.75,21.89,0.145,1.038,1,0.15,0,30,-0.4647,-0.8855
SKU-GRO-004,Organic Toor Dal 2kg,Staples & Groceries,83,2025-07-28,120,33000.0,190.0,275.0,184,150,114,171,189,108,154.75,30.57,155.12,24.8,0.16,1.189,0,0.0,0,31,-0.5681,-0.823
SKU-GRO-004,Organic Toor Dal 2kg,Staples & Groceries,84,2025-08-04,166,45650.0,190.0,275.0,120,184,150,114,144,152,142.0,32.12,146.5,23.29,0.159,0.845,0,0.0,0,32,-0.6631,-0.7485
SKU-GRO-004,Organic Toor Dal 2kg,Staples & Groceries,85,2025-08-11,170,46750.0,190.0,275.0,166,120,184,150,146,213,155.0,27.15,149.25,24.23,0.162,1.071,0,0.0,1,33,-0.7485,-0.6631
SKU-GRO-004,Organic Toor Dal 2kg,Staples & Groceries,86,2025-08-18,128,35200.0,190.0,275.0,170,166,120,184,143,163,160.0,27.76,152.25,25.23,0.166,1.062,0,0.0,0,34,-0.823,-0.5681
SKU-GRO-004,Organic Toor Dal 2kg,Staples & Groceries,87,2025-08-25,110,30250.0,190.0,275.0,128,170,166,120,171,88,146.0,25.66,150.38,26.54,0.177,0.877,0,0.0,0,35,-0.8855,-0.4647
SKU-GRO-004,Organic Toor Dal 2kg,Staples & Groceries,88,2025-09-01,107,29425.0,190.0,275.0,110,128,170,166,114,140,143.5,29.27,142.75,28.46,0.199,0.767,0,0.0,0,36,-0.935,-0.3546
SKU-GRO-004,Organic Toor Dal 2kg,Staples & Groceries,89,2025-09-08,160,37400.0,190.0,275.0,107,110,128,170,150,152,128.75,29.02,141.88,29.56,0.208,0.831,1,0.15,0,37,-0.9709,-0.2393
SKU-GRO-004,Organic Toor Dal 2kg,Staples & Groceries,90,2025-09-15,168,46200.0,190.0,275.0,160,107,110,128,184,109,126.25,24.34,143.12,30.16,0.211,1.267,0,0.0,0,38,-0.9927,-0.1205
SKU-GRO-004,Organic Toor Dal 2kg,Staples & Groceries,91,2025-09-22,155,42625.0,190.0,275.0,168,160,107,110,120,125,136.25,32.23,141.12,27.47,0.195,1.233,0,0.0,0,39,-1.0,-0.0
SKU-GRO-004,Organic Toor Dal 2kg,Staples & Groceries,92,2025-09-29,97,26675.0,190.0,275.0,155,168,160,107,166,159,147.5,27.53,145.5,26.39,0.181,1.051,0,0.0,0,40,-0.9927,0.1205
SKU-GRO-004,Organic Toor Dal 2kg,Staples & Groceries,93,2025-10-06,178,48950.0,190.0,275.0,97,155,168,160,170,179,145.0,32.44,136.88,29.79,0.218,0.669,0,0.0,1,41,-0.9709,0.2393
SKU-GRO-004,Organic Toor Dal 2kg,Staples & Groceries,94,2025-10-13,190,52250.0,190.0,275.0,178,97,155,168,128,112,149.5,36.24,137.88,31.17,0.226,1.191,0,0.0,0,42,-0.935,0.3546
SKU-GRO-004,Organic Toor Dal 2kg,Staples & Groceries,95,2025-10-20,143,39325.0,190.0,275.0,190,178,97,155,110,116,155.0,41.3,145.62,35.73,0.245,1.226,0,0.0,0,43,-0.8855,0.4647
SKU-GRO-004,Organic Toor Dal 2kg,Staples & Groceries,96,2025-10-27,278,64982.5,190.0,275.0,143,190,178,97,107,215,152.0,41.74,149.75,32.82,0.219,0.941,1,0.15,1,44,-0.823,0.5681
SKU-GRO-004,Organic Toor Dal 2kg,Staples & Groceries,97,2025-11-03,147,40425.0,190.0,275.0,278,143,190,178,160,120,197.25,57.41,171.12,51.42,0.3,1.409,0,0.0,0,45,-0.7485,0.6631
SKU-GRO-004,Organic Toor Dal 2kg,Staples & Groceries,98,2025-11-10,136,37400.0,190.0,275.0,147,278,143,190,168,144,189.5,62.72,169.5,52.02,0.307,0.776,0,0.0,0,46,-0.6631,0.7485
SKU-GRO-004,Organic Toor Dal 2kg,Staples & Groceries,99,2025-11-17,158,43450.0,190.0,275.0,136,147,278,143,155,154,176.0,68.15,165.5,53.36,0.322,0.773,0,0.0,0,47,-0.5681,0.823
SKU-GRO-004,Organic Toor Dal 2kg,Staples & Groceries,100,2025-11-24,168,46200.0,190.0,275.0,158,136,147,278,97,116,179.75,66.11,165.88,53.29,0.321,0.879,0,0.0,0,48,-0.4647,0.8855
SKU-GRO-004,Organic Toor Dal 2kg,Staples & Groceries,101,2025-12-01,141,38775.0,190.0,275.0,168,158,136,147,178,129,152.25,13.82,174.75,45.53,0.261,1.103,0,0.0,0,49,-0.3546,0.935
SKU-GRO-004,Organic Toor Dal 2kg,Staples & Groceries,102,2025-12-08,89,24475.0,190.0,275.0,141,168,158,136,190,146,150.75,14.86,170.12,47.01,0.276,0.935,0,0.0,0,50,-0.2393,0.9709
SKU-GRO-004,Organic Toor Dal 2kg,Staples & Groceries,103,2025-12-15,249,58203.75,190.0,275.0,89,141,168,158,143,186,139.0,35.15,157.5,53.96,0.343,0.64,1,0.15,1,51,-0.1205,0.9927
SKU-GRO-004,Organic Toor Dal 2kg,Staples & Groceries,104,2025-12-22,121,33275.0,190.0,275.0,249,89,141,168,278,118,161.75,66.77,170.75,62.26,0.365,1.539,0,0.0,0,52,-0.0,1.0
SKU-GRO-005,Refined Sulphur-Free Sugar 5kg,Staples & Groceries,1,2024-01-01,172,42828.0,180.0,249.0,172,172,172,172,172,172,172.0,0.0,172.0,0.0,0.0,1.0,0,0.0,0,1,0.1205,0.9927
SKU-GRO-005,Refined Sulphur-Free Sugar 5kg,Staples & Groceries,2,2024-01-08,231,57519.0,180.0,249.0,172,172,172,172,172,172,172.0,0.0,172.0,0.0,0.0,1.0,0,0.0,0,2,0.2393,0.9709
SKU-GRO-005,Refined Sulphur-Free Sugar 5kg,Staples & Groceries,3,2024-01-15,231,57519.0,180.0,249.0,231,172,172,172,172,172,201.5,41.72,201.5,41.72,0.207,1.146,0,0.0,1,3,0.3546,0.935
SKU-GRO-005,Refined Sulphur-Free Sugar 5kg,Staples & Groceries,4,2024-01-22,174,36827.1,180.0,249.0,231,231,172,172,172,172,211.33,34.06,211.33,34.06,0.161,1.093,1,0.15,0,4,0.4647,0.8855
SKU-GRO-005,Refined Sulphur-Free Sugar 5kg,Staples & Groceries,5,2024-01-29,191,47559.0,180.0,249.0,174,231,231,172,172,172,202.0,33.5,202.0,33.5,0.166,0.861,0,0.0,0,5,0.5681,0.823
SKU-GRO-005,Refined Sulphur-Free Sugar 5kg,Staples & Groceries,6,2024-02-05,190,47310.0,180.0,249.0,191,174,231,231,231,231,206.75,28.85,199.8,29.42,0.147,0.924,0,0.0,0,6,0.6631,0.7485
SKU-GRO-005,Refined Sulphur-Free Sugar 5kg,Staples & Groceries,7,2024-02-12,190,47310.0,180.0,249.0,190,191,174,231,231,231,196.5,24.28,198.17,26.62,0.134,0.967,0,0.0,0,7,0.7485,0.6631
SKU-GRO-005,Refined Sulphur-Free Sugar 5kg,Staples & Groceries,8,2024-02-19,224,55776.0,180.0,249.0,190,190,191,174,174,174,186.25,8.18,197.0,24.49,0.124,1.02,0,0.0,0,8,0.823,0.5681
SKU-GRO-005,Refined Sulphur-Free Sugar 5kg,Staples & Groceries,9,2024-02-26,189,47061.0,180.0,249.0,224,190,190,191,172,172,198.75,16.84,200.38,24.61,0.123,1.127,0,0.0,0,9,0.8855,0.4647
SKU-GRO-005,Refined Sulphur-Free Sugar 5kg,Staples & Groceries,10,2024-03-04,235,58515.0,180.0,249.0,189,224,190,190,231,231,198.25,17.17,202.5,22.44,0.111,0.953,0,0.0,0,10,0.935,0.3546
SKU-GRO-005,Refined Sulphur-Free Sugar 5kg,Staples & Groceries,11,2024-03-11,221,46774.65,180.0,249.0,235,189,224,190,231,231,209.5,23.53,203.0,23.2,0.114,1.122,1,0.15,1,11,0.9709,0.2393
SKU-GRO-005,Refined Sulphur-Free Sugar 5kg,Staples & Groceries,12,2024-03-18,222,55278.0,180.0,249.0,221,235,189,224,174,174,217.25,19.77,201.75,21.7,0.108,1.017,0,0.0,0,12,0.9927,0.1205
SKU-GRO-005,Refined Sulphur-Free Sugar 5kg,Staples & Groceries,13,2024-03-25,214,53286.0,180.0,249.0,222,221,235,189,191,191,216.75,19.57,207.75,19.45,0.094,1.024,0,0.0,0,13,1.0,0.0
SKU-GRO-005,Refined Sulphur-Free Sugar 5kg,Staples & Groceries,14,2024-04-01,239,59511.0,180.0,249.0,214,222,221,235,190,190,223.0,8.76,210.62,18.28,0.087,0.96,0,0.0,0,14,0.9927,-0.1205
SKU-GRO-005,Refined Sulphur-Free Sugar 5kg,Staples & Groceries,15,2024-04-08,283,70467.0,180.0,249.0,239,214,222,221,190,190,224.0,10.61,216.75,18.59,0.086,1.067,0,0.0,0,15,0.9709,-0.2393
SKU-GRO-005,Refined Sulphur-Free Sugar 5kg,Staples & Groceries,16,2024-04-15,178,44322.0,180.0,249.0,283,239,214,222,224,224,239.5,30.82,228.38,26.76,0.117,1.182,0,0.0,0,16,0.935,-0.3546
SKU-GRO-005,Refined Sulphur-Free Sugar 5kg,Staples & Groceries,17,2024-04-22,188,46812.0,180.0,249.0,178,283,239,214,189,189,228.5,44.12,222.62,32.22,0.145,0.779,0,0.0,0,17,0.8855,-0.4647
SKU-GRO-005,Refined Sulphur-Free Sugar 5kg,Staples & Groceries,18,2024-04-29,317,67093.05,180.0,249.0,188,178,283,239,235,235,222.0,48.66,222.5,32.37,0.145,0.847,1,0.15,1,18,0.823,-0.5681
SKU-GRO-005,Refined Sulphur-Free Sugar 5kg,Staples & Groceries,19,2024-05-06,231,57519.0,180.0,249.0,317,188,178,283,221,221,241.5,69.08,232.75,46.7,0.201,1.313,0,0.0,0,19,0.7485,-0.6631
SKU-GRO-005,Refined Sulphur-Free Sugar 5kg,Staples & Groceries,20,2024-05-13,176,43824.0,180.0,249.0,231,317,188,178,222,222,228.5,63.32,234.0,46.48,0.199,1.011,0,0.0,0,20,0.6631,-0.7485
SKU-GRO-005,Refined Sulphur-Free Sugar 5kg,Staples & Groceries,21,2024-05-20,211,52539.0,180.0,249.0,176,231,317,188,214,214,228.0,63.86,228.25,50.82,0.223,0.772,0,0.0,0,21,0.5681,-0.823
SKU-GRO-005,Refined Sulphur-Free Sugar 5kg,Staples & Groceries,22,2024-05-27,169,42081.0,180.0,249.0,211,176,231,317,239,239,233.75,59.97,227.88,50.95,0.224,0.903,0,0.0,0,22,0.4647,-0.8855
SKU-GRO-005,Refined Sulphur-Free Sugar 5kg,Staples & Groceries,23,2024-06-03,189,47061.0,180.0,249.0,169,211,176,231,283,283,196.75,29.31,219.12,54.64,0.249,0.859,0,0.0,0,23,0.3546,-0.935
SKU-GRO-005,Refined Sulphur-Free Sugar 5kg,Staples & Groceries,24,2024-06-10,145,36105.0,180.0,249.0,189,169,211,176,178,178,186.25,18.46,207.38,48.73,0.235,1.015,0,0.0,0,24,0.2393,-0.9709
SKU-GRO-005,Refined Sulphur-Free Sugar 5kg,Staples & Groceries,25,2024-06-17,212,44869.8,180.0,249.0,145,189,169,211,188,188,178.5,28.16,203.25,52.8,0.26,0.812,1,0.15,0,25,0.1205,-0.9927
SKU-GRO-005,Refined Sulphur-Free Sugar 5kg,Staples & Groceries,26,2024-06-24,152,37848.0,180.0,249.0,212,145,189,169,317,317,178.75,28.55,206.25,52.49,0.254,1.186,0,0.0,0,26,0.0,-1.0
SKU-GRO-005,Refined Sulphur-Free Sugar 5kg,Staples & Groceries,27,2024-07-01,184,45816.0,180.0,249.0,152,212,145,189,231,231,174.5,31.59,185.62,30.61,0.165,0.871,0,0.0,0,27,-0.1205,-0.9927
SKU-GRO-005,Refined Sulphur-Free Sugar 5kg,Staples & Groceries,28,2024-07-08,153,38097.0,180.0,249.0,184,152,212,145,176,176,173.25,30.91,179.75,24.57,0.137,1.062,0,0.0,1,28,-0.2393,-0.9709
SKU-GRO-005,Refined Sulphur-Free Sugar 5kg,Staples & Groceries,29,2024-07-15,187,46563.0,180.0,249.0,153,184,152,212,211,211,175.25,28.65,176.88,26.36,0.149,0.873,0,0.0,0,29,-0.3546,-0.935
SKU-GRO-005,Refined Sulphur-Free Sugar 5kg,Staples & Groceries,30,2024-07-22,158,39342.0,180.0,249.0,187,153,184,152,169,169,169.0,19.1,173.88,23.08,0.133,1.107,0,0.0,0,30,-0.4647,-0.8855
SKU-GRO-005,Refined Sulphur-Free Sugar 5kg,Staples & Groceries,31,2024-07-29,153,38097.0,180.0,249.0,158,187,153,184,189,189,170.5,17.48,172.5,23.73,0.138,0.927,0,0.0,0,31,-0.5681,-0.823
SKU-GRO-005,Refined Sulphur-Free Sugar 5kg,Staples & Groceries,32,2024-08-05,212,44869.8,180.0,249.0,153,158,187,153,145,145,162.75,16.34,168.0,23.57,0.14,0.94,1,0.15,0,32,-0.6631,-0.7485
SKU-GRO-005,Refined Sulphur-Free Sugar 5kg,Staples & Groceries,33,2024-08-12,224,55776.0,180.0,249.0,212,153,158,187,212,212,177.5,27.45,176.38,26.01,0.147,1.194,0,0.0,1,33,-0.7485,-0.6631
SKU-GRO-005,Refined Sulphur-Free Sugar 5kg,Staples & Groceries,34,2024-08-19,169,42081.0,180.0,249.0,224,212,153,158,152,152,186.75,36.47,177.88,28.57,0.161,1.199,0,0.0,0,34,-0.823,-0.5681
SKU-GRO-005,Refined Sulphur-Free Sugar 5kg,Staples & Groceries,35,2024-08-26,150,37350.0,180.0,249.0,169,224,212,153,184,184,189.5,33.91,180.0,26.96,0.15,0.892,0,0.0,0,35,-0.8855,-0.4647
SKU-GRO-005,Refined Sulphur-Free Sugar 5kg,Staples & Groceries,36,2024-09-02,206,51294.0,180.0,249.0,150,169,224,212,153,153,188.75,35.0,175.75,28.85,0.164,0.795,0,0.0,0,36,-0.935,-0.3546
SKU-GRO-005,Refined Sulphur-Free Sugar 5kg,Staples & Groceries,37,2024-09-09,161,40089.0,180.0,249.0,206,150,169,224,187,187,187.25,33.78,182.38,28.97,0.159,1.1,0,0.0,0,37,-0.9709,-0.2393
SKU-GRO-005,Refined Sulphur-Free Sugar 5kg,Staples & Groceries,38,2024-09-16,153,38097.0,180.0,249.0,161,206,150,169,158,158,171.5,24.28,179.12,29.82,0.166,0.939,0,0.0,0,38,-0.9927,-0.1205
SKU-GRO-005,Refined Sulphur-Free Sugar 5kg,Staples & Groceries,39,2024-09-23,216,45716.4,180.0,249.0,153,161,206,150,153,153,167.5,26.08,178.5,30.37,0.17,0.913,1,0.15,0,39,-1.0,-0.0
SKU-GRO-005,Refined Sulphur-Free Sugar 5kg,Staples & Groceries,40,2024-09-30,148,36852.0,180.0,249.0,216,153,161,206,212,212,184.0,31.61,186.38,30.98,0.166,1.174,0,0.0,0,40,-0.9927,0.1205
SKU-GRO-005,Refined Sulphur-Free Sugar 5kg,Staples & Groceries,41,2024-10-07,143,35607.0,180.0,249.0,148,216,153,161,224,224,169.5,31.46,178.38,31.67,0.178,0.873,0,0.0,1,41,-0.9709,0.2393
SKU-GRO-005,Refined Sulphur-Free Sugar 5kg,Staples & Groceries,42,2024-10-14,164,40836.0,180.0,249.0,143,148,216,153,169,169,165.0,34.24,168.25,27.7,0.165,0.867,0,0.0,0,42,-0.935,0.3546
SKU-GRO-005,Refined Sulphur-Free Sugar 5kg,Staples & Groceries,43,2024-10-21,152,37848.0,180.0,249.0,164,143,148,216,150,150,167.75,33.39,167.62,27.74,0.165,0.978,0,0.0,0,43,-0.8855,0.4647
SKU-GRO-005,Refined Sulphur-Free Sugar 5kg,Staples & Groceries,44,2024-10-28,269,66981.0,180.0,249.0,152,164,143,148,206,206,151.75,8.96,167.88,27.57,0.164,1.002,0,0.0,1,44,-0.823,0.5681
SKU-GRO-005,Refined Sulphur-Free Sugar 5kg,Staples & Groceries,45,2024-11-04,163,40587.0,180.0,249.0,269,152,164,143,161,161,182.0,58.63,175.75,44.07,0.251,1.478,0,0.0,0,45,-0.7485,0.6631
SKU-GRO-005,Refined Sulphur-Free Sugar 5kg,Staples & Groceries,46,2024-11-11,245,51854.25,180.0,249.0,163,269,152,164,153,153,187.0,54.94,176.0,43.98,0.25,0.872,1,0.15,0,46,-0.6631,0.7485
SKU-GRO-005,Refined Sulphur-Free Sugar 5kg,Staples & Groceries,47,2024-11-18,169,42081.0,180.0,249.0,245,163,269,152,216,216,207.25,58.45,187.5,48.86,0.261,1.182,0,0.0,0,47,-0.5681,0.823
SKU-GRO-005,Refined Sulphur-Free Sugar 5kg,Staples & Groceries,48,2024-11-25,184,45816.0,180.0,249.0,169,245,163,269,148,148,211.5,53.5,181.62,47.76,0.263,0.799,0,0.0,0,48,-0.4647,0.8855
SKU-GRO-005,Refined Sulphur-Free Sugar 5kg,Staples & Groceries,49,2024-12-02,184,45816.0,180.0,249.0,184,169,245,163,143,143,190.25,37.55,186.12,45.8,0.246,0.967,0,0.0,0,49,-0.3546,0.935
SKU-GRO-005,Refined Sulphur-Free Sugar 5kg,Staples & Groceries,50,2024-12-09,135,33615.0,180.0,249.0,184,184,169,245,164,164,195.5,33.75,191.25,42.45,0.222,0.941,0,0.0,0,50,-0.2393,0.9709
SKU-GRO-005,Refined Sulphur-Free Sugar 5kg,Staples & Groceries,51,2024-12-16,253,62997.0,180.0,249.0,135,184,184,169,152,152,168.0,23.11,187.62,46.19,0.246,0.804,0,0.0,1,51,-0.1205,0.9927
SKU-GRO-005,Refined Sulphur-Free Sugar 5kg,Staples & Groceries,52,2024-12-23,196,48804.0,180.0,249.0,253,135,184,184,269,269,189.0,48.52,200.25,48.79,0.244,1.339,0,0.0,0,52,-0.0,1.0
SKU-GRO-005,Refined Sulphur-Free Sugar 5kg,Staples & Groceries,53,2024-12-30,236,49949.4,180.0,249.0,196,253,135,184,163,172,192.0,48.48,191.12,40.15,0.21,1.021,1,0.15,0,1,0.1205,0.9927
SKU-GRO-005,Refined Sulphur-Free Sugar 5kg,Staples & Groceries,54,2025-01-06,236,58764.0,180.0,249.0,236,196,253,135,245,231,205.0,52.43,200.25,41.13,0.205,1.151,0,0.0,0,2,0.2393,0.9709
SKU-GRO-005,Refined Sulphur-Free Sugar 5kg,Staples & Groceries,55,2025-01-13,270,67230.0,180.0,249.0,236,236,196,253,169,231,230.25,24.2,199.12,39.84,0.2,1.025,0,0.0,1,3,0.3546,0.935
SKU-GRO-005,Refined Sulphur-Free Sugar 5kg,Staples & Groceries,56,2025-01-20,192,47808.0,180.0,249.0,270,236,236,196,184,174,234.5,30.26,211.75,44.64,0.211,1.151,0,0.0,0,4,0.4647,0.8855
SKU-GRO-005,Refined Sulphur-Free Sugar 5kg,Staples & Groceries,57,2025-01-27,159,39591.0,180.0,249.0,192,270,236,236,184,191,233.5,31.97,212.75,44.02,0.207,0.822,0,0.0,0,5,0.5681,0.823
SKU-GRO-005,Refined Sulphur-Free Sugar 5kg,Staples & Groceries,58,2025-02-03,230,57270.0,180.0,249.0,159,192,270,236,135,190,214.25,48.75,209.62,47.13,0.225,0.742,0,0.0,0,6,0.6631,0.7485
SKU-GRO-005,Refined Sulphur-Free Sugar 5kg,Staples & Groceries,59,2025-02-10,205,51045.0,180.0,249.0,230,159,192,270,253,190,212.75,47.94,221.5,36.38,0.164,1.081,0,0.0,0,7,0.7485,0.6631
SKU-GRO-005,Refined Sulphur-Free Sugar 5kg,Staples & Groceries,60,2025-02-17,284,60108.6,180.0,249.0,205,230,159,192,196,224,196.5,29.56,215.5,34.34,0.159,1.043,1,0.15,0,8,0.823,0.5681
SKU-GRO-005,Refined Sulphur-Free Sugar 5kg,Staples & Groceries,61,2025-02-24,232,57768.0,180.0,249.0,284,205,230,159,236,189,219.5,52.09,226.5,40.71,0.18,1.294,0,0.0,0,9,0.8855,0.4647
SKU-GRO-005,Refined Sulphur-Free Sugar 5kg,Staples & Groceries,62,2025-03-03,203,50547.0,180.0,249.0,232,284,205,230,236,235,237.75,33.19,226.0,40.6,0.18,0.976,0,0.0,0,10,0.935,0.3546
SKU-GRO-005,Refined Sulphur-Free Sugar 5kg,Staples & Groceries,63,2025-03-10,223,55527.0,180.0,249.0,203,232,284,205,270,221,231.0,37.73,221.88,41.11,0.185,0.879,0,0.0,1,11,0.9709,0.2393
SKU-GRO-005,Refined Sulphur-Free Sugar 5kg,Staples & Groceries,64,2025-03-17,208,51792.0,180.0,249.0,223,203,232,284,192,222,235.5,34.53,216.0,36.33,0.168,0.947,0,0.0,0,12,0.9927,0.1205
SKU-GRO-005,Refined Sulphur-Free Sugar 5kg,Staples & Groceries,65,2025-03-24,214,53286.0,180.0,249.0,208,223,203,232,159,214,216.5,13.38,218.0,35.25,0.162,0.961,0,0.0,0,13,1.0,0.0
SKU-GRO-005,Refined Sulphur-Free Sugar 5kg,Staples & Groceries,66,2025-03-31,181,45069.0,180.0,249.0,214,208,223,203,230,239,212.0,8.6,224.88,26.33,0.117,1.009,0,0.0,0,14,0.9927,-0.1205
SKU-GRO-005,Refined Sulphur-Free Sugar 5kg,Staples & Groceries,67,2025-04-07,256,54182.4,180.0,249.0,181,214,208,223,205,283,206.5,18.08,218.75,30.36,0.139,0.877,1,0.15,0,15,0.9709,-0.2393
SKU-GRO-005,Refined Sulphur-Free Sugar 5kg,Staples & Groceries,68,2025-04-14,224,55776.0,180.0,249.0,256,181,214,208,284,178,214.75,31.02,225.12,32.35,0.144,1.192,0,0.0,0,16,0.935,-0.3546
SKU-GRO-005,Refined Sulphur-Free Sugar 5kg,Staples & Groceries,69,2025-04-21,188,46812.0,180.0,249.0,224,256,181,214,232,188,218.75,30.89,217.62,22.07,0.101,1.024,0,0.0,0,17,0.8855,-0.4647
SKU-GRO-005,Refined Sulphur-Free Sugar 5kg,Staples & Groceries,70,2025-04-28,207,51543.0,180.0,249.0,188,224,256,181,203,317,212.25,34.72,212.12,23.42,0.11,0.886,0,0.0,1,18,0.823,-0.5681
SKU-GRO-005,Refined Sulphur-Free Sugar 5kg,Staples & Groceries,71,2025-05-05,151,37599.0,180.0,249.0,207,188,224,256,223,231,218.75,28.86,212.62,23.24,0.109,0.946,0,0.0,0,19,0.7485,-0.6631
SKU-GRO-005,Refined Sulphur-Free Sugar 5kg,Staples & Groceries,72,2025-05-12,149,37101.0,180.0,249.0,151,207,188,224,208,176,192.5,31.33,203.62,31.22,0.153,0.784,0,0.0,0,20,0.6631,-0.7485
SKU-GRO-005,Refined Sulphur-Free Sugar 5kg,Staples & Groceries,73,2025-05-19,197,49053.0,180.0,249.0,149,151,207,188,214,211,173.75,28.51,196.25,36.55,0.186,0.858,0,0.0,0,21,0.5681,-0.823
SKU-GRO-005,Refined Sulphur-Free Sugar 5kg,Staples & Groceries,74,2025-05-26,235,49737.75,180.0,249.0,197,149,151,207,181,169,176.0,30.31,194.12,35.86,0.185,1.119,1,0.15,0,22,0.4647,-0.8855
SKU-GRO-005,Refined Sulphur-Free Sugar 5kg,Staples & Groceries,75,2025-06-02,179,44571.0,180.0,249.0,235,197,149,151,256,189,183.0,41.15,200.88,38.05,0.189,1.284,0,0.0,0,23,0.3546,-0.935
SKU-GRO-005,Refined Sulphur-Free Sugar 5kg,Staples & Groceries,76,2025-06-09,240,59760.0,180.0,249.0,179,235,197,149,224,145,190.0,35.94,191.25,31.24,0.163,0.942,0,0.0,0,24,0.2393,-0.9709
SKU-GRO-005,Refined Sulphur-Free Sugar 5kg,Staples & Groceries,77,2025-06-16,228,56772.0,180.0,249.0,240,179,235,197,188,212,212.75,29.58,193.25,34.03,0.176,1.128,0,0.0,0,25,0.1205,-0.9927
SKU-GRO-005,Refined Sulphur-Free Sugar 5kg,Staples & Groceries,78,2025-06-23,212,52788.0,180.0,249.0,228,240,179,235,207,152,220.5,28.1,198.25,36.03,0.182,1.034,0,0.0,0,26,0.0,-1.0
SKU-GRO-005,Refined Sulphur-Free Sugar 5kg,Staples & Groceries,79,2025-06-30,128,31872.0,180.0,249.0,212,228,240,179,151,184,214.75,26.45,198.88,36.24,0.182,0.987,0,0.0,0,27,-0.1205,-0.9927
SKU-GRO-005,Refined Sulphur-Free Sugar 5kg,Staples & Groceries,80,2025-07-07,173,43077.0,180.0,249.0,128,212,228,240,149,153,202.0,50.65,196.0,41.16,0.21,0.634,0,0.0,1,28,-0.2393,-0.9709
SKU-GRO-005,Refined Sulphur-Free Sugar 5kg,Staples & Groceries,81,2025-07-14,261,55240.65,180.0,249.0,173,128,212,228,197,187,185.25,44.61,199.0,38.0,0.191,0.934,1,0.15,0,29,-0.3546,-0.935
SKU-GRO-005,Refined Sulphur-Free Sugar 5kg,Staples & Groceries,82,2025-07-21,187,46563.0,180.0,249.0,261,173,128,212,235,158,193.5,56.6,207.0,43.81,0.212,1.349,0,0.0,0,30,-0.4647,-0.8855
SKU-GRO-005,Refined Sulphur-Free Sugar 5kg,Staples & Groceries,83,2025-07-28,163,40587.0,180.0,249.0,187,261,173,128,179,153,187.25,55.24,201.0,42.7,0.212,0.999,0,0.0,0,31,-0.5681,-0.823
SKU-GRO-005,Refined Sulphur-Free Sugar 5kg,Staples & Groceries,84,2025-08-04,168,41832.0,180.0,249.0,163,187,261,173,240,212,196.0,44.44,199.0,44.23,0.222,0.832,0,0.0,0,32,-0.6631,-0.7485
SKU-GRO-005,Refined Sulphur-Free Sugar 5kg,Staples & Groceries,85,2025-08-11,254,63246.0,180.0,249.0,168,163,187,261,228,224,194.75,45.36,190.0,41.96,0.221,0.863,0,0.0,1,33,-0.7485,-0.6631
SKU-GRO-005,Refined Sulphur-Free Sugar 5kg,Staples & Groceries,86,2025-08-18,142,35358.0,180.0,249.0,254,168,163,187,212,169,193.0,41.96,193.25,46.12,0.239,1.316,0,0.0,0,34,-0.823,-0.5681
SKU-GRO-005,Refined Sulphur-Free Sugar 5kg,Staples & Groceries,87,2025-08-25,150,37350.0,180.0,249.0,142,254,168,163,128,150,181.75,49.47,184.5,48.63,0.264,0.781,0,0.0,0,35,-0.8855,-0.4647
SKU-GRO-005,Refined Sulphur-Free Sugar 5kg,Staples & Groceries,88,2025-09-01,224,47409.6,180.0,249.0,150,142,254,168,173,206,178.5,51.49,187.25,45.5,0.243,0.84,1,0.15,0,36,-0.935,-0.3546
SKU-GRO-005,Refined Sulphur-Free Sugar 5kg,Staples & Groceries,89,2025-09-08,165,41085.0,180.0,249.0,224,150,142,254,261,161,192.5,55.17,193.62,46.77,0.242,1.164,0,0.0,0,37,-0.9709,-0.2393
SKU-GRO-005,Refined Sulphur-Free Sugar 5kg,Staples & Groceries,90,2025-09-15,142,35358.0,180.0,249.0,165,224,150,142,187,153,170.25,37.08,181.62,38.62,0.213,0.969,0,0.0,0,38,-0.9927,-0.1205
SKU-GRO-005,Refined Sulphur-Free Sugar 5kg,Staples & Groceries,91,2025-09-22,173,43077.0,180.0,249.0,142,165,224,150,163,216,170.25,37.08,176.0,40.94,0.233,0.834,0,0.0,0,39,-1.0,-0.0
SKU-GRO-005,Refined Sulphur-Free Sugar 5kg,Staples & Groceries,92,2025-09-29,190,47310.0,180.0,249.0,173,142,165,224,168,148,176.0,34.59,177.25,40.63,0.229,0.983,0,0.0,0,40,-0.9927,0.1205
SKU-GRO-005,Refined Sulphur-Free Sugar 5kg,Staples & Groceries,93,2025-10-06,303,75447.0,180.0,249.0,190,173,142,165,254,143,167.5,19.94,180.0,40.66,0.226,1.134,0,0.0,1,41,-0.9709,0.2393
SKU-GRO-005,Refined Sulphur-Free Sugar 5kg,Staples & Groceries,94,2025-10-13,216,53784.0,180.0,249.0,303,190,173,142,142,164,202.0,70.2,186.12,54.68,0.294,1.5,0,0.0,0,42,-0.935,0.3546
SKU-GRO-005,Refined Sulphur-Free Sugar 5kg,Staples & Groceries,95,2025-10-20,224,47409.6,180.0,249.0,216,303,190,173,150,152,220.5,57.77,195.38,52.36,0.268,0.98,1,0.15,0,43,-0.8855,0.4647
SKU-GRO-005,Refined Sulphur-Free Sugar 5kg,Staples & Groceries,96,2025-10-27,276,68724.0,180.0,249.0,224,216,303,190,224,269,233.25,48.71,204.62,49.66,0.243,0.96,0,0.0,1,44,-0.823,0.5681
SKU-GRO-005,Refined Sulphur-Free Sugar 5kg,Staples & Groceries,97,2025-11-03,188,46812.0,180.0,249.0,276,224,216,303,165,163,254.75,41.74,211.12,55.61,0.263,1.083,0,0.0,0,45,-0.7485,0.6631
SKU-GRO-005,Refined Sulphur-Free Sugar 5kg,Staples & Groceries,98,2025-11-10,165,41085.0,180.0,249.0,188,276,224,216,142,245,226.0,36.73,214.0,53.43,0.25,0.832,0,0.0,0,46,-0.6631,0.7485
SKU-GRO-005,Refined Sulphur-Free Sugar 5kg,Staples & Groceries,99,2025-11-17,186,46314.0,180.0,249.0,165,188,276,224,173,169,213.25,48.37,216.88,49.48,0.228,0.774,0,0.0,0,47,-0.5681,0.823
SKU-GRO-005,Refined Sulphur-Free Sugar 5kg,Staples & Groceries,100,2025-11-24,169,42081.0,180.0,249.0,186,165,188,276,190,184,203.75,49.28,218.5,48.02,0.22,0.913,0,0.0,0,48,-0.4647,0.8855
SKU-GRO-005,Refined Sulphur-Free Sugar 5kg,Staples & Groceries,101,2025-12-01,194,48306.0,180.0,249.0,169,186,165,188,303,184,177.0,11.69,215.88,50.32,0.233,0.955,0,0.0,0,49,-0.3546,0.935
SKU-GRO-005,Refined Sulphur-Free Sugar 5kg,Staples & Groceries,102,2025-12-08,195,41271.75,180.0,249.0,194,169,186,165,216,135,178.5,13.77,202.25,36.11,0.179,1.087,1,0.15,0,50,-0.2393,0.9709
SKU-GRO-005,Refined Sulphur-Free Sugar 5kg,Staples & Groceries,103,2025-12-15,222,55278.0,180.0,249.0,195,194,169,186,224,253,186.0,12.03,199.62,35.73,0.179,1.048,0,0.0,1,51,-0.1205,0.9927
SKU-GRO-005,Refined Sulphur-Free Sugar 5kg,Staples & Groceries,104,2025-12-22,172,42828.0,180.0,249.0,222,195,194,169,276,196,195.0,21.65,199.38,35.54,0.178,1.138,0,0.0,0,52,-0.0,1.0
SKU-GRO-006,Assam Orthodox Whole Leaf Tea 500g,Staples & Groceries,1,2024-01-01,99,35640.0,240.0,360.0,99,99,99,99,99,99,99.0,0.0,99.0,0.0,0.0,1.0,0,0.0,0,1,0.1205,0.9927
SKU-GRO-006,Assam Orthodox Whole Leaf Tea 500g,Staples & Groceries,2,2024-01-08,116,41760.0,240.0,360.0,99,99,99,99,99,99,99.0,0.0,99.0,0.0,0.0,1.0,0,0.0,0,2,0.2393,0.9709
SKU-GRO-006,Assam Orthodox Whole Leaf Tea 500g,Staples & Groceries,3,2024-01-15,157,56520.0,240.0,360.0,116,99,99,99,99,99,107.5,12.02,107.5,12.02,0.112,1.079,0,0.0,1,3,0.3546,0.935
SKU-GRO-006,Assam Orthodox Whole Leaf Tea 500g,Staples & Groceries,4,2024-01-22,144,44064.0,240.0,360.0,157,116,99,99,99,99,124.0,29.82,124.0,29.82,0.24,1.266,1,0.15,0,4,0.4647,0.8855
SKU-GRO-006,Assam Orthodox Whole Leaf Tea 500g,Staples & Groceries,5,2024-01-29,101,36360.0,240.0,360.0,144,157,116,99,99,99,129.0,26.32,129.0,26.32,0.204,1.116,0,0.0,0,5,0.5681,0.823
SKU-GRO-006,Assam Orthodox Whole Leaf Tea 500g,Staples & Groceries,6,2024-02-05,113,40680.0,240.0,360.0,101,144,157,116,116,116,129.5,25.57,123.4,26.01,0.211,0.78,0,0.0,0,6,0.6631,0.7485
SKU-GRO-006,Assam Orthodox Whole Leaf Tea 500g,Staples & Groceries,7,2024-02-12,74,26640.0,240.0,360.0,113,101,144,157,157,157,128.75,26.13,121.67,23.64,0.194,0.878,0,0.0,0,7,0.7485,0.6631
SKU-GRO-006,Assam Orthodox Whole Leaf Tea 500g,Staples & Groceries,8,2024-02-19,154,55440.0,240.0,360.0,74,113,101,144,144,144,108.0,29.02,114.86,28.12,0.245,0.685,0,0.0,0,8,0.823,0.5681
SKU-GRO-006,Assam Orthodox Whole Leaf Tea 500g,Staples & Groceries,9,2024-02-26,109,39240.0,240.0,360.0,154,74,113,101,99,99,110.5,33.27,119.75,29.48,0.246,1.394,0,0.0,0,9,0.8855,0.4647
SKU-GRO-006,Assam Orthodox Whole Leaf Tea 500g,Staples & Groceries,10,2024-03-04,130,46800.0,240.0,360.0,109,154,74,113,116,116,112.5,32.75,121.0,28.68,0.237,0.969,0,0.0,0,10,0.935,0.3546
SKU-GRO-006,Assam Orthodox Whole Leaf Tea 500g,Staples & Groceries,11,2024-03-11,125,38250.0,240.0,360.0,130,109,154,74,157,157,116.75,33.92,122.75,28.75,0.234,1.113,1,0.15,1,11,0.9709,0.2393
SKU-GRO-006,Assam Orthodox Whole Leaf Tea 500g,Staples & Groceries,12,2024-03-18,108,38880.0,240.0,360.0,125,130,109,154,144,144,129.5,18.63,118.75,25.33,0.213,0.965,0,0.0,0,12,0.9927,0.1205
SKU-GRO-006,Assam Orthodox Whole Leaf Tea 500g,Staples & Groceries,13,2024-03-25,102,36720.0,240.0,360.0,108,125,130,109,101,101,118.0,11.17,114.25,23.32,0.204,0.915,0,0.0,0,13,1.0,0.0
SKU-GRO-006,Assam Orthodox Whole Leaf Tea 500g,Staples & Groceries,14,2024-04-01,79,28440.0,240.0,360.0,102,108,125,130,113,113,116.25,13.38,114.38,23.24,0.203,0.877,0,0.0,0,14,0.9927,-0.1205
SKU-GRO-006,Assam Orthodox Whole Leaf Tea 500g,Staples & Groceries,15,2024-04-08,73,26280.0,240.0,360.0,79,102,108,125,74,74,103.5,19.02,110.12,26.42,0.24,0.763,0,0.0,0,15,0.9709,-0.2393
SKU-GRO-006,Assam Orthodox Whole Leaf Tea 500g,Staples & Groceries,16,2024-04-15,96,34560.0,240.0,360.0,73,79,102,108,154,154,90.5,17.1,110.0,26.62,0.242,0.807,0,0.0,0,16,0.935,-0.3546
SKU-GRO-006,Assam Orthodox Whole Leaf Tea 500g,Staples & Groceries,17,2024-04-22,130,46800.0,240.0,360.0,96,73,79,102,109,109,87.5,13.72,102.75,20.0,0.195,1.097,0,0.0,0,17,0.8855,-0.4647
SKU-GRO-006,Assam Orthodox Whole Leaf Tea 500g,Staples & Groceries,18,2024-04-29,145,44370.0,240.0,360.0,130,96,73,79,130,130,94.5,25.59,105.38,22.19,0.211,1.376,1,0.15,1,18,0.823,-0.5681
SKU-GRO-006,Assam Orthodox Whole Leaf Tea 500g,Staples & Groceries,19,2024-05-06,128,46080.0,240.0,360.0,145,130,96,73,125,125,111.0,32.59,107.25,25.02,0.233,1.306,0,0.0,0,19,0.7485,-0.6631
SKU-GRO-006,Assam Orthodox Whole Leaf Tea 500g,Staples & Groceries,20,2024-05-13,86,30960.0,240.0,360.0,128,145,130,96,108,108,124.75,20.61,107.62,25.35,0.236,1.026,0,0.0,0,20,0.6631,-0.7485
SKU-GRO-006,Assam Orthodox Whole Leaf Tea 500g,Staples & Groceries,21,2024-05-20,70,25200.0,240.0,360.0,86,128,145,130,102,102,122.25,25.33,104.88,26.47,0.252,0.703,0,0.0,0,21,0.5681,-0.823
SKU-GRO-006,Assam Orthodox Whole Leaf Tea 500g,Staples & Groceries,22,2024-05-27,115,41400.0,240.0,360.0,70,86,128,145,79,79,107.25,35.09,100.88,29.24,0.29,0.653,0,0.0,0,22,0.4647,-0.8855
SKU-GRO-006,Assam Orthodox Whole Leaf Tea 500g,Staples & Groceries,23,2024-06-03,126,45360.0,240.0,360.0,115,70,86,128,73,73,99.75,26.49,105.38,28.14,0.267,1.153,0,0.0,0,23,0.3546,-0.935
SKU-GRO-006,Assam Orthodox Whole Leaf Tea 500g,Staples & Groceries,24,2024-06-10,92,33120.0,240.0,360.0,126,115,70,86,96,96,99.25,25.79,112.0,25.55,0.228,1.27,0,0.0,0,24,0.2393,-0.9709
SKU-GRO-006,Assam Orthodox Whole Leaf Tea 500g,Staples & Groceries,25,2024-06-17,126,38556.0,240.0,360.0,92,126,115,70,130,130,100.75,24.92,111.5,25.94,0.233,0.913,1,0.15,0,25,0.1205,-0.9927
SKU-GRO-006,Assam Orthodox Whole Leaf Tea 500g,Staples & Groceries,26,2024-06-24,89,32040.0,240.0,360.0,126,92,126,115,145,145,114.75,16.03,111.0,25.57,0.23,1.098,0,0.0,0,26,0.0,-1.0
SKU-GRO-006,Assam Orthodox Whole Leaf Tea 500g,Staples & Groceries,27,2024-07-01,71,25560.0,240.0,360.0,89,126,92,126,128,128,108.25,20.53,104.0,22.41,0.215,0.822,0,0.0,0,27,-0.1205,-0.9927
SKU-GRO-006,Assam Orthodox Whole Leaf Tea 500g,Staples & Groceries,28,2024-07-08,116,41760.0,240.0,360.0,71,89,126,92,86,86,94.5,22.96,96.88,22.74,0.235,0.751,0,0.0,1,28,-0.2393,-0.9709
SKU-GRO-006,Assam Orthodox Whole Leaf Tea 500g,Staples & Groceries,29,2024-07-15,109,39240.0,240.0,360.0,116,71,89,126,70,70,100.5,25.12,100.62,23.16,0.23,1.154,0,0.0,0,29,-0.3546,-0.935
SKU-GRO-006,Assam Orthodox Whole Leaf Tea 500g,Staples & Groceries,30,2024-07-22,110,39600.0,240.0,360.0,109,116,71,89,115,115,96.25,20.35,105.5,19.63,0.186,1.132,0,0.0,0,30,-0.4647,-0.8855
SKU-GRO-006,Assam Orthodox Whole Leaf Tea 500g,Staples & Groceries,31,2024-07-29,118,42480.0,240.0,360.0,110,109,116,71,126,126,101.5,20.57,104.88,19.36,0.185,1.084,0,0.0,0,31,-0.5681,-0.823
SKU-GRO-006,Assam Orthodox Whole Leaf Tea 500g,Staples & Groceries,32,2024-08-05,113,34578.0,240.0,360.0,118,110,109,116,92,92,113.25,4.43,103.88,18.29,0.176,1.042,1,0.15,0,32,-0.6631,-0.7485
SKU-GRO-006,Assam Orthodox Whole Leaf Tea 500g,Staples & Groceries,33,2024-08-12,116,41760.0,240.0,360.0,113,118,110,109,126,126,112.5,4.04,106.5,17.85,0.168,1.004,0,0.0,1,33,-0.7485,-0.6631
SKU-GRO-006,Assam Orthodox Whole Leaf Tea 500g,Staples & Groceries,34,2024-08-19,58,20880.0,240.0,360.0,116,113,118,110,89,89,114.25,3.5,105.25,16.59,0.158,1.015,0,0.0,0,34,-0.823,-0.5681
SKU-GRO-006,Assam Orthodox Whole Leaf Tea 500g,Staples & Groceries,35,2024-08-26,64,23040.0,240.0,360.0,58,116,113,118,71,71,101.25,28.91,101.38,23.23,0.229,0.573,0,0.0,0,35,-0.8855,-0.4647
SKU-GRO-006,Assam Orthodox Whole Leaf Tea 500g,Staples & Groceries,36,2024-09-02,74,26640.0,240.0,360.0,64,58,116,113,116,116,87.75,31.01,100.5,24.62,0.245,0.729,0,0.0,0,36,-0.935,-0.3546
SKU-GRO-006,Assam Orthodox Whole Leaf Tea 500g,Staples & Groceries,37,2024-09-09,62,22320.0,240.0,360.0,74,64,58,116,109,109,78.0,26.18,95.25,25.31,0.266,0.949,0,0.0,0,37,-0.9709,-0.2393
SKU-GRO-006,Assam Orthodox Whole Leaf Tea 500g,Staples & Groceries,38,2024-09-16,95,34200.0,240.0,360.0,62,74,64,58,110,110,64.5,6.81,89.38,27.06,0.303,0.961,0,0.0,0,38,-0.9927,-0.1205
SKU-GRO-006,Assam Orthodox Whole Leaf Tea 500g,Staples & Groceries,39,2024-09-23,94,28764.0,240.0,360.0,95,62,74,64,118,118,73.75,15.11,87.5,25.92,0.296,1.288,1,0.15,0,39,-1.0,-0.0
SKU-GRO-006,Assam Orthodox Whole Leaf Tea 500g,Staples & Groceries,40,2024-09-30,122,43920.0,240.0,360.0,94,95,62,74,113,113,81.25,16.07,84.5,23.13,0.274,1.157,0,0.0,0,40,-0.9927,0.1205
SKU-GRO-006,Assam Orthodox Whole Leaf Tea 500g,Staples & Groceries,41,2024-10-07,41,14760.0,240.0,360.0,122,94,95,62,116,116,93.25,24.54,85.62,24.86,0.29,1.308,0,0.0,1,41,-0.9709,0.2393
SKU-GRO-006,Assam Orthodox Whole Leaf Tea 500g,Staples & Groceries,42,2024-10-14,98,35280.0,240.0,360.0,41,122,94,95,58,58,88.0,33.91,76.25,25.89,0.34,0.466,0,0.0,0,42,-0.935,0.3546
SKU-GRO-006,Assam Orthodox Whole Leaf Tea 500g,Staples & Groceries,43,2024-10-21,95,34200.0,240.0,360.0,98,41,122,94,64,64,88.75,34.15,81.25,25.73,0.317,1.104,0,0.0,0,43,-0.8855,0.4647
SKU-GRO-006,Assam Orthodox Whole Leaf Tea 500g,Staples & Groceries,44,2024-10-28,154,55440.0,240.0,360.0,95,98,41,122,74,74,89.0,34.21,85.12,25.09,0.295,1.067,0,0.0,1,44,-0.823,0.5681
SKU-GRO-006,Assam Orthodox Whole Leaf Tea 500g,Staples & Groceries,45,2024-11-04,88,31680.0,240.0,360.0,154,95,98,41,62,62,97.0,46.15,95.12,34.28,0.36,1.588,0,0.0,0,45,-0.7485,0.6631
SKU-GRO-006,Assam Orthodox Whole Leaf Tea 500g,Staples & Groceries,46,2024-11-11,135,41310.0,240.0,360.0,88,154,95,98,95,95,108.75,30.46,98.38,31.83,0.324,0.809,1,0.15,0,46,-0.6631,0.7485
SKU-GRO-006,Assam Orthodox Whole Leaf Tea 500g,Staples & Groceries,47,2024-11-18,114,41040.0,240.0,360.0,135,88,154,95,94,94,118.0,31.7,103.38,34.28,0.332,1.144,0,0.0,0,47,-0.5681,0.823
SKU-GRO-006,Assam Orthodox Whole Leaf Tea 500g,Staples & Groceries,48,2024-11-25,83,29880.0,240.0,360.0,114,135,88,154,122,122,122.75,28.35,105.88,34.22,0.323,0.929,0,0.0,0,48,-0.4647,0.8855
SKU-GRO-006,Assam Orthodox Whole Leaf Tea 500g,Staples & Groceries,49,2024-12-02,113,40680.0,240.0,360.0,83,114,135,88,41,41,105.0,24.18,101.0,34.38,0.34,0.79,0,0.0,0,49,-0.3546,0.935
SKU-GRO-006,Assam Orthodox Whole Leaf Tea 500g,Staples & Groceries,50,2024-12-09,84,30240.0,240.0,360.0,113,83,114,135,98,98,111.25,21.39,110.0,24.4,0.222,1.016,0,0.0,0,50,-0.2393,0.9709
SKU-GRO-006,Assam Orthodox Whole Leaf Tea 500g,Staples & Groceries,51,2024-12-16,137,49320.0,240.0,360.0,84,113,83,114,95,95,98.5,17.33,108.25,25.84,0.239,0.853,0,0.0,1,51,-0.1205,0.9927
SKU-GRO-006,Assam Orthodox Whole Leaf Tea 500g,Staples & Groceries,52,2024-12-23,75,27000.0,240.0,360.0,137,84,113,83,154,154,104.25,25.89,113.5,27.01,0.238,1.314,0,0.0,0,52,-0.0,1.0
SKU-GRO-006,Assam Orthodox Whole Leaf Tea 500g,Staples & Groceries,53,2024-12-30,170,52020.0,240.0,360.0,75,137,84,113,88,99,102.25,28.28,103.62,24.4,0.235,0.733,1,0.15,0,1,0.1205,0.9927
SKU-GRO-006,Assam Orthodox Whole Leaf Tea 500g,Staples & Groceries,54,2025-01-06,66,23760.0,240.0,360.0,170,75,137,84,135,116,116.5,44.95,113.88,32.71,0.287,1.459,0,0.0,0,2,0.2393,0.9709
SKU-GRO-006,Assam Orthodox Whole Leaf Tea 500g,Staples & Groceries,55,2025-01-13,128,46080.0,240.0,360.0,66,170,75,137,114,157,112.0,49.91,105.25,35.33,0.336,0.589,0,0.0,1,3,0.3546,0.935
SKU-GRO-006,Assam Orthodox Whole Leaf Tea 500g,Staples & Groceries,56,2025-01-20,112,40320.0,240.0,360.0,128,66,170,75,83,144,109.75,48.6,107.0,36.17,0.338,1.166,0,0.0,0,4,0.4647,0.8855
SKU-GRO-006,Assam Orthodox Whole Leaf Tea 500g,Staples & Groceries,57,2025-01-27,109,39240.0,240.0,360.0,112,128,66,170,113,101,119.0,42.97,110.62,34.85,0.315,0.941,0,0.0,0,5,0.5681,0.823
SKU-GRO-006,Assam Orthodox Whole Leaf Tea 500g,Staples & Groceries,58,2025-02-03,81,29160.0,240.0,360.0,109,112,128,66,84,113,103.75,26.51,110.12,34.84,0.316,1.051,0,0.0,0,6,0.6631,0.7485
SKU-GRO-006,Assam Orthodox Whole Leaf Tea 500g,Staples & Groceries,59,2025-02-10,141,50760.0,240.0,360.0,81,109,112,128,137,74,107.5,19.54,109.75,35.17,0.32,0.753,0,0.0,0,7,0.7485,0.6631
SKU-GRO-006,Assam Orthodox Whole Leaf Tea 500g,Staples & Groceries,60,2025-02-17,148,45288.0,240.0,360.0,141,81,109,112,75,154,110.75,24.53,110.25,35.64,0.323,1.273,1,0.15,0,8,0.823,0.5681
SKU-GRO-006,Assam Orthodox Whole Leaf Tea 500g,Staples & Groceries,61,2025-02-24,146,52560.0,240.0,360.0,148,141,81,109,170,109,119.75,30.91,119.38,34.66,0.29,1.236,0,0.0,0,9,0.8855,0.4647
SKU-GRO-006,Assam Orthodox Whole Leaf Tea 500g,Staples & Groceries,62,2025-03-03,126,45360.0,240.0,360.0,146,148,141,81,66,130,129.0,32.14,116.38,30.43,0.261,1.132,0,0.0,0,10,0.935,0.3546
SKU-GRO-006,Assam Orthodox Whole Leaf Tea 500g,Staples & Groceries,63,2025-03-10,163,58680.0,240.0,360.0,126,146,148,141,128,125,140.25,9.95,123.88,22.64,0.183,0.898,0,0.0,1,11,0.9709,0.2393
SKU-GRO-006,Assam Orthodox Whole Leaf Tea 500g,Staples & Groceries,64,2025-03-17,68,24480.0,240.0,360.0,163,126,146,148,112,108,145.75,15.2,128.25,26.59,0.207,1.118,0,0.0,0,12,0.9927,0.1205
SKU-GRO-006,Assam Orthodox Whole Leaf Tea 500g,Staples & Groceries,65,2025-03-24,122,43920.0,240.0,360.0,68,163,126,146,109,102,125.75,41.36,122.75,33.96,0.277,0.541,0,0.0,0,13,1.0,0.0
SKU-GRO-006,Assam Orthodox Whole Leaf Tea 500g,Staples & Groceries,66,2025-03-31,118,42480.0,240.0,360.0,122,68,163,126,81,79,119.75,39.13,124.38,33.51,0.269,1.019,0,0.0,0,14,0.9927,-0.1205
SKU-GRO-006,Assam Orthodox Whole Leaf Tea 500g,Staples & Groceries,67,2025-04-07,168,51408.0,240.0,360.0,118,122,68,163,141,73,117.75,38.9,129.0,28.91,0.224,1.002,1,0.15,0,15,0.9709,-0.2393
SKU-GRO-006,Assam Orthodox Whole Leaf Tea 500g,Staples & Groceries,68,2025-04-14,148,53280.0,240.0,360.0,168,118,122,68,148,96,119.0,40.87,132.38,31.93,0.241,1.412,0,0.0,0,16,0.935,-0.3546
SKU-GRO-006,Assam Orthodox Whole Leaf Tea 500g,Staples & Groceries,69,2025-04-21,68,24480.0,240.0,360.0,148,168,118,122,146,130,139.0,23.47,132.38,31.93,0.241,1.065,0,0.0,0,17,0.8855,-0.4647
SKU-GRO-006,Assam Orthodox Whole Leaf Tea 500g,Staples & Groceries,70,2025-04-28,138,49680.0,240.0,360.0,68,148,168,118,126,145,125.5,43.49,122.62,38.42,0.313,0.542,0,0.0,1,18,0.823,-0.5681
SKU-GRO-006,Assam Orthodox Whole Leaf Tea 500g,Staples & Groceries,71,2025-05-05,102,36720.0,240.0,360.0,138,68,148,168,163,128,130.5,43.49,124.12,38.81,0.313,1.057,0,0.0,0,19,0.7485,-0.6631
SKU-GRO-006,Assam Orthodox Whole Leaf Tea 500g,Staples & Groceries,72,2025-05-12,133,47880.0,240.0,360.0,102,138,68,148,68,86,114.0,36.48,116.5,35.96,0.309,0.895,0,0.0,0,20,0.6631,-0.7485
SKU-GRO-006,Assam Orthodox Whole Leaf Tea 500g,Staples & Groceries,73,2025-05-19,117,42120.0,240.0,360.0,133,102,138,68,122,70,110.25,32.36,124.62,30.35,0.243,1.206,0,0.0,0,21,0.5681,-0.823
SKU-GRO-006,Assam Orthodox Whole Leaf Tea 500g,Staples & Groceries,74,2025-05-26,153,46818.0,240.0,360.0,117,133,102,138,118,115,122.5,16.34,124.0,30.46,0.246,0.955,1,0.15,0,22,0.4647,-0.8855
SKU-GRO-006,Assam Orthodox Whole Leaf Tea 500g,Staples & Groceries,75,2025-06-02,120,43200.0,240.0,360.0,153,117,133,102,168,126,126.25,21.87,128.38,31.95,0.249,1.212,0,0.0,0,23,0.3546,-0.935
SKU-GRO-006,Assam Orthodox Whole Leaf Tea 500g,Staples & Groceries,76,2025-06-09,94,33840.0,240.0,360.0,120,153,117,133,148,92,130.75,16.38,122.38,27.67,0.226,0.918,0,0.0,0,24,0.2393,-0.9709
SKU-GRO-006,Assam Orthodox Whole Leaf Tea 500g,Staples & Groceries,77,2025-06-16,146,52560.0,240.0,360.0,94,120,153,117,68,126,121.0,24.29,115.62,27.1,0.234,0.777,0,0.0,0,25,0.1205,-0.9927
SKU-GRO-006,Assam Orthodox Whole Leaf Tea 500g,Staples & Groceries,78,2025-06-23,122,43920.0,240.0,360.0,146,94,120,153,138,89,128.25,26.89,125.38,20.83,0.166,1.138,0,0.0,0,26,0.0,-1.0
SKU-GRO-006,Assam Orthodox Whole Leaf Tea 500g,Staples & Groceries,79,2025-06-30,61,21960.0,240.0,360.0,122,146,94,120,102,71,120.5,21.25,123.38,20.2,0.164,1.012,0,0.0,0,27,-0.1205,-0.9927
SKU-GRO-006,Assam Orthodox Whole Leaf Tea 500g,Staples & Groceries,80,2025-07-07,87,31320.0,240.0,360.0,61,122,146,94,133,116,105.75,36.63,118.25,29.47,0.249,0.577,0,0.0,1,28,-0.2393,-0.9709
SKU-GRO-006,Assam Orthodox Whole Leaf Tea 500g,Staples & Groceries,81,2025-07-14,139,42534.0,240.0,360.0,87,61,122,146,117,109,104.0,37.53,112.5,30.65,0.272,0.837,1,0.15,0,29,-0.3546,-0.935
SKU-GRO-006,Assam Orthodox Whole Leaf Tea 500g,Staples & Groceries,82,2025-07-21,126,45360.0,240.0,360.0,139,87,61,122,153,110,102.25,35.0,115.25,32.06,0.278,1.359,0,0.0,0,30,-0.4647,-0.8855
SKU-GRO-006,Assam Orthodox Whole Leaf Tea 500g,Staples & Groceries,83,2025-07-28,110,39600.0,240.0,360.0,126,139,87,61,120,118,103.25,35.8,111.88,28.77,0.257,1.22,0,0.0,0,31,-0.5681,-0.823
SKU-GRO-006,Assam Orthodox Whole Leaf Tea 500g,Staples & Groceries,84,2025-08-04,88,31680.0,240.0,360.0,110,126,139,87,94,113,115.5,22.4,110.62,28.59,0.258,0.952,0,0.0,0,32,-0.6631,-0.7485
SKU-GRO-006,Assam Orthodox Whole Leaf Tea 500g,Staples & Groceries,85,2025-08-11,117,42120.0,240.0,360.0,88,110,126,139,146,116,115.75,21.98,109.88,29.16,0.265,0.76,0,0.0,1,33,-0.7485,-0.6631
SKU-GRO-006,Assam Orthodox Whole Leaf Tea 500g,Staples & Groceries,86,2025-08-18,120,43200.0,240.0,360.0,117,88,110,126,122,58,110.25,16.21,106.25,25.61,0.241,1.061,0,0.0,0,34,-0.823,-0.5681
SKU-GRO-006,Assam Orthodox Whole Leaf Tea 500g,Staples & Groceries,87,2025-08-25,125,45000.0,240.0,360.0,120,117,88,110,61,64,108.75,14.45,106.0,25.44,0.24,1.103,0,0.0,0,35,-0.8855,-0.4647
SKU-GRO-006,Assam Orthodox Whole Leaf Tea 500g,Staples & Groceries,88,2025-09-01,144,44064.0,240.0,360.0,125,120,117,88,87,74,112.5,16.66,114.0,18.35,0.161,1.111,1,0.15,0,36,-0.935,-0.3546
SKU-GRO-006,Assam Orthodox Whole Leaf Tea 500g,Staples & Groceries,89,2025-09-08,98,35280.0,240.0,360.0,144,125,120,117,139,62,126.5,12.12,121.12,17.41,0.144,1.138,0,0.0,0,37,-0.9709,-0.2393
SKU-GRO-006,Assam Orthodox Whole Leaf Tea 500g,Staples & Groceries,90,2025-09-15,102,36720.0,240.0,360.0,98,144,125,120,126,95,121.75,18.91,116.0,17.43,0.15,0.805,0,0.0,0,38,-0.9927,-0.1205
SKU-GRO-006,Assam Orthodox Whole Leaf Tea 500g,Staples & Groceries,91,2025-09-22,108,38880.0,240.0,360.0,102,98,144,125,110,94,117.25,21.44,113.0,17.53,0.155,0.87,0,0.0,0,39,-1.0,-0.0
SKU-GRO-006,Assam Orthodox Whole Leaf Tea 500g,Staples & Groceries,92,2025-09-29,98,35280.0,240.0,360.0,108,102,98,144,88,122,113.0,21.07,112.75,17.59,0.156,0.956,0,0.0,0,40,-0.9927,0.1205
SKU-GRO-006,Assam Orthodox Whole Leaf Tea 500g,Staples & Groceries,93,2025-10-06,165,59400.0,240.0,360.0,98,108,102,98,117,41,101.5,4.73,114.0,15.85,0.139,0.966,0,0.0,1,41,-0.9709,0.2393
SKU-GRO-006,Assam Orthodox Whole Leaf Tea 500g,Staples & Groceries,94,2025-10-13,55,19800.0,240.0,360.0,165,98,108,102,120,98,118.25,31.44,120.0,24.09,0.201,1.395,0,0.0,0,42,-0.935,0.3546
SKU-GRO-006,Assam Orthodox Whole Leaf Tea 500g,Staples & Groceries,95,2025-10-20,113,34578.0,240.0,360.0,55,165,98,108,125,95,106.5,45.27,111.88,33.29,0.298,0.516,1,0.15,0,43,-0.8855,0.4647
SKU-GRO-006,Assam Orthodox Whole Leaf Tea 500g,Staples & Groceries,96,2025-10-27,233,83880.0,240.0,360.0,113,55,165,98,144,154,107.75,45.4,110.38,32.88,0.298,1.049,0,0.0,1,44,-0.823,0.5681
SKU-GRO-006,Assam Orthodox Whole Leaf Tea 500g,Staples & Groceries,97,2025-11-03,109,39240.0,240.0,360.0,233,113,55,165,98,88,141.5,75.76,121.5,54.1,0.445,1.647,0,0.0,0,45,-0.7485,0.6631
SKU-GRO-006,Assam Orthodox Whole Leaf Tea 500g,Staples & Groceries,98,2025-11-10,102,36720.0,240.0,360.0,109,233,113,55,102,135,127.5,75.14,122.88,53.55,0.436,0.855,0,0.0,0,46,-0.6631,0.7485
SKU-GRO-006,Assam Orthodox Whole Leaf Tea 500g,Staples & Groceries,99,2025-11-17,90,32400.0,240.0,360.0,102,109,233,113,108,114,139.25,62.67,122.88,53.55,0.436,0.732,0,0.0,0,47,-0.5681,0.823
SKU-GRO-006,Assam Orthodox Whole Leaf Tea 500g,Staples & Groceries,100,2025-11-24,102,36720.0,240.0,360.0,90,102,109,233,98,83,133.5,66.8,120.62,54.63,0.453,0.674,0,0.0,0,48,-0.4647,0.8855
SKU-GRO-006,Assam Orthodox Whole Leaf Tea 500g,Staples & Groceries,101,2025-12-01,117,42120.0,240.0,360.0,102,90,102,109,165,113,100.75,7.89,121.12,54.41,0.449,1.012,0,0.0,0,49,-0.3546,0.935
SKU-GRO-006,Assam Orthodox Whole Leaf Tea 500g,Staples & Groceries,102,2025-12-08,171,52326.0,240.0,360.0,117,102,90,102,55,84,102.75,11.06,115.12,51.45,0.447,1.139,1,0.15,0,50,-0.2393,0.9709
SKU-GRO-006,Assam Orthodox Whole Leaf Tea 500g,Staples & Groceries,103,2025-12-15,148,53280.0,240.0,360.0,171,117,102,90,113,137,120.0,35.75,129.62,48.34,0.373,1.425,0,0.0,1,51,-0.1205,0.9927
SKU-GRO-006,Assam Orthodox Whole Leaf Tea 500g,Staples & Groceries,104,2025-12-22,131,47160.0,240.0,360.0,148,171,117,102,233,75,134.5,30.97,134.0,48.2,0.36,1.1,0,0.0,0,52,-0.0,1.0
SKU-HOU-001,Citrus Herbal Anti-Bacterial Floor Cleaner 2L,Household Essentials,1,2024-01-01,120,27600.0,140.0,230.0,120,120,120,120,120,120,120.0,0.0,120.0,0.0,0.0,1.0,0,0.0,0,1,0.1205,0.9927
SKU-HOU-001,Citrus Herbal Anti-Bacterial Floor Cleaner 2L,Household Essentials,2,2024-01-08,168,38640.0,140.0,230.0,120,120,120,120,120,120,120.0,0.0,120.0,0.0,0.0,1.0,0,0.0,0,2,0.2393,0.9709
SKU-HOU-001,Citrus Herbal Anti-Bacterial Floor Cleaner 2L,Household Essentials,3,2024-01-15,154,35420.0,140.0,230.0,168,120,120,120,120,120,144.0,33.94,144.0,33.94,0.236,1.167,0,0.0,1,3,0.3546,0.935
SKU-HOU-001,Citrus Herbal Anti-Bacterial Floor Cleaner 2L,Household Essentials,4,2024-01-22,189,36949.5,140.0,230.0,154,168,120,120,120,120,147.33,24.68,147.33,24.68,0.168,1.045,1,0.15,0,4,0.4647,0.8855
SKU-HOU-001,Citrus Herbal Anti-Bacterial Floor Cleaner 2L,Household Essentials,5,2024-01-29,180,41400.0,140.0,230.0,189,154,168,120,120,120,157.75,28.99,157.75,28.99,0.184,1.198,0,0.0,0,5,0.5681,0.823
SKU-HOU-001,Citrus Herbal Anti-Bacterial Floor Cleaner 2L,Household Essentials,6,2024-02-05,152,34960.0,140.0,230.0,180,189,154,168,168,168,172.75,15.17,162.2,27.0,0.166,1.042,0,0.0,0,6,0.6631,0.7485
SKU-HOU-001,Citrus Herbal Anti-Bacterial Floor Cleaner 2L,Household Essentials,7,2024-02-12,136,31280.0,140.0,230.0,152,180,189,154,154,154,168.75,18.57,160.5,24.51,0.153,0.901,0,0.0,0,7,0.7485,0.6631
SKU-HOU-001,Citrus Herbal Anti-Bacterial Floor Cleaner 2L,Household Essentials,8,2024-02-19,132,30360.0,140.0,230.0,136,152,180,189,189,189,164.25,24.55,157.0,24.21,0.154,0.828,0,0.0,0,8,0.823,0.5681
SKU-HOU-001,Citrus Herbal Anti-Bacterial Floor Cleaner 2L,Household Essentials,9,2024-02-26,132,30360.0,140.0,230.0,132,136,152,180,120,120,150.0,21.79,153.88,24.1,0.157,0.88,0,0.0,0,9,0.8855,0.4647
SKU-HOU-001,Citrus Herbal Anti-Bacterial Floor Cleaner 2L,Household Essentials,10,2024-03-04,157,36110.0,140.0,230.0,132,132,136,152,168,168,138.0,9.52,155.38,21.97,0.141,0.957,0,0.0,0,10,0.935,0.3546
SKU-HOU-001,Citrus Herbal Anti-Bacterial Floor Cleaner 2L,Household Essentials,11,2024-03-11,224,43792.0,140.0,230.0,157,132,132,136,154,154,139.25,11.98,154.0,21.4,0.139,1.127,1,0.15,1,11,0.9709,0.2393
SKU-HOU-001,Citrus Herbal Anti-Bacterial Floor Cleaner 2L,Household Essentials,12,2024-03-18,174,40020.0,140.0,230.0,224,157,132,132,189,189,161.25,43.46,162.75,32.72,0.201,1.389,0,0.0,0,12,0.9927,0.1205
SKU-HOU-001,Citrus Herbal Anti-Bacterial Floor Cleaner 2L,Household Essentials,13,2024-03-25,165,37950.0,140.0,230.0,174,224,157,132,180,180,171.75,38.87,160.88,31.4,0.195,1.013,0,0.0,0,13,1.0,0.0
SKU-HOU-001,Citrus Herbal Anti-Bacterial Floor Cleaner 2L,Household Essentials,14,2024-04-01,146,33580.0,140.0,230.0,165,174,224,157,152,152,180.0,30.14,159.0,30.53,0.192,0.917,0,0.0,0,14,0.9927,-0.1205
SKU-HOU-001,Citrus Herbal Anti-Bacterial Floor Cleaner 2L,Household Essentials,15,2024-04-08,156,35880.0,140.0,230.0,146,165,174,224,136,136,177.25,33.28,158.25,30.8,0.195,0.824,0,0.0,0,15,0.9709,-0.2393
SKU-HOU-001,Citrus Herbal Anti-Bacterial Floor Cleaner 2L,Household Essentials,16,2024-04-15,123,28290.0,140.0,230.0,156,146,165,174,132,132,160.25,12.01,160.75,29.52,0.184,0.973,0,0.0,0,16,0.935,-0.3546
SKU-HOU-001,Citrus Herbal Anti-Bacterial Floor Cleaner 2L,Household Essentials,17,2024-04-22,153,35190.0,140.0,230.0,123,156,146,165,132,132,147.5,18.08,159.62,30.91,0.194,0.834,0,0.0,0,17,0.8855,-0.4647
SKU-HOU-001,Citrus Herbal Anti-Bacterial Floor Cleaner 2L,Household Essentials,18,2024-04-29,176,34408.0,140.0,230.0,153,123,156,146,157,157,144.5,14.93,162.25,29.07,0.179,1.059,1,0.15,1,18,0.823,-0.5681
SKU-HOU-001,Citrus Herbal Anti-Bacterial Floor Cleaner 2L,Household Essentials,19,2024-05-06,167,38410.0,140.0,230.0,176,153,123,156,224,224,152.0,21.86,164.62,29.35,0.178,1.158,0,0.0,0,19,0.7485,-0.6631
SKU-HOU-001,Citrus Herbal Anti-Bacterial Floor Cleaner 2L,Household Essentials,20,2024-05-13,156,35880.0,140.0,230.0,167,176,153,123,174,174,154.75,23.19,157.5,17.35,0.11,1.079,0,0.0,0,20,0.6631,-0.7485
SKU-HOU-001,Citrus Herbal Anti-Bacterial Floor Cleaner 2L,Household Essentials,21,2024-05-20,107,24610.0,140.0,230.0,156,167,176,153,165,165,163.0,10.55,155.25,16.02,0.103,0.957,0,0.0,0,21,0.5681,-0.823
SKU-HOU-001,Citrus Herbal Anti-Bacterial Floor Cleaner 2L,Household Essentials,22,2024-05-27,149,34270.0,140.0,230.0,107,156,167,176,146,146,151.5,30.77,148.0,22.7,0.153,0.706,0,0.0,0,22,0.4647,-0.8855
SKU-HOU-001,Citrus Herbal Anti-Bacterial Floor Cleaner 2L,Household Essentials,23,2024-06-03,126,28980.0,140.0,230.0,149,107,156,167,156,156,144.75,26.23,148.38,22.69,0.153,1.029,0,0.0,0,23,0.3546,-0.935
SKU-HOU-001,Citrus Herbal Anti-Bacterial Floor Cleaner 2L,Household Essentials,24,2024-06-10,137,31510.0,140.0,230.0,126,149,107,156,123,123,134.5,22.37,144.62,23.71,0.164,0.937,0,0.0,0,24,0.2393,-0.9709
SKU-HOU-001,Citrus Herbal Anti-Bacterial Floor Cleaner 2L,Household Essentials,25,2024-06-17,214,41837.0,140.0,230.0,137,126,149,107,153,153,129.75,17.84,146.38,22.36,0.153,1.056,1,0.15,0,25,0.1205,-0.9927
SKU-HOU-001,Citrus Herbal Anti-Bacterial Floor Cleaner 2L,Household Essentials,26,2024-06-24,192,44160.0,140.0,230.0,214,137,126,149,176,176,156.5,39.47,154.0,32.87,0.213,1.367,0,0.0,0,26,0.0,-1.0
SKU-HOU-001,Citrus Herbal Anti-Bacterial Floor Cleaner 2L,Household Essentials,27,2024-07-01,126,28980.0,140.0,230.0,192,214,137,126,167,167,167.25,42.48,156.0,34.83,0.223,1.148,0,0.0,0,27,-0.1205,-0.9927
SKU-HOU-001,Citrus Herbal Anti-Bacterial Floor Cleaner 2L,Household Essentials,28,2024-07-08,173,39790.0,140.0,230.0,126,192,214,137,156,156,167.25,42.48,150.88,35.98,0.238,0.753,0,0.0,1,28,-0.2393,-0.9709
SKU-HOU-001,Citrus Herbal Anti-Bacterial Floor Cleaner 2L,Household Essentials,29,2024-07-15,167,38410.0,140.0,230.0,173,126,192,214,107,107,176.25,37.46,153.0,36.82,0.241,0.982,0,0.0,0,29,-0.3546,-0.935
SKU-HOU-001,Citrus Herbal Anti-Bacterial Floor Cleaner 2L,Household Essentials,30,2024-07-22,132,30360.0,140.0,230.0,167,173,126,192,149,149,164.5,27.79,160.5,31.89,0.199,1.015,0,0.0,0,30,-0.4647,-0.8855
SKU-HOU-001,Citrus Herbal Anti-Bacterial Floor Cleaner 2L,Household Essentials,31,2024-07-29,154,35420.0,140.0,230.0,132,167,173,126,126,126,149.5,23.92,158.38,33.3,0.21,0.883,0,0.0,0,31,-0.5681,-0.823
SKU-HOU-001,Citrus Herbal Anti-Bacterial Floor Cleaner 2L,Household Essentials,32,2024-08-05,209,40859.5,140.0,230.0,154,132,167,173,137,137,156.5,18.16,161.88,30.79,0.19,0.984,1,0.15,0,32,-0.6631,-0.7485
SKU-HOU-001,Citrus Herbal Anti-Bacterial Floor Cleaner 2L,Household Essentials,33,2024-08-12,203,46690.0,140.0,230.0,209,154,132,167,214,214,165.5,32.4,170.88,32.93,0.193,1.263,0,0.0,1,33,-0.7485,-0.6631
SKU-HOU-001,Citrus Herbal Anti-Bacterial Floor Cleaner 2L,Household Essentials,34,2024-08-19,154,35420.0,140.0,230.0,203,209,154,132,192,192,174.5,37.55,169.5,31.04,0.183,1.163,0,0.0,0,34,-0.823,-0.5681
SKU-HOU-001,Citrus Herbal Anti-Bacterial Floor Cleaner 2L,Household Essentials,35,2024-08-26,139,31970.0,140.0,230.0,154,203,209,154,126,126,180.0,30.12,164.75,30.0,0.182,0.856,0,0.0,0,35,-0.8855,-0.4647
SKU-HOU-001,Citrus Herbal Anti-Bacterial Floor Cleaner 2L,Household Essentials,36,2024-09-02,114,26220.0,140.0,230.0,139,154,203,209,173,173,176.25,34.98,166.38,27.88,0.168,0.789,0,0.0,0,36,-0.935,-0.3546
SKU-HOU-001,Citrus Herbal Anti-Bacterial Floor Cleaner 2L,Household Essentials,37,2024-09-09,103,23690.0,140.0,230.0,114,139,154,203,167,167,152.5,37.49,159.0,33.17,0.209,0.748,0,0.0,0,37,-0.9709,-0.2393
SKU-HOU-001,Citrus Herbal Anti-Bacterial Floor Cleaner 2L,Household Essentials,38,2024-09-16,116,26680.0,140.0,230.0,103,114,139,154,132,132,127.5,23.22,151.0,38.29,0.254,0.808,0,0.0,0,38,-0.9927,-0.1205
SKU-HOU-001,Citrus Herbal Anti-Bacterial Floor Cleaner 2L,Household Essentials,39,2024-09-23,128,25024.0,140.0,230.0,116,103,114,139,154,154,118.0,15.12,149.0,39.81,0.267,0.983,1,0.15,0,39,-1.0,-0.0
SKU-HOU-001,Citrus Herbal Anti-Bacterial Floor Cleaner 2L,Household Essentials,40,2024-09-30,103,23690.0,140.0,230.0,128,116,103,114,209,209,115.25,10.24,145.75,40.4,0.277,1.111,0,0.0,0,40,-0.9927,0.1205
SKU-HOU-001,Citrus Herbal Anti-Bacterial Floor Cleaner 2L,Household Essentials,41,2024-10-07,213,48990.0,140.0,230.0,103,128,116,103,203,203,112.5,12.01,132.5,33.49,0.253,0.916,0,0.0,1,41,-0.9709,0.2393
SKU-HOU-001,Citrus Herbal Anti-Bacterial Floor Cleaner 2L,Household Essentials,42,2024-10-14,123,28290.0,140.0,230.0,213,103,128,116,154,154,140.0,49.73,133.75,36.54,0.273,1.521,0,0.0,0,42,-0.935,0.3546
SKU-HOU-001,Citrus Herbal Anti-Bacterial Floor Cleaner 2L,Household Essentials,43,2024-10-21,134,30820.0,140.0,230.0,123,213,103,128,139,139,141.75,48.71,129.88,35.72,0.275,0.868,0,0.0,0,43,-0.8855,0.4647
SKU-HOU-001,Citrus Herbal Anti-Bacterial Floor Cleaner 2L,Household Essentials,44,2024-10-28,248,57040.0,140.0,230.0,134,123,213,103,114,114,143.25,48.24,129.25,35.58,0.275,0.935,0,0.0,1,44,-0.823,0.5681
SKU-HOU-001,Citrus Herbal Anti-Bacterial Floor Cleaner 2L,Household Essentials,45,2024-11-04,101,23230.0,140.0,230.0,248,134,123,213,103,103,179.5,60.76,146.0,54.1,0.371,1.382,0,0.0,0,45,-0.7485,0.6631
SKU-HOU-001,Citrus Herbal Anti-Bacterial Floor Cleaner 2L,Household Essentials,46,2024-11-11,161,31475.5,140.0,230.0,101,248,134,123,116,116,151.5,65.78,145.75,54.33,0.373,0.667,1,0.15,0,46,-0.6631,0.7485
SKU-HOU-001,Citrus Herbal Anti-Bacterial Floor Cleaner 2L,Household Essentials,47,2024-11-18,98,22540.0,140.0,230.0,161,101,248,134,128,128,161.0,62.98,151.38,53.13,0.351,1.0,0,0.0,0,47,-0.5681,0.823
SKU-HOU-001,Citrus Herbal Anti-Bacterial Floor Cleaner 2L,Household Essentials,48,2024-11-25,141,32430.0,140.0,230.0,98,161,101,248,103,103,152.0,70.27,147.62,55.99,0.379,0.645,0,0.0,0,48,-0.4647,0.8855
SKU-HOU-001,Citrus Herbal Anti-Bacterial Floor Cleaner 2L,Household Essentials,49,2024-12-02,112,25760.0,140.0,230.0,141,98,161,101,213,213,125.25,30.86,152.38,53.21,0.349,1.126,0,0.0,0,49,-0.3546,0.935
SKU-HOU-001,Citrus Herbal Anti-Bacterial Floor Cleaner 2L,Household Essentials,50,2024-12-09,103,23690.0,140.0,230.0,112,141,98,161,123,123,128.0,28.37,139.75,48.55,0.347,0.875,0,0.0,0,50,-0.2393,0.9709
SKU-HOU-001,Citrus Herbal Anti-Bacterial Floor Cleaner 2L,Household Essentials,51,2024-12-16,171,39330.0,140.0,230.0,103,112,141,98,134,134,113.5,19.23,137.25,50.03,0.365,0.907,0,0.0,1,51,-0.1205,0.9927
SKU-HOU-001,Citrus Herbal Anti-Bacterial Floor Cleaner 2L,Household Essentials,52,2024-12-23,131,30130.0,140.0,230.0,171,103,112,141,248,248,131.75,30.78,141.88,51.38,0.362,1.298,0,0.0,0,52,-0.0,1.0
SKU-HOU-001,Citrus Herbal Anti-Bacterial Floor Cleaner 2L,Household Essentials,53,2024-12-30,159,31084.5,140.0,230.0,131,171,103,112,101,120,129.25,30.18,127.25,28.34,0.223,1.014,1,0.15,0,1,0.1205,0.9927
SKU-HOU-001,Citrus Herbal Anti-Bacterial Floor Cleaner 2L,Household Essentials,54,2025-01-06,189,43470.0,140.0,230.0,159,131,171,103,161,168,141.0,30.38,134.5,28.08,0.209,1.128,0,0.0,0,2,0.2393,0.9709
SKU-HOU-001,Citrus Herbal Anti-Bacterial Floor Cleaner 2L,Household Essentials,55,2025-01-13,204,46920.0,140.0,230.0,189,159,131,171,98,154,162.5,24.35,138.0,33.14,0.24,1.163,0,0.0,1,3,0.3546,0.935
SKU-HOU-001,Citrus Herbal Anti-Bacterial Floor Cleaner 2L,Household Essentials,56,2025-01-20,158,36340.0,140.0,230.0,204,189,159,131,141,189,170.75,32.44,151.25,35.94,0.238,1.195,0,0.0,0,4,0.4647,0.8855
SKU-HOU-001,Citrus Herbal Anti-Bacterial Floor Cleaner 2L,Household Essentials,57,2025-01-27,132,30360.0,140.0,230.0,158,204,189,159,112,180,177.5,22.78,153.38,35.75,0.233,0.89,0,0.0,0,5,0.5681,0.823
SKU-HOU-001,Citrus Herbal Anti-Bacterial Floor Cleaner 2L,Household Essentials,58,2025-02-03,137,31510.0,140.0,230.0,132,158,204,189,103,152,170.75,32.16,155.88,33.04,0.212,0.773,0,0.0,0,6,0.6631,0.7485
SKU-HOU-001,Citrus Herbal Anti-Bacterial Floor Cleaner 2L,Household Essentials,59,2025-02-10,165,37950.0,140.0,230.0,137,132,158,204,171,136,157.75,32.83,160.12,26.88,0.168,0.868,0,0.0,0,7,0.7485,0.6631
SKU-HOU-001,Citrus Herbal Anti-Bacterial Floor Cleaner 2L,Household Essentials,60,2025-02-17,167,32648.5,140.0,230.0,165,137,132,158,131,132,148.0,15.98,159.38,26.61,0.167,1.115,1,0.15,0,8,0.823,0.5681
SKU-HOU-001,Citrus Herbal Anti-Bacterial Floor Cleaner 2L,Household Essentials,61,2025-02-24,130,29900.0,140.0,230.0,167,165,137,132,159,132,150.25,18.32,163.88,24.05,0.147,1.111,0,0.0,0,9,0.8855,0.4647
SKU-HOU-001,Citrus Herbal Anti-Bacterial Floor Cleaner 2L,Household Essentials,62,2025-03-03,152,34960.0,140.0,230.0,130,167,165,137,189,157,149.75,19.0,160.25,26.91,0.168,0.868,0,0.0,0,10,0.935,0.3546
SKU-HOU-001,Citrus Herbal Anti-Bacterial Floor Cleaner 2L,Household Essentials,63,2025-03-10,179,41170.0,140.0,230.0,152,130,167,165,204,224,153.5,17.02,155.62,24.31,0.156,0.99,0,0.0,1,11,0.9709,0.2393
SKU-HOU-001,Citrus Herbal Anti-Bacterial Floor Cleaner 2L,Household Essentials,64,2025-03-17,171,39330.0,140.0,230.0,179,152,130,167,158,174,157.0,21.12,152.5,17.99,0.118,1.14,0,0.0,0,12,0.9927,0.1205
SKU-HOU-001,Citrus Herbal Anti-Bacterial Floor Cleaner 2L,Household Essentials,65,2025-03-24,181,41630.0,140.0,230.0,171,179,152,130,132,165,158.0,21.83,154.12,19.11,0.124,1.082,0,0.0,0,13,1.0,0.0
SKU-HOU-001,Citrus Herbal Anti-Bacterial Floor Cleaner 2L,Household Essentials,66,2025-03-31,193,44390.0,140.0,230.0,181,171,179,152,137,146,170.75,13.23,160.25,18.86,0.118,1.06,0,0.0,0,14,0.9927,-0.1205
SKU-HOU-001,Citrus Herbal Anti-Bacterial Floor Cleaner 2L,Household Essentials,67,2025-04-07,214,41837.0,140.0,230.0,193,181,171,179,165,156,181.0,9.09,167.25,19.38,0.116,1.066,1,0.15,0,15,0.9709,-0.2393
SKU-HOU-001,Citrus Herbal Anti-Bacterial Floor Cleaner 2L,Household Essentials,68,2025-04-14,212,48760.0,140.0,230.0,214,193,181,171,167,123,189.75,18.5,173.38,25.38,0.146,1.128,0,0.0,0,16,0.935,-0.3546
SKU-HOU-001,Citrus Herbal Anti-Bacterial Floor Cleaner 2L,Household Essentials,69,2025-04-21,144,33120.0,140.0,230.0,212,214,193,181,130,153,200.0,15.81,179.0,28.56,0.16,1.06,0,0.0,0,17,0.8855,-0.4647
SKU-HOU-001,Citrus Herbal Anti-Bacterial Floor Cleaner 2L,Household Essentials,70,2025-04-28,131,30130.0,140.0,230.0,144,212,214,193,152,176,190.75,32.57,180.75,25.38,0.14,0.755,0,0.0,1,18,0.823,-0.5681
SKU-HOU-001,Citrus Herbal Anti-Bacterial Floor Cleaner 2L,Household Essentials,71,2025-05-05,157,36110.0,140.0,230.0,131,144,212,214,179,167,175.25,43.92,178.12,29.52,0.166,0.748,0,0.0,0,19,0.7485,-0.6631
SKU-HOU-001,Citrus Herbal Anti-Bacterial Floor Cleaner 2L,Household Essentials,72,2025-05-12,156,35880.0,140.0,230.0,157,131,144,212,171,156,161.0,35.62,175.38,30.44,0.174,0.975,0,0.0,0,20,0.6631,-0.7485
SKU-HOU-001,Citrus Herbal Anti-Bacterial Floor Cleaner 2L,Household Essentials,73,2025-05-19,163,37490.0,140.0,230.0,156,157,131,144,181,107,147.0,12.19,173.5,31.2,0.18,1.061,0,0.0,0,21,0.5681,-0.823
SKU-HOU-001,Citrus Herbal Anti-Bacterial Floor Cleaner 2L,Household Essentials,74,2025-05-26,164,32062.0,140.0,230.0,163,156,157,131,193,149,151.75,14.17,171.25,31.23,0.182,1.074,1,0.15,0,22,0.4647,-0.8855
SKU-HOU-001,Citrus Herbal Anti-Bacterial Floor Cleaner 2L,Household Essentials,75,2025-06-02,184,42320.0,140.0,230.0,164,163,156,157,214,126,160.0,4.08,167.62,30.0,0.179,1.025,0,0.0,0,23,0.3546,-0.935
SKU-HOU-001,Citrus Herbal Anti-Bacterial Floor Cleaner 2L,Household Essentials,76,2025-06-09,178,40940.0,140.0,230.0,184,164,163,156,212,137,166.75,12.04,163.88,24.8,0.151,1.103,0,0.0,0,24,0.2393,-0.9709
SKU-HOU-001,Citrus Herbal Anti-Bacterial Floor Cleaner 2L,Household Essentials,77,2025-06-16,163,37490.0,140.0,230.0,178,184,164,163,144,214,172.25,10.4,159.62,17.1,0.107,1.033,0,0.0,0,25,0.1205,-0.9927
SKU-HOU-001,Citrus Herbal Anti-Bacterial Floor Cleaner 2L,Household Essentials,78,2025-06-23,171,39330.0,140.0,230.0,163,178,184,164,131,192,172.25,10.4,162.0,15.89,0.098,0.946,0,0.0,0,26,0.0,-1.0
SKU-HOU-001,Citrus Herbal Anti-Bacterial Floor Cleaner 2L,Household Essentials,79,2025-06-30,162,37260.0,140.0,230.0,171,163,178,184,157,126,174.0,9.06,167.0,9.91,0.059,0.983,0,0.0,0,27,-0.1205,-0.9927
SKU-HOU-001,Citrus Herbal Anti-Bacterial Floor Cleaner 2L,Household Essentials,80,2025-07-07,298,68540.0,140.0,230.0,162,171,163,178,156,173,168.5,7.51,167.62,9.33,0.056,0.961,0,0.0,1,28,-0.2393,-0.9709
SKU-HOU-001,Citrus Herbal Anti-Bacterial Floor Cleaner 2L,Household Essentials,81,2025-07-14,241,47115.5,140.0,230.0,298,162,171,163,163,167,198.5,66.46,185.38,46.22,0.249,1.501,1,0.15,0,29,-0.3546,-0.935
SKU-HOU-001,Citrus Herbal Anti-Bacterial Floor Cleaner 2L,Household Essentials,82,2025-07-21,173,39790.0,140.0,230.0,241,298,162,171,164,132,218.0,63.96,195.12,48.97,0.251,1.106,0,0.0,0,30,-0.4647,-0.8855
SKU-HOU-001,Citrus Herbal Anti-Bacterial Floor Cleaner 2L,Household Essentials,83,2025-07-28,191,43930.0,140.0,230.0,173,241,298,162,184,154,218.5,63.48,196.25,48.25,0.246,0.792,0,0.0,0,31,-0.5681,-0.823
SKU-HOU-001,Citrus Herbal Anti-Bacterial Floor Cleaner 2L,Household Essentials,84,2025-08-04,145,33350.0,140.0,230.0,191,173,241,298,178,209,225.75,56.1,197.12,48.06,0.244,0.846,0,0.0,0,32,-0.6631,-0.7485
SKU-HOU-001,Citrus Herbal Anti-Bacterial Floor Cleaner 2L,Household Essentials,85,2025-08-11,277,63710.0,140.0,230.0,145,191,173,241,163,203,187.5,40.38,193.0,51.24,0.266,0.773,0,0.0,1,33,-0.7485,-0.6631
SKU-HOU-001,Citrus Herbal Anti-Bacterial Floor Cleaner 2L,Household Essentials,86,2025-08-18,138,31740.0,140.0,230.0,277,145,191,173,171,154,196.5,56.91,207.25,57.21,0.276,1.41,0,0.0,0,34,-0.823,-0.5681
SKU-HOU-001,Citrus Herbal Anti-Bacterial Floor Cleaner 2L,Household Essentials,87,2025-08-25,190,43700.0,140.0,230.0,138,277,145,191,162,139,187.75,63.98,203.12,61.25,0.302,0.735,0,0.0,0,35,-0.8855,-0.4647
SKU-HOU-001,Citrus Herbal Anti-Bacterial Floor Cleaner 2L,Household Essentials,88,2025-09-01,117,22873.5,140.0,230.0,190,138,277,145,298,114,187.5,63.96,206.62,59.33,0.287,1.013,1,0.15,0,36,-0.935,-0.3546
SKU-HOU-001,Citrus Herbal Anti-Bacterial Floor Cleaner 2L,Household Essentials,89,2025-09-08,130,29900.0,140.0,230.0,117,190,138,277,241,103,180.5,71.28,184.0,53.76,0.292,0.648,0,0.0,0,37,-0.9709,-0.2393
SKU-HOU-001,Citrus Herbal Anti-Bacterial Floor Cleaner 2L,Household Essentials,90,2025-09-15,105,24150.0,140.0,230.0,130,117,190,138,173,116,143.75,32.02,170.12,51.21,0.301,0.904,0,0.0,0,38,-0.9927,-0.1205
SKU-HOU-001,Citrus Herbal Anti-Bacterial Floor Cleaner 2L,Household Essentials,91,2025-09-22,141,32430.0,140.0,230.0,105,130,117,190,191,128,135.5,37.74,161.62,56.08,0.347,0.775,0,0.0,0,39,-1.0,-0.0
SKU-HOU-001,Citrus Herbal Anti-Bacterial Floor Cleaner 2L,Household Essentials,92,2025-09-29,143,32890.0,140.0,230.0,141,105,130,117,145,103,123.25,15.63,155.38,55.11,0.355,1.144,0,0.0,0,40,-0.9927,0.1205
SKU-HOU-001,Citrus Herbal Anti-Bacterial Floor Cleaner 2L,Household Essentials,93,2025-10-06,182,41860.0,140.0,230.0,143,141,105,130,277,213,129.75,17.46,155.12,55.17,0.356,1.102,0,0.0,1,41,-0.9709,0.2393
SKU-HOU-001,Citrus Herbal Anti-Bacterial Floor Cleaner 2L,Household Essentials,94,2025-10-13,143,32890.0,140.0,230.0,182,143,141,105,138,123,142.75,31.46,143.25,29.39,0.205,1.275,0,0.0,0,42,-0.935,0.3546
SKU-HOU-001,Citrus Herbal Anti-Bacterial Floor Cleaner 2L,Household Essentials,95,2025-10-20,164,32062.0,140.0,230.0,143,182,143,141,190,134,152.25,19.86,143.88,29.32,0.204,0.939,1,0.15,0,43,-0.8855,0.4647
SKU-HOU-001,Citrus Herbal Anti-Bacterial Floor Cleaner 2L,Household Essentials,96,2025-10-27,235,54050.0,140.0,230.0,164,143,182,143,117,248,158.0,18.81,140.62,24.52,0.174,1.038,0,0.0,1,44,-0.823,0.5681
SKU-HOU-001,Citrus Herbal Anti-Bacterial Floor Cleaner 2L,Household Essentials,97,2025-11-03,171,39330.0,140.0,230.0,235,164,143,182,130,101,181.0,39.37,155.38,39.31,0.253,1.298,0,0.0,0,45,-0.7485,0.6631
SKU-HOU-001,Citrus Herbal Anti-Bacterial Floor Cleaner 2L,Household Essentials,98,2025-11-10,165,37950.0,140.0,230.0,171,235,164,143,105,161,178.25,39.66,160.5,38.19,0.238,0.959,0,0.0,0,46,-0.6631,0.7485
SKU-HOU-001,Citrus Herbal Anti-Bacterial Floor Cleaner 2L,Household Essentials,99,2025-11-17,142,32660.0,140.0,230.0,165,171,235,164,141,98,183.75,34.31,168.0,30.93,0.184,0.898,0,0.0,0,47,-0.5681,0.823
SKU-HOU-001,Citrus Herbal Anti-Bacterial Floor Cleaner 2L,Household Essentials,100,2025-11-24,188,43240.0,140.0,230.0,142,165,171,235,143,141,178.25,39.84,168.12,30.81,0.183,0.797,0,0.0,0,48,-0.4647,0.8855
SKU-HOU-001,Citrus Herbal Anti-Bacterial Floor Cleaner 2L,Household Essentials,101,2025-12-01,152,34960.0,140.0,230.0,188,142,165,171,182,112,166.5,19.02,173.75,29.65,0.171,1.129,0,0.0,0,49,-0.3546,0.935
SKU-HOU-001,Citrus Herbal Anti-Bacterial Floor Cleaner 2L,Household Essentials,102,2025-12-08,215,42032.5,140.0,230.0,152,188,142,165,143,103,161.75,19.87,170.0,30.35,0.179,0.94,1,0.15,0,50,-0.2393,0.9709
SKU-HOU-001,Citrus Herbal Anti-Bacterial Floor Cleaner 2L,Household Essentials,103,2025-12-15,165,37950.0,140.0,230.0,215,152,188,142,164,171,174.25,33.59,179.0,31.84,0.178,1.234,0,0.0,1,51,-0.1205,0.9927
SKU-HOU-001,Citrus Herbal Anti-Bacterial Floor Cleaner 2L,Household Essentials,104,2025-12-22,155,35650.0,140.0,230.0,165,215,152,188,235,131,180.0,27.68,179.12,31.77,0.177,0.917,0,0.0,0,52,-0.0,1.0
SKU-HOU-002,Concentrated Enzymatic Liquid Laundry Detergent 1L,Household Essentials,1,2024-01-01,185,51615.0,170.0,279.0,185,185,185,185,185,185,185.0,0.0,185.0,0.0,0.0,1.0,0,0.0,0,1,0.1205,0.9927
SKU-HOU-002,Concentrated Enzymatic Liquid Laundry Detergent 1L,Household Essentials,2,2024-01-08,164,45756.0,170.0,279.0,185,185,185,185,185,185,185.0,0.0,185.0,0.0,0.0,1.0,0,0.0,0,2,0.2393,0.9709
SKU-HOU-002,Concentrated Enzymatic Liquid Laundry Detergent 1L,Household Essentials,3,2024-01-15,207,57753.0,170.0,279.0,164,185,185,185,185,185,174.5,14.85,174.5,14.85,0.085,0.94,0,0.0,1,3,0.3546,0.935
SKU-HOU-002,Concentrated Enzymatic Liquid Laundry Detergent 1L,Household Essentials,4,2024-01-22,234,55493.1,170.0,279.0,207,164,185,185,185,185,185.33,21.5,185.33,21.5,0.116,1.117,1,0.15,0,4,0.4647,0.8855
SKU-HOU-002,Concentrated Enzymatic Liquid Laundry Detergent 1L,Household Essentials,5,2024-01-29,230,64170.0,170.0,279.0,234,207,164,185,185,185,197.5,30.01,197.5,30.01,0.152,1.185,0,0.0,0,5,0.5681,0.823
SKU-HOU-002,Concentrated Enzymatic Liquid Laundry Detergent 1L,Household Essentials,6,2024-02-05,177,49383.0,170.0,279.0,230,234,207,164,164,164,208.75,32.12,204.0,29.77,0.146,1.102,0,0.0,0,6,0.6631,0.7485
SKU-HOU-002,Concentrated Enzymatic Liquid Laundry Detergent 1L,Household Essentials,7,2024-02-12,167,46593.0,170.0,279.0,177,230,234,207,207,207,212.0,26.19,199.5,28.82,0.144,0.835,0,0.0,0,7,0.7485,0.6631
SKU-HOU-002,Concentrated Enzymatic Liquid Laundry Detergent 1L,Household Essentials,8,2024-02-19,195,54405.0,170.0,279.0,167,177,230,234,234,234,202.0,34.92,194.86,29.04,0.149,0.827,0,0.0,0,8,0.823,0.5681
SKU-HOU-002,Concentrated Enzymatic Liquid Laundry Detergent 1L,Household Essentials,9,2024-02-26,180,50220.0,170.0,279.0,195,167,177,230,185,185,192.25,27.71,194.88,26.88,0.138,1.014,0,0.0,0,9,0.8855,0.4647
SKU-HOU-002,Concentrated Enzymatic Liquid Laundry Detergent 1L,Household Essentials,10,2024-03-04,235,65565.0,170.0,279.0,180,195,167,177,164,164,179.75,11.59,194.25,27.2,0.14,1.001,0,0.0,0,10,0.935,0.3546
SKU-HOU-002,Concentrated Enzymatic Liquid Laundry Detergent 1L,Household Essentials,11,2024-03-11,233,55255.95,170.0,279.0,235,180,195,167,207,207,194.25,29.48,203.12,27.5,0.135,1.21,1,0.15,1,11,0.9709,0.2393
SKU-HOU-002,Concentrated Enzymatic Liquid Laundry Detergent 1L,Household Essentials,12,2024-03-18,180,50220.0,170.0,279.0,233,235,180,195,234,234,210.75,27.55,206.38,29.49,0.143,1.106,0,0.0,0,12,0.9927,0.1205
SKU-HOU-002,Concentrated Enzymatic Liquid Laundry Detergent 1L,Household Essentials,13,2024-03-25,221,61659.0,170.0,279.0,180,233,235,180,230,230,207.0,31.19,199.62,28.43,0.142,0.87,0,0.0,0,13,1.0,0.0
SKU-HOU-002,Concentrated Enzymatic Liquid Laundry Detergent 1L,Household Essentials,14,2024-04-01,165,46035.0,170.0,279.0,221,180,233,235,177,177,217.25,25.59,198.5,27.2,0.137,1.017,0,0.0,0,14,0.9927,-0.1205
SKU-HOU-002,Concentrated Enzymatic Liquid Laundry Detergent 1L,Household Essentials,15,2024-04-08,218,60822.0,170.0,279.0,165,221,180,233,167,167,199.75,32.43,197.0,28.84,0.146,0.826,0,0.0,0,15,0.9709,-0.2393
SKU-HOU-002,Concentrated Enzymatic Liquid Laundry Detergent 1L,Household Essentials,16,2024-04-15,228,63612.0,170.0,279.0,218,165,221,180,195,195,196.0,27.84,203.38,26.83,0.132,1.112,0,0.0,0,16,0.935,-0.3546
SKU-HOU-002,Concentrated Enzymatic Liquid Laundry Detergent 1L,Household Essentials,17,2024-04-22,172,47988.0,170.0,279.0,228,218,165,221,180,180,208.0,28.97,207.5,27.87,0.134,1.096,0,0.0,0,17,0.8855,-0.4647
SKU-HOU-002,Concentrated Enzymatic Liquid Laundry Detergent 1L,Household Essentials,18,2024-04-29,183,43398.45,170.0,279.0,172,228,218,165,235,235,195.75,31.86,206.5,29.12,0.141,0.879,1,0.15,1,18,0.823,-0.5681
SKU-HOU-002,Concentrated Enzymatic Liquid Laundry Detergent 1L,Household Essentials,19,2024-05-06,165,46035.0,170.0,279.0,183,172,228,218,233,233,200.25,26.96,200.0,27.61,0.138,0.914,0,0.0,0,19,0.7485,-0.6631
SKU-HOU-002,Concentrated Enzymatic Liquid Laundry Detergent 1L,Household Essentials,20,2024-05-13,154,42966.0,170.0,279.0,165,183,172,228,180,180,187.0,28.32,191.5,26.44,0.138,0.882,0,0.0,0,20,0.6631,-0.7485
SKU-HOU-002,Concentrated Enzymatic Liquid Laundry Detergent 1L,Household Essentials,21,2024-05-20,202,56358.0,170.0,279.0,154,165,183,172,221,221,168.5,12.18,188.25,29.48,0.157,0.914,0,0.0,0,21,0.5681,-0.823
SKU-HOU-002,Concentrated Enzymatic Liquid Laundry Detergent 1L,Household Essentials,22,2024-05-27,194,54126.0,170.0,279.0,202,154,165,183,165,165,176.0,21.06,185.88,27.14,0.146,1.148,0,0.0,0,22,0.4647,-0.8855
SKU-HOU-002,Concentrated Enzymatic Liquid Laundry Detergent 1L,Household Essentials,23,2024-06-03,184,51336.0,170.0,279.0,194,202,154,165,218,218,178.75,22.91,189.5,25.86,0.136,1.085,0,0.0,0,23,0.3546,-0.935
SKU-HOU-002,Concentrated Enzymatic Liquid Laundry Detergent 1L,Household Essentials,24,2024-06-10,189,52731.0,170.0,279.0,184,194,202,154,228,228,183.5,21.0,185.25,23.16,0.125,1.003,0,0.0,0,24,0.2393,-0.9709
SKU-HOU-002,Concentrated Enzymatic Liquid Laundry Detergent 1L,Household Essentials,25,2024-06-17,255,60473.25,170.0,279.0,189,184,194,202,172,172,192.25,7.68,180.38,15.81,0.088,0.983,1,0.15,0,25,0.1205,-0.9927
SKU-HOU-002,Concentrated Enzymatic Liquid Laundry Detergent 1L,Household Essentials,26,2024-06-24,216,60264.0,170.0,279.0,255,189,184,194,183,183,205.5,33.25,190.75,30.21,0.158,1.241,0,0.0,0,26,0.0,-1.0
SKU-HOU-002,Concentrated Enzymatic Liquid Laundry Detergent 1L,Household Essentials,27,2024-07-01,208,58032.0,170.0,279.0,216,255,189,184,165,165,211.0,32.53,194.88,31.23,0.16,1.024,0,0.0,0,27,-0.1205,-0.9927
SKU-HOU-002,Concentrated Enzymatic Liquid Laundry Detergent 1L,Household Essentials,28,2024-07-08,237,66123.0,170.0,279.0,208,216,255,189,154,154,217.0,27.75,200.25,28.98,0.145,0.959,0,0.0,1,28,-0.2393,-0.9709
SKU-HOU-002,Concentrated Enzymatic Liquid Laundry Detergent 1L,Household Essentials,29,2024-07-15,200,55800.0,170.0,279.0,237,208,216,255,202,202,229.0,21.21,210.62,24.58,0.117,1.035,0,0.0,0,29,-0.3546,-0.935
SKU-HOU-002,Concentrated Enzymatic Liquid Laundry Detergent 1L,Household Essentials,30,2024-07-22,177,49383.0,170.0,279.0,200,237,208,216,194,194,215.25,15.9,210.38,24.69,0.117,0.929,0,0.0,0,30,-0.4647,-0.8855
SKU-HOU-002,Concentrated Enzymatic Liquid Laundry Detergent 1L,Household Essentials,31,2024-07-29,183,51057.0,170.0,279.0,177,200,237,208,184,184,205.5,24.77,208.25,26.93,0.129,0.861,0,0.0,0,31,-0.5681,-0.823
SKU-HOU-002,Concentrated Enzymatic Liquid Laundry Detergent 1L,Household Essentials,32,2024-08-05,305,72330.75,170.0,279.0,183,177,200,237,189,189,199.25,26.99,208.12,27.06,0.13,0.918,1,0.15,0,32,-0.6631,-0.7485
SKU-HOU-002,Concentrated Enzymatic Liquid Laundry Detergent 1L,Household Essentials,33,2024-08-12,183,51057.0,170.0,279.0,305,183,177,200,255,255,216.25,59.96,222.62,42.19,0.19,1.41,0,0.0,1,33,-0.7485,-0.6631
SKU-HOU-002,Concentrated Enzymatic Liquid Laundry Detergent 1L,Household Essentials,34,2024-08-19,189,52731.0,170.0,279.0,183,305,183,177,216,216,212.0,62.06,213.62,41.98,0.197,0.863,0,0.0,0,34,-0.823,-0.5681
SKU-HOU-002,Concentrated Enzymatic Liquid Laundry Detergent 1L,Household Essentials,35,2024-08-26,185,51615.0,170.0,279.0,189,183,305,183,208,208,215.0,60.07,210.25,42.84,0.204,0.879,0,0.0,0,35,-0.8855,-0.4647
SKU-HOU-002,Concentrated Enzymatic Liquid Laundry Detergent 1L,Household Essentials,36,2024-09-02,146,40734.0,170.0,279.0,185,189,183,305,237,237,215.5,59.72,207.38,43.77,0.211,0.858,0,0.0,0,36,-0.935,-0.3546
SKU-HOU-002,Concentrated Enzymatic Liquid Laundry Detergent 1L,Household Essentials,37,2024-09-09,134,37386.0,170.0,279.0,146,185,189,183,200,200,175.75,19.99,196.0,46.7,0.238,0.831,0,0.0,0,37,-0.9709,-0.2393
SKU-HOU-002,Concentrated Enzymatic Liquid Laundry Detergent 1L,Household Essentials,38,2024-09-16,137,38223.0,170.0,279.0,134,146,185,189,177,177,163.5,27.62,187.75,51.48,0.274,0.82,0,0.0,0,38,-0.9927,-0.1205
SKU-HOU-002,Concentrated Enzymatic Liquid Laundry Detergent 1L,Household Essentials,39,2024-09-23,243,57627.45,170.0,279.0,137,134,146,185,183,183,150.5,23.56,182.75,54.52,0.298,0.91,1,0.15,0,39,-1.0,-0.0
SKU-HOU-002,Concentrated Enzymatic Liquid Laundry Detergent 1L,Household Essentials,40,2024-09-30,199,55521.0,170.0,279.0,243,137,134,146,305,305,165.0,52.25,190.25,58.54,0.308,1.473,0,0.0,0,40,-0.9927,0.1205
SKU-HOU-002,Concentrated Enzymatic Liquid Laundry Detergent 1L,Household Essentials,41,2024-10-07,265,73935.0,170.0,279.0,199,243,137,134,183,183,178.25,52.54,177.0,36.83,0.208,1.116,0,0.0,1,41,-0.9709,0.2393
SKU-HOU-002,Concentrated Enzymatic Liquid Laundry Detergent 1L,Household Essentials,42,2024-10-14,140,39060.0,170.0,279.0,265,199,243,137,189,189,211.0,56.45,187.25,48.35,0.258,1.256,0,0.0,0,42,-0.935,0.3546
SKU-HOU-002,Concentrated Enzymatic Liquid Laundry Detergent 1L,Household Essentials,43,2024-10-21,158,44082.0,170.0,279.0,140,265,199,243,185,185,211.75,55.14,181.12,51.12,0.282,0.661,0,0.0,0,43,-0.8855,0.4647
SKU-HOU-002,Concentrated Enzymatic Liquid Laundry Detergent 1L,Household Essentials,44,2024-10-28,315,87885.0,170.0,279.0,158,140,265,199,146,146,190.5,55.46,177.75,51.71,0.291,0.829,0,0.0,1,44,-0.823,0.5681
SKU-HOU-002,Concentrated Enzymatic Liquid Laundry Detergent 1L,Household Essentials,45,2024-11-04,153,42687.0,170.0,279.0,315,158,140,265,134,134,219.5,84.25,198.88,68.64,0.345,1.435,0,0.0,0,45,-0.7485,0.6631
SKU-HOU-002,Concentrated Enzymatic Liquid Laundry Detergent 1L,Household Essentials,46,2024-11-11,225,53358.75,170.0,279.0,153,315,158,140,137,137,191.5,82.68,201.25,66.36,0.33,0.799,1,0.15,0,46,-0.6631,0.7485
SKU-HOU-002,Concentrated Enzymatic Liquid Laundry Detergent 1L,Household Essentials,47,2024-11-18,186,51894.0,170.0,279.0,225,153,315,158,243,243,212.75,75.66,212.25,61.29,0.289,1.058,0,0.0,0,47,-0.5681,0.823
SKU-HOU-002,Concentrated Enzymatic Liquid Laundry Detergent 1L,Household Essentials,48,2024-11-25,159,44361.0,170.0,279.0,186,225,153,315,199,199,219.75,69.99,205.12,60.52,0.295,0.846,0,0.0,0,48,-0.4647,0.8855
SKU-HOU-002,Concentrated Enzymatic Liquid Laundry Detergent 1L,Household Essentials,49,2024-12-02,243,67797.0,170.0,279.0,159,186,225,153,265,265,180.75,32.81,200.12,62.71,0.313,0.88,0,0.0,0,49,-0.3546,0.935
SKU-HOU-002,Concentrated Enzymatic Liquid Laundry Detergent 1L,Household Essentials,50,2024-12-09,198,55242.0,170.0,279.0,243,159,186,225,140,140,203.25,37.9,197.38,59.87,0.303,1.196,0,0.0,0,50,-0.2393,0.9709
SKU-HOU-002,Concentrated Enzymatic Liquid Laundry Detergent 1L,Household Essentials,51,2024-12-16,222,61938.0,170.0,279.0,198,243,159,186,158,158,196.5,35.03,204.62,55.27,0.27,1.008,0,0.0,1,51,-0.1205,0.9927
SKU-HOU-002,Concentrated Enzymatic Liquid Laundry Detergent 1L,Household Essentials,52,2024-12-23,214,59706.0,170.0,279.0,222,198,243,159,315,315,205.5,36.04,212.62,52.1,0.245,1.08,0,0.0,0,52,-0.0,1.0
SKU-HOU-002,Concentrated Enzymatic Liquid Laundry Detergent 1L,Household Essentials,53,2024-12-30,255,60473.25,170.0,279.0,214,222,198,243,153,185,219.25,18.71,200.0,32.17,0.161,0.976,1,0.15,0,1,0.1205,0.9927
SKU-HOU-002,Concentrated Enzymatic Liquid Laundry Detergent 1L,Household Essentials,54,2025-01-06,216,60264.0,170.0,279.0,255,214,222,198,225,164,222.25,24.01,212.75,31.07,0.146,1.147,0,0.0,0,2,0.2393,0.9709
SKU-HOU-002,Concentrated Enzymatic Liquid Laundry Detergent 1L,Household Essentials,55,2025-01-13,249,69471.0,170.0,279.0,216,255,214,222,186,207,226.75,19.14,211.62,30.73,0.145,0.953,0,0.0,1,3,0.3546,0.935
SKU-HOU-002,Concentrated Enzymatic Liquid Laundry Detergent 1L,Household Essentials,56,2025-01-20,177,49383.0,170.0,279.0,249,216,255,214,159,234,233.5,21.52,219.5,31.29,0.143,1.066,0,0.0,0,4,0.4647,0.8855
SKU-HOU-002,Concentrated Enzymatic Liquid Laundry Detergent 1L,Household Essentials,57,2025-01-27,240,66960.0,170.0,279.0,177,249,216,255,243,230,224.25,35.86,221.75,26.62,0.12,0.789,0,0.0,0,5,0.5681,0.823
SKU-HOU-002,Concentrated Enzymatic Liquid Laundry Detergent 1L,Household Essentials,58,2025-02-03,245,68355.0,170.0,279.0,240,177,249,216,198,177,220.5,32.17,221.38,26.29,0.119,1.088,0,0.0,0,6,0.6631,0.7485
SKU-HOU-002,Concentrated Enzymatic Liquid Laundry Detergent 1L,Household Essentials,59,2025-02-10,226,63054.0,170.0,279.0,245,240,177,249,222,167,227.75,34.03,227.25,25.57,0.113,1.076,0,0.0,0,7,0.7485,0.6631
SKU-HOU-002,Concentrated Enzymatic Liquid Laundry Detergent 1L,Household Essentials,60,2025-02-17,181,42924.15,170.0,279.0,226,245,240,177,214,195,222.0,31.06,227.75,25.49,0.112,1.018,1,0.15,0,8,0.823,0.5681
SKU-HOU-002,Concentrated Enzymatic Liquid Laundry Detergent 1L,Household Essentials,61,2025-02-24,204,56916.0,170.0,279.0,181,226,245,240,255,180,223.0,29.13,223.62,30.26,0.135,0.812,0,0.0,0,9,0.8855,0.4647
SKU-HOU-002,Concentrated Enzymatic Liquid Laundry Detergent 1L,Household Essentials,62,2025-03-03,283,78957.0,170.0,279.0,204,181,226,245,216,235,214.0,27.65,217.25,27.99,0.129,0.953,0,0.0,0,10,0.935,0.3546
SKU-HOU-002,Concentrated Enzymatic Liquid Laundry Detergent 1L,Household Essentials,63,2025-03-10,242,67518.0,170.0,279.0,283,204,181,226,249,233,223.5,43.71,225.62,36.34,0.161,1.266,0,0.0,1,11,0.9709,0.2393
SKU-HOU-002,Concentrated Enzymatic Liquid Laundry Detergent 1L,Household Essentials,64,2025-03-17,270,75330.0,170.0,279.0,242,283,204,181,177,180,227.5,44.74,224.75,35.78,0.159,1.064,0,0.0,0,12,0.9927,0.1205
SKU-HOU-002,Concentrated Enzymatic Liquid Laundry Detergent 1L,Household Essentials,65,2025-03-24,226,63054.0,170.0,279.0,270,242,283,204,240,221,249.75,34.97,236.38,33.05,0.14,1.081,0,0.0,0,13,1.0,0.0
SKU-HOU-002,Concentrated Enzymatic Liquid Laundry Detergent 1L,Household Essentials,66,2025-03-31,187,52173.0,170.0,279.0,226,270,242,283,245,165,255.25,25.94,234.62,33.2,0.142,0.885,0,0.0,0,14,0.9927,-0.1205
SKU-HOU-002,Concentrated Enzymatic Liquid Laundry Detergent 1L,Household Essentials,67,2025-04-07,283,67113.45,170.0,279.0,187,226,270,242,226,218,231.25,34.65,227.38,36.75,0.162,0.809,1,0.15,0,15,0.9709,-0.2393
SKU-HOU-002,Concentrated Enzymatic Liquid Laundry Detergent 1L,Household Essentials,68,2025-04-14,225,62775.0,170.0,279.0,283,187,226,270,181,228,241.5,43.76,234.5,41.65,0.178,1.172,0,0.0,0,16,0.935,-0.3546
SKU-HOU-002,Concentrated Enzymatic Liquid Laundry Detergent 1L,Household Essentials,69,2025-04-21,235,65565.0,170.0,279.0,225,283,187,226,204,172,230.25,39.58,240.0,36.11,0.15,0.977,0,0.0,0,17,0.8855,-0.4647
SKU-HOU-002,Concentrated Enzymatic Liquid Laundry Detergent 1L,Household Essentials,70,2025-04-28,266,74214.0,170.0,279.0,235,225,283,187,283,183,232.5,39.51,243.88,33.25,0.136,1.011,0,0.0,1,18,0.823,-0.5681
SKU-HOU-002,Concentrated Enzymatic Liquid Laundry Detergent 1L,Household Essentials,71,2025-05-05,154,42966.0,170.0,279.0,266,235,225,283,242,165,252.25,26.92,241.75,30.84,0.128,1.055,0,0.0,0,19,0.7485,-0.6631
SKU-HOU-002,Concentrated Enzymatic Liquid Laundry Detergent 1L,Household Essentials,72,2025-05-12,199,55521.0,170.0,279.0,154,266,235,225,270,154,220.0,47.34,230.75,43.74,0.19,0.7,0,0.0,0,20,0.6631,-0.7485
SKU-HOU-002,Concentrated Enzymatic Liquid Laundry Detergent 1L,Household Essentials,73,2025-05-19,228,63612.0,170.0,279.0,199,154,266,235,226,202,213.5,48.2,221.88,41.8,0.188,0.932,0,0.0,0,21,0.5681,-0.823
SKU-HOU-002,Concentrated Enzymatic Liquid Laundry Detergent 1L,Household Essentials,74,2025-05-26,285,67587.75,170.0,279.0,228,199,154,266,187,194,211.75,47.27,222.12,41.83,0.188,1.077,1,0.15,0,22,0.4647,-0.8855
SKU-HOU-002,Concentrated Enzymatic Liquid Laundry Detergent 1L,Household Essentials,75,2025-06-02,235,65565.0,170.0,279.0,285,228,199,154,283,184,216.5,54.88,234.38,44.35,0.189,1.316,0,0.0,0,23,0.3546,-0.935
SKU-HOU-002,Concentrated Enzymatic Liquid Laundry Detergent 1L,Household Essentials,76,2025-06-09,187,52173.0,170.0,279.0,235,285,228,199,225,189,236.75,35.74,228.38,39.85,0.174,0.993,0,0.0,0,24,0.2393,-0.9709
SKU-HOU-002,Concentrated Enzymatic Liquid Laundry Detergent 1L,Household Essentials,77,2025-06-16,200,55800.0,170.0,279.0,187,235,285,228,235,255,233.75,40.19,223.62,42.49,0.19,0.8,0,0.0,0,25,0.1205,-0.9927
SKU-HOU-002,Concentrated Enzymatic Liquid Laundry Detergent 1L,Household Essentials,78,2025-06-23,222,61938.0,170.0,279.0,200,187,235,285,266,216,226.75,43.81,219.25,42.95,0.196,0.882,0,0.0,0,26,0.0,-1.0
SKU-HOU-002,Concentrated Enzymatic Liquid Laundry Detergent 1L,Household Essentials,79,2025-06-30,260,72540.0,170.0,279.0,222,200,187,235,154,208,211.0,21.56,213.75,38.71,0.181,1.052,0,0.0,0,27,-0.1205,-0.9927
SKU-HOU-002,Concentrated Enzymatic Liquid Laundry Detergent 1L,Household Essentials,80,2025-07-07,302,84258.0,170.0,279.0,260,222,200,187,199,237,217.25,31.95,227.0,33.07,0.146,1.197,0,0.0,1,28,-0.2393,-0.9709
SKU-HOU-002,Concentrated Enzymatic Liquid Laundry Detergent 1L,Household Essentials,81,2025-07-14,262,62133.3,170.0,279.0,302,260,222,200,228,200,246.0,44.81,239.88,39.95,0.167,1.228,1,0.15,0,29,-0.3546,-0.935
SKU-HOU-002,Concentrated Enzymatic Liquid Laundry Detergent 1L,Household Essentials,82,2025-07-21,274,76446.0,170.0,279.0,262,302,260,222,285,177,261.5,32.68,244.12,40.31,0.165,1.002,0,0.0,0,30,-0.4647,-0.8855
SKU-HOU-002,Concentrated Enzymatic Liquid Laundry Detergent 1L,Household Essentials,83,2025-07-28,259,72261.0,170.0,279.0,274,262,302,260,235,183,274.5,19.35,242.75,38.88,0.16,0.998,0,0.0,0,31,-0.5681,-0.823
SKU-HOU-002,Concentrated Enzymatic Liquid Laundry Detergent 1L,Household Essentials,84,2025-08-04,255,71145.0,170.0,279.0,259,274,262,302,187,305,274.25,19.6,245.75,39.12,0.159,0.944,0,0.0,0,32,-0.6631,-0.7485
SKU-HOU-002,Concentrated Enzymatic Liquid Laundry Detergent 1L,Household Essentials,85,2025-08-11,362,100998.0,170.0,279.0,255,259,274,262,200,183,262.5,8.19,254.25,31.1,0.122,0.971,0,0.0,1,33,-0.7485,-0.6631
SKU-HOU-002,Concentrated Enzymatic Liquid Laundry Detergent 1L,Household Essentials,86,2025-08-18,208,58032.0,170.0,279.0,362,255,259,274,222,189,287.5,50.34,274.5,41.67,0.152,1.259,0,0.0,0,34,-0.823,-0.5681
SKU-HOU-002,Concentrated Enzymatic Liquid Laundry Detergent 1L,Household Essentials,87,2025-08-25,146,40734.0,170.0,279.0,208,362,255,259,260,185,271.0,64.94,272.75,44.4,0.163,0.768,0,0.0,0,35,-0.8855,-0.4647
SKU-HOU-002,Concentrated Enzymatic Liquid Laundry Detergent 1L,Household Essentials,88,2025-09-01,199,47192.85,170.0,279.0,146,208,362,255,302,146,242.75,91.18,258.5,63.33,0.245,0.601,1,0.15,0,36,-0.935,-0.3546
SKU-HOU-002,Concentrated Enzymatic Liquid Laundry Detergent 1L,Household Essentials,89,2025-09-08,184,51336.0,170.0,279.0,199,146,208,362,262,134,228.75,92.95,245.62,63.69,0.259,0.87,0,0.0,0,37,-0.9709,-0.2393
SKU-HOU-002,Concentrated Enzymatic Liquid Laundry Detergent 1L,Household Essentials,90,2025-09-15,178,49662.0,170.0,279.0,184,199,146,208,274,137,184.25,27.35,235.88,66.73,0.283,0.999,0,0.0,0,38,-0.9927,-0.1205
SKU-HOU-002,Concentrated Enzymatic Liquid Laundry Detergent 1L,Household Essentials,91,2025-09-22,185,51615.0,170.0,279.0,178,184,199,146,259,243,176.75,22.32,223.88,67.52,0.302,1.007,0,0.0,0,39,-1.0,-0.0
SKU-HOU-002,Concentrated Enzymatic Liquid Laundry Detergent 1L,Household Essentials,92,2025-09-29,222,61938.0,170.0,279.0,185,178,184,199,255,199,186.5,8.89,214.62,67.09,0.313,0.992,0,0.0,0,40,-0.9927,0.1205
SKU-HOU-002,Concentrated Enzymatic Liquid Laundry Detergent 1L,Household Essentials,93,2025-10-06,273,76167.0,170.0,279.0,222,185,178,184,362,265,192.25,20.07,210.5,65.24,0.31,1.155,0,0.0,1,41,-0.9709,0.2393
SKU-HOU-002,Concentrated Enzymatic Liquid Laundry Detergent 1L,Household Essentials,94,2025-10-13,181,50499.0,170.0,279.0,273,222,185,178,208,140,214.5,43.52,199.38,37.33,0.187,1.273,0,0.0,0,42,-0.935,0.3546
SKU-HOU-002,Concentrated Enzymatic Liquid Laundry Detergent 1L,Household Essentials,95,2025-10-20,260,61659.0,170.0,279.0,181,273,222,185,146,158,215.25,42.7,196.0,37.66,0.192,0.841,1,0.15,0,43,-0.8855,0.4647
SKU-HOU-002,Concentrated Enzymatic Liquid Laundry Detergent 1L,Household Essentials,96,2025-10-27,404,112716.0,170.0,279.0,260,181,273,222,199,315,234.0,41.43,210.25,37.61,0.179,1.111,0,0.0,1,44,-0.823,0.5681
SKU-HOU-002,Concentrated Enzymatic Liquid Laundry Detergent 1L,Household Essentials,97,2025-11-03,174,48546.0,170.0,279.0,404,260,181,273,184,153,279.5,92.42,235.88,77.51,0.329,1.445,0,0.0,0,45,-0.7485,0.6631
SKU-HOU-002,Concentrated Enzymatic Liquid Laundry Detergent 1L,Household Essentials,98,2025-11-10,214,59706.0,170.0,279.0,174,404,260,181,178,225,254.75,106.87,234.62,78.54,0.335,0.683,0,0.0,0,46,-0.6631,0.7485
SKU-HOU-002,Concentrated Enzymatic Liquid Laundry Detergent 1L,Household Essentials,99,2025-11-17,216,60264.0,170.0,279.0,214,174,404,260,185,186,263.0,100.35,239.12,75.82,0.317,0.814,0,0.0,0,47,-0.5681,0.823
SKU-HOU-002,Concentrated Enzymatic Liquid Laundry Detergent 1L,Household Essentials,100,2025-11-24,186,51894.0,170.0,279.0,216,214,174,404,222,159,252.0,103.16,243.0,73.41,0.302,0.857,0,0.0,0,48,-0.4647,0.8855
SKU-HOU-002,Concentrated Enzymatic Liquid Laundry Detergent 1L,Household Essentials,101,2025-12-01,171,47709.0,170.0,279.0,186,216,214,174,273,243,197.5,20.81,238.5,75.94,0.318,0.942,0,0.0,0,49,-0.3546,0.935
SKU-HOU-002,Concentrated Enzymatic Liquid Laundry Detergent 1L,Household Essentials,102,2025-12-08,342,81105.3,170.0,279.0,171,186,216,214,181,198,196.75,21.96,225.75,77.86,0.345,0.869,1,0.15,0,50,-0.2393,0.9709
SKU-HOU-002,Concentrated Enzymatic Liquid Laundry Detergent 1L,Household Essentials,103,2025-12-15,261,72819.0,170.0,279.0,342,171,186,216,260,222,228.75,77.78,245.88,85.11,0.346,1.495,0,0.0,1,51,-0.1205,0.9927
SKU-HOU-002,Concentrated Enzymatic Liquid Laundry Detergent 1L,Household Essentials,104,2025-12-22,226,63054.0,170.0,279.0,261,342,171,186,404,214,240.0,78.57,246.0,85.14,0.346,1.087,0,0.0,0,52,-0.0,1.0
SKU-HOU-003,Multi-Surface Disinfectant Surface Spray 500ml,Household Essentials,1,2024-01-01,147,24255.0,95.0,165.0,147,147,147,147,147,147,147.0,0.0,147.0,0.0,0.0,1.0,0,0.0,0,1,0.1205,0.9927
SKU-HOU-003,Multi-Surface Disinfectant Surface Spray 500ml,Household Essentials,2,2024-01-08,77,12705.0,95.0,165.0,147,147,147,147,147,147,147.0,0.0,147.0,0.0,0.0,1.0,0,0.0,0,2,0.2393,0.9709
SKU-HOU-003,Multi-Surface Disinfectant Surface Spray 500ml,Household Essentials,3,2024-01-15,186,30690.0,95.0,165.0,77,147,147,147,147,147,112.0,49.5,112.0,49.5,0.442,0.688,0,0.0,1,3,0.3546,0.935
SKU-HOU-003,Multi-Surface Disinfectant Surface Spray 500ml,Household Essentials,4,2024-01-22,151,24915.0,95.0,165.0,186,77,147,147,147,147,136.67,55.23,136.67,55.23,0.404,1.361,0,0.0,0,4,0.4647,0.8855
SKU-HOU-003,Multi-Surface Disinfectant Surface Spray 500ml,Household Essentials,5,2024-01-29,108,17820.0,95.0,165.0,151,186,77,147,147,147,140.25,45.66,140.25,45.66,0.326,1.077,0,0.0,0,5,0.5681,0.823
SKU-HOU-003,Multi-Surface Disinfectant Surface Spray 500ml,Household Essentials,6,2024-02-05,184,25806.0,95.0,165.0,108,151,186,77,77,77,130.5,47.85,133.8,42.09,0.315,0.828,1,0.15,0,6,0.6631,0.7485
SKU-HOU-003,Multi-Surface Disinfectant Surface Spray 500ml,Household Essentials,7,2024-02-12,122,20130.0,95.0,165.0,184,108,151,186,186,186,157.25,36.55,142.17,42.86,0.302,1.17,0,0.0,0,7,0.7485,0.6631
SKU-HOU-003,Multi-Surface Disinfectant Surface Spray 500ml,Household Essentials,8,2024-02-19,83,13695.0,95.0,165.0,122,184,108,151,151,151,141.25,33.66,139.29,39.87,0.286,0.864,0,0.0,0,8,0.823,0.5681
SKU-HOU-003,Multi-Surface Disinfectant Surface Spray 500ml,Household Essentials,9,2024-02-26,143,23595.0,95.0,165.0,83,122,184,108,147,147,124.25,42.98,132.25,41.93,0.317,0.668,0,0.0,0,9,0.8855,0.4647
SKU-HOU-003,Multi-Surface Disinfectant Surface Spray 500ml,Household Essentials,10,2024-03-04,116,19140.0,95.0,165.0,143,83,122,184,77,77,133.0,42.12,131.75,41.75,0.317,1.075,0,0.0,0,10,0.935,0.3546
SKU-HOU-003,Multi-Surface Disinfectant Surface Spray 500ml,Household Essentials,11,2024-03-11,162,26730.0,95.0,165.0,116,143,83,122,186,186,116.0,24.86,136.62,36.38,0.266,1.0,0,0.0,1,11,0.9709,0.2393
SKU-HOU-003,Multi-Surface Disinfectant Surface Spray 500ml,Household Essentials,12,2024-03-18,155,25575.0,95.0,165.0,162,116,143,83,151,151,126.0,34.32,133.62,32.51,0.243,1.286,0,0.0,0,12,0.9927,0.1205
SKU-HOU-003,Multi-Surface Disinfectant Surface Spray 500ml,Household Essentials,13,2024-03-25,248,34782.0,95.0,165.0,155,162,116,143,108,108,144.0,20.25,134.12,32.84,0.245,1.076,1,0.15,0,13,1.0,0.0
SKU-HOU-003,Multi-Surface Disinfectant Surface Spray 500ml,Household Essentials,14,2024-04-01,47,7755.0,95.0,165.0,248,155,162,116,184,184,170.25,55.64,151.62,49.84,0.329,1.457,0,0.0,0,14,0.9927,-0.1205
SKU-HOU-003,Multi-Surface Disinfectant Surface Spray 500ml,Household Essentials,15,2024-04-08,89,14685.0,95.0,165.0,47,248,155,162,122,122,153.0,82.35,134.5,59.69,0.444,0.307,0,0.0,0,15,0.9709,-0.2393
SKU-HOU-003,Multi-Surface Disinfectant Surface Spray 500ml,Household Essentials,16,2024-04-15,81,13365.0,95.0,165.0,89,47,248,155,83,83,134.75,87.61,130.38,61.78,0.474,0.66,0,0.0,0,16,0.935,-0.3546
SKU-HOU-003,Multi-Surface Disinfectant Surface Spray 500ml,Household Essentials,17,2024-04-22,170,28050.0,95.0,165.0,81,89,47,248,143,143,116.25,89.7,130.12,62.0,0.476,0.697,0,0.0,0,17,0.8855,-0.4647
SKU-HOU-003,Multi-Surface Disinfectant Surface Spray 500ml,Household Essentials,18,2024-04-29,119,19635.0,95.0,165.0,170,81,89,47,116,116,96.75,52.12,133.5,63.52,0.476,1.757,0,0.0,1,18,0.823,-0.5681
SKU-HOU-003,Multi-Surface Disinfectant Surface Spray 500ml,Household Essentials,19,2024-05-06,117,19305.0,95.0,165.0,119,170,81,89,162,162,114.75,40.3,133.88,63.41,0.474,1.037,0,0.0,0,19,0.7485,-0.6631
SKU-HOU-003,Multi-Surface Disinfectant Surface Spray 500ml,Household Essentials,20,2024-05-13,219,30714.75,95.0,165.0,117,119,170,81,155,155,121.75,36.6,128.25,62.55,0.488,0.961,1,0.15,0,20,0.6631,-0.7485
SKU-HOU-003,Multi-Surface Disinfectant Surface Spray 500ml,Household Essentials,21,2024-05-20,104,17160.0,95.0,165.0,219,117,119,170,248,248,156.25,48.49,136.25,70.1,0.514,1.402,0,0.0,0,21,0.5681,-0.823
SKU-HOU-003,Multi-Surface Disinfectant Surface Spray 500ml,Household Essentials,22,2024-05-27,126,20790.0,95.0,165.0,104,219,117,119,47,47,139.75,53.25,118.25,53.92,0.456,0.744,0,0.0,0,22,0.4647,-0.8855
SKU-HOU-003,Multi-Surface Disinfectant Surface Spray 500ml,Household Essentials,23,2024-06-03,181,29865.0,95.0,165.0,126,104,219,117,89,89,141.5,52.45,128.12,45.6,0.356,0.89,0,0.0,0,23,0.3546,-0.935
SKU-HOU-003,Multi-Surface Disinfectant Surface Spray 500ml,Household Essentials,24,2024-06-10,138,22770.0,95.0,165.0,181,126,104,219,81,81,157.5,52.25,139.62,45.93,0.329,1.149,0,0.0,0,24,0.2393,-0.9709
SKU-HOU-003,Multi-Surface Disinfectant Surface Spray 500ml,Household Essentials,25,2024-06-17,85,14025.0,95.0,165.0,138,181,126,104,170,170,137.25,32.39,146.75,39.5,0.269,1.005,0,0.0,0,25,0.1205,-0.9927
SKU-HOU-003,Multi-Surface Disinfectant Surface Spray 500ml,Household Essentials,26,2024-06-24,91,15015.0,95.0,165.0,85,138,181,126,119,119,132.5,39.5,136.12,43.58,0.32,0.642,0,0.0,0,26,0.0,-1.0
SKU-HOU-003,Multi-Surface Disinfectant Surface Spray 500ml,Household Essentials,27,2024-07-01,97,13604.25,95.0,165.0,91,85,138,181,117,117,123.75,44.92,132.62,46.2,0.348,0.735,1,0.15,0,27,-0.1205,-0.9927
SKU-HOU-003,Multi-Surface Disinfectant Surface Spray 500ml,Household Essentials,28,2024-07-08,92,15180.0,95.0,165.0,97,91,85,138,219,219,102.75,24.01,130.12,47.68,0.366,0.944,0,0.0,1,28,-0.2393,-0.9709
SKU-HOU-003,Multi-Surface Disinfectant Surface Spray 500ml,Household Essentials,29,2024-07-15,156,25740.0,95.0,165.0,92,97,91,85,104,104,91.25,4.92,114.25,32.63,0.286,1.008,0,0.0,0,29,-0.3546,-0.935
SKU-HOU-003,Multi-Surface Disinfectant Surface Spray 500ml,Household Essentials,30,2024-07-22,85,14025.0,95.0,165.0,156,92,97,91,126,126,109.0,31.44,120.75,35.36,0.293,1.431,0,0.0,0,30,-0.4647,-0.8855
SKU-HOU-003,Multi-Surface Disinfectant Surface Spray 500ml,Household Essentials,31,2024-07-29,143,23595.0,95.0,165.0,85,156,92,97,181,181,107.5,32.71,115.62,37.4,0.323,0.791,0,0.0,0,31,-0.5681,-0.823
SKU-HOU-003,Multi-Surface Disinfectant Surface Spray 500ml,Household Essentials,32,2024-08-05,137,22605.0,95.0,165.0,143,85,156,92,138,138,119.0,35.73,110.88,29.49,0.266,1.202,0,0.0,0,32,-0.6631,-0.7485
SKU-HOU-003,Multi-Surface Disinfectant Surface Spray 500ml,Household Essentials,33,2024-08-12,126,20790.0,95.0,165.0,137,143,85,156,85,85,130.25,31.19,110.75,29.36,0.265,1.052,0,0.0,1,33,-0.7485,-0.6631
SKU-HOU-003,Multi-Surface Disinfectant Surface Spray 500ml,Household Essentials,34,2024-08-19,174,24403.5,95.0,165.0,126,137,143,85,91,91,122.75,26.13,115.88,27.76,0.24,1.026,1,0.15,0,34,-0.823,-0.5681
SKU-HOU-003,Multi-Surface Disinfectant Surface Spray 500ml,Household Essentials,35,2024-08-26,163,26895.0,95.0,165.0,174,126,137,143,97,97,145.0,20.58,126.25,32.27,0.256,1.2,0,0.0,0,35,-0.8855,-0.4647
SKU-HOU-003,Multi-Surface Disinfectant Surface Spray 500ml,Household Essentials,36,2024-09-02,144,23760.0,95.0,165.0,163,174,126,137,92,92,150.0,22.29,134.5,32.16,0.239,1.087,0,0.0,0,36,-0.935,-0.3546
SKU-HOU-003,Multi-Surface Disinfectant Surface Spray 500ml,Household Essentials,37,2024-09-09,122,20130.0,95.0,165.0,144,163,174,126,156,156,151.75,21.17,141.0,27.22,0.193,0.949,0,0.0,0,37,-0.9709,-0.2393
SKU-HOU-003,Multi-Surface Disinfectant Surface Spray 500ml,Household Essentials,38,2024-09-16,69,11385.0,95.0,165.0,122,144,163,174,85,85,150.75,22.82,136.75,27.2,0.199,0.809,0,0.0,0,38,-0.9927,-0.1205
SKU-HOU-003,Multi-Surface Disinfectant Surface Spray 500ml,Household Essentials,39,2024-09-23,98,16170.0,95.0,165.0,69,122,144,163,143,143,124.5,40.62,134.75,31.76,0.236,0.554,0,0.0,0,39,-1.0,-0.0
SKU-HOU-003,Multi-Surface Disinfectant Surface Spray 500ml,Household Essentials,40,2024-09-30,95,15675.0,95.0,165.0,98,69,122,144,137,137,108.25,32.21,129.12,33.99,0.263,0.905,0,0.0,0,40,-0.9927,0.1205
SKU-HOU-003,Multi-Surface Disinfectant Surface Spray 500ml,Household Essentials,41,2024-10-07,232,32538.0,95.0,165.0,95,98,69,122,126,126,96.0,21.68,123.88,35.8,0.289,0.99,1,0.15,1,41,-0.9709,0.2393
SKU-HOU-003,Multi-Surface Disinfectant Surface Spray 500ml,Household Essentials,42,2024-10-14,130,21450.0,95.0,165.0,232,95,98,69,174,174,123.5,73.5,137.12,52.44,0.382,1.879,0,0.0,0,42,-0.935,0.3546
SKU-HOU-003,Multi-Surface Disinfectant Surface Spray 500ml,Household Essentials,43,2024-10-21,154,25410.0,95.0,165.0,130,232,95,98,163,163,138.75,64.15,131.62,50.29,0.382,0.937,0,0.0,0,43,-0.8855,0.4647
SKU-HOU-003,Multi-Surface Disinfectant Surface Spray 500ml,Household Essentials,44,2024-10-28,154,25410.0,95.0,165.0,154,130,232,95,144,144,152.75,58.12,130.5,49.58,0.38,1.008,0,0.0,1,44,-0.823,0.5681
SKU-HOU-003,Multi-Surface Disinfectant Surface Spray 500ml,Household Essentials,45,2024-11-04,153,25245.0,95.0,165.0,154,154,130,232,122,122,167.5,44.46,131.75,50.09,0.38,0.919,0,0.0,0,45,-0.7485,0.6631
SKU-HOU-003,Multi-Surface Disinfectant Surface Spray 500ml,Household Essentials,46,2024-11-11,154,25410.0,95.0,165.0,153,154,154,130,69,69,147.75,11.84,135.62,50.43,0.372,1.036,0,0.0,0,46,-0.6631,0.7485
SKU-HOU-003,Multi-Surface Disinfectant Surface Spray 500ml,Household Essentials,47,2024-11-18,143,23595.0,95.0,165.0,154,153,154,154,98,98,153.75,0.5,146.25,42.76,0.292,1.002,0,0.0,0,47,-0.5681,0.823
SKU-HOU-003,Multi-Surface Disinfectant Surface Spray 500ml,Household Essentials,48,2024-11-25,113,15848.25,95.0,165.0,143,154,153,154,95,95,151.0,5.35,151.88,38.22,0.252,0.947,1,0.15,0,48,-0.4647,0.8855
SKU-HOU-003,Multi-Surface Disinfectant Surface Spray 500ml,Household Essentials,49,2024-12-02,91,15015.0,95.0,165.0,113,143,154,153,232,232,140.75,19.16,154.12,34.77,0.226,0.803,0,0.0,0,49,-0.3546,0.935
SKU-HOU-003,Multi-Surface Disinfectant Surface Spray 500ml,Household Essentials,50,2024-12-09,111,18315.0,95.0,165.0,91,113,143,154,130,130,125.25,28.66,136.5,23.6,0.173,0.727,0,0.0,0,50,-0.2393,0.9709
SKU-HOU-003,Multi-Surface Disinfectant Surface Spray 500ml,Household Essentials,51,2024-12-16,187,30855.0,95.0,165.0,111,91,113,143,154,154,114.5,21.44,134.12,25.24,0.188,0.969,0,0.0,1,51,-0.1205,0.9927
SKU-HOU-003,Multi-Surface Disinfectant Surface Spray 500ml,Household Essentials,52,2024-12-23,110,18150.0,95.0,165.0,187,111,91,113,154,154,125.5,42.19,138.25,31.0,0.224,1.49,0,0.0,0,52,-0.0,1.0
SKU-HOU-003,Multi-Surface Disinfectant Surface Spray 500ml,Household Essentials,53,2024-12-30,93,15345.0,95.0,165.0,110,187,111,91,153,147,124.75,42.51,132.75,31.7,0.239,0.882,0,0.0,0,1,0.1205,0.9927
SKU-HOU-003,Multi-Surface Disinfectant Surface Spray 500ml,Household Essentials,54,2025-01-06,113,18645.0,95.0,165.0,93,110,187,111,154,77,125.25,41.99,125.25,33.28,0.266,0.743,0,0.0,0,2,0.2393,0.9709
SKU-HOU-003,Multi-Surface Disinfectant Surface Spray 500ml,Household Essentials,55,2025-01-13,234,32818.5,95.0,165.0,113,93,110,187,143,186,125.75,41.77,120.12,31.32,0.261,0.899,1,0.15,1,3,0.3546,0.935
SKU-HOU-003,Multi-Surface Disinfectant Surface Spray 500ml,Household Essentials,56,2025-01-20,94,15510.0,95.0,165.0,234,113,93,110,113,151,137.5,64.93,131.5,51.1,0.389,1.702,0,0.0,0,4,0.4647,0.8855
SKU-HOU-003,Multi-Surface Disinfectant Surface Spray 500ml,Household Essentials,57,2025-01-27,161,26565.0,95.0,165.0,94,234,113,93,91,108,133.5,67.63,129.12,52.5,0.407,0.704,0,0.0,0,5,0.5681,0.823
SKU-HOU-003,Multi-Surface Disinfectant Surface Spray 500ml,Household Essentials,58,2025-02-03,42,6930.0,95.0,165.0,161,94,234,113,111,184,150.5,62.4,137.88,51.05,0.37,1.07,0,0.0,0,6,0.6631,0.7485
SKU-HOU-003,Multi-Surface Disinfectant Surface Spray 500ml,Household Essentials,59,2025-02-10,160,26400.0,95.0,165.0,42,161,94,234,187,122,132.75,83.24,129.25,61.08,0.473,0.316,0,0.0,0,7,0.7485,0.6631
SKU-HOU-003,Multi-Surface Disinfectant Surface Spray 500ml,Household Essentials,60,2025-02-17,81,13365.0,95.0,165.0,160,42,161,94,110,83,114.25,57.47,125.88,58.11,0.462,1.4,0,0.0,0,8,0.823,0.5681
SKU-HOU-003,Multi-Surface Disinfectant Surface Spray 500ml,Household Essentials,61,2025-02-24,124,20460.0,95.0,165.0,81,160,42,161,93,143,111.0,59.34,122.25,60.11,0.492,0.73,0,0.0,0,9,0.8855,0.4647
SKU-HOU-003,Multi-Surface Disinfectant Surface Spray 500ml,Household Essentials,62,2025-03-03,183,25665.75,95.0,165.0,124,81,160,42,113,116,101.75,51.28,126.12,58.95,0.467,1.219,1,0.15,0,10,0.935,0.3546
SKU-HOU-003,Multi-Surface Disinfectant Surface Spray 500ml,Household Essentials,63,2025-03-10,147,24255.0,95.0,165.0,183,124,81,160,234,162,137.0,44.53,134.88,61.84,0.459,1.336,0,0.0,1,11,0.9709,0.2393
SKU-HOU-003,Multi-Surface Disinfectant Surface Spray 500ml,Household Essentials,64,2025-03-17,165,27225.0,95.0,165.0,147,183,124,81,94,155,133.75,42.73,124.0,48.03,0.387,1.099,0,0.0,0,12,0.9927,0.1205
SKU-HOU-003,Multi-Surface Disinfectant Surface Spray 500ml,Household Essentials,65,2025-03-24,97,16005.0,95.0,165.0,165,147,183,124,161,248,154.75,25.22,132.88,48.25,0.363,1.066,0,0.0,0,13,1.0,0.0
SKU-HOU-003,Multi-Surface Disinfectant Surface Spray 500ml,Household Essentials,66,2025-03-31,140,23100.0,95.0,165.0,97,165,147,183,42,47,148.0,37.04,124.88,48.23,0.386,0.655,0,0.0,0,14,0.9927,-0.1205
SKU-HOU-003,Multi-Surface Disinfectant Surface Spray 500ml,Household Essentials,67,2025-04-07,116,19140.0,95.0,165.0,140,97,165,147,160,89,137.25,28.83,137.12,34.73,0.253,1.02,0,0.0,0,15,0.9709,-0.2393
SKU-HOU-003,Multi-Surface Disinfectant Surface Spray 500ml,Household Essentials,68,2025-04-14,149,24585.0,95.0,165.0,116,140,97,165,81,81,129.5,29.49,131.62,34.07,0.259,0.896,0,0.0,0,16,0.935,-0.3546
SKU-HOU-003,Multi-Surface Disinfectant Surface Spray 500ml,Household Essentials,69,2025-04-21,166,23281.5,95.0,165.0,149,116,140,97,124,170,125.5,23.56,140.12,27.48,0.196,1.187,1,0.15,0,17,0.8855,-0.4647
SKU-HOU-003,Multi-Surface Disinfectant Surface Spray 500ml,Household Essentials,70,2025-04-28,120,19800.0,95.0,165.0,166,149,116,140,183,119,142.75,20.84,145.38,27.96,0.192,1.163,0,0.0,1,18,0.823,-0.5681
SKU-HOU-003,Multi-Surface Disinfectant Surface Spray 500ml,Household Essentials,71,2025-05-05,117,19305.0,95.0,165.0,120,166,149,116,147,117,137.75,23.89,137.5,24.51,0.178,0.871,0,0.0,0,19,0.7485,-0.6631
SKU-HOU-003,Multi-Surface Disinfectant Surface Spray 500ml,Household Essentials,72,2025-05-12,101,16665.0,95.0,165.0,117,120,166,149,165,219,138.0,23.59,133.75,25.14,0.188,0.848,0,0.0,0,20,0.6631,-0.7485
SKU-HOU-003,Multi-Surface Disinfectant Surface Spray 500ml,Household Essentials,73,2025-05-19,123,20295.0,95.0,165.0,101,117,120,166,97,104,126.0,27.94,125.75,23.93,0.19,0.802,0,0.0,0,21,0.5681,-0.823
SKU-HOU-003,Multi-Surface Disinfectant Surface Spray 500ml,Household Essentials,74,2025-05-26,132,21780.0,95.0,165.0,123,101,117,120,140,126,115.25,9.81,129.0,21.06,0.163,1.067,0,0.0,0,22,0.4647,-0.8855
SKU-HOU-003,Multi-Surface Disinfectant Surface Spray 500ml,Household Essentials,75,2025-06-02,127,20955.0,95.0,165.0,132,123,101,117,116,181,118.25,13.05,128.0,20.65,0.161,1.116,0,0.0,0,23,0.3546,-0.935
SKU-HOU-003,Multi-Surface Disinfectant Surface Spray 500ml,Household Essentials,76,2025-06-09,112,15708.0,95.0,165.0,127,132,123,101,149,138,120.75,13.67,129.38,20.09,0.155,1.052,1,0.15,0,24,0.2393,-0.9709
SKU-HOU-003,Multi-Surface Disinfectant Surface Spray 500ml,Household Essentials,77,2025-06-16,159,26235.0,95.0,165.0,112,127,132,123,166,85,123.5,8.5,124.75,19.17,0.154,0.907,0,0.0,0,25,0.1205,-0.9927
SKU-HOU-003,Multi-Surface Disinfectant Surface Spray 500ml,Household Essentials,78,2025-06-23,138,22770.0,95.0,165.0,159,112,127,132,120,91,132.5,19.6,123.88,17.06,0.138,1.2,0,0.0,0,26,0.0,-1.0
SKU-HOU-003,Multi-Surface Disinfectant Surface Spray 500ml,Household Essentials,79,2025-06-30,136,22440.0,95.0,165.0,138,159,112,127,117,97,134.0,19.78,126.12,17.65,0.14,1.03,0,0.0,0,27,-0.1205,-0.9927
SKU-HOU-003,Multi-Surface Disinfectant Surface Spray 500ml,Household Essentials,80,2025-07-07,124,20460.0,95.0,165.0,136,138,159,112,101,92,136.25,19.22,128.5,17.53,0.136,0.998,0,0.0,1,28,-0.2393,-0.9709
SKU-HOU-003,Multi-Surface Disinfectant Surface Spray 500ml,Household Essentials,81,2025-07-14,172,28380.0,95.0,165.0,124,136,138,159,123,156,139.25,14.55,131.38,13.88,0.106,0.89,0,0.0,0,29,-0.3546,-0.935
SKU-HOU-003,Multi-Surface Disinfectant Surface Spray 500ml,Household Essentials,82,2025-07-21,172,28380.0,95.0,165.0,172,124,136,138,132,85,142.5,20.62,137.5,19.38,0.141,1.207,0,0.0,0,30,-0.4647,-0.8855
SKU-HOU-003,Multi-Surface Disinfectant Surface Spray 500ml,Household Essentials,83,2025-07-28,146,20476.5,95.0,165.0,172,172,124,136,127,143,151.0,24.74,142.5,22.64,0.159,1.139,1,0.15,0,31,-0.5681,-0.823
SKU-HOU-003,Multi-Surface Disinfectant Surface Spray 500ml,Household Essentials,84,2025-08-04,137,22605.0,95.0,165.0,146,172,172,124,112,137,153.5,23.17,144.88,21.76,0.15,0.951,0,0.0,0,32,-0.6631,-0.7485
SKU-HOU-003,Multi-Surface Disinfectant Surface Spray 500ml,Household Essentials,85,2025-08-11,120,19800.0,95.0,165.0,137,146,172,172,159,126,156.75,17.99,148.0,17.8,0.12,0.874,0,0.0,1,33,-0.7485,-0.6631
SKU-HOU-003,Multi-Surface Disinfectant Surface Spray 500ml,Household Essentials,86,2025-08-18,160,26400.0,95.0,165.0,120,137,146,172,138,174,143.75,21.7,143.12,19.61,0.137,0.835,0,0.0,0,34,-0.823,-0.5681
SKU-HOU-003,Multi-Surface Disinfectant Surface Spray 500ml,Household Essentials,87,2025-08-25,57,9405.0,95.0,165.0,160,120,137,146,136,163,140.75,16.76,145.88,20.31,0.139,1.137,0,0.0,0,35,-0.8855,-0.4647
SKU-HOU-003,Multi-Surface Disinfectant Surface Spray 500ml,Household Essentials,88,2025-09-01,56,9240.0,95.0,165.0,57,160,120,137,124,144,118.5,44.16,136.0,37.63,0.277,0.481,0,0.0,0,36,-0.935,-0.3546
SKU-HOU-003,Multi-Surface Disinfectant Surface Spray 500ml,Household Essentials,89,2025-09-08,67,11055.0,95.0,165.0,56,57,160,120,172,122,98.25,50.9,127.5,47.19,0.37,0.57,0,0.0,0,37,-0.9709,-0.2393
SKU-HOU-003,Multi-Surface Disinfectant Surface Spray 500ml,Household Essentials,90,2025-09-15,137,19214.25,95.0,165.0,67,56,57,160,172,69,85.0,50.25,114.38,47.64,0.417,0.788,1,0.15,0,38,-0.9927,-0.1205
SKU-HOU-003,Multi-Surface Disinfectant Surface Spray 500ml,Household Essentials,91,2025-09-22,93,15345.0,95.0,165.0,137,67,56,57,146,98,79.25,38.82,110.0,42.98,0.391,1.729,0,0.0,0,39,-1.0,-0.0
SKU-HOU-003,Multi-Surface Disinfectant Surface Spray 500ml,Household Essentials,92,2025-09-29,127,20955.0,95.0,165.0,93,137,67,56,137,95,88.25,36.01,103.38,40.66,0.393,1.054,0,0.0,0,40,-0.9927,0.1205
SKU-HOU-003,Multi-Surface Disinfectant Surface Spray 500ml,Household Essentials,93,2025-10-06,128,21120.0,95.0,165.0,127,93,137,67,120,232,106.0,32.1,102.12,39.61,0.388,1.198,0,0.0,1,41,-0.9709,0.2393
SKU-HOU-003,Multi-Surface Disinfectant Surface Spray 500ml,Household Essentials,94,2025-10-13,90,14850.0,95.0,165.0,128,127,93,137,160,130,121.25,19.36,103.12,40.23,0.39,1.056,0,0.0,0,42,-0.935,0.3546
SKU-HOU-003,Multi-Surface Disinfectant Surface Spray 500ml,Household Essentials,95,2025-10-20,112,18480.0,95.0,165.0,90,128,127,93,57,154,109.5,20.82,94.38,33.06,0.35,0.822,0,0.0,0,43,-0.8855,0.4647
SKU-HOU-003,Multi-Surface Disinfectant Surface Spray 500ml,Household Essentials,96,2025-10-27,146,24090.0,95.0,165.0,112,90,128,127,56,154,114.25,17.75,101.25,29.73,0.294,0.98,0,0.0,1,44,-0.823,0.5681
SKU-HOU-003,Multi-Surface Disinfectant Surface Spray 500ml,Household Essentials,97,2025-11-03,171,23982.75,95.0,165.0,146,112,90,128,67,153,119.0,23.8,112.5,27.07,0.241,1.227,1,0.15,0,45,-0.7485,0.6631
SKU-HOU-003,Multi-Surface Disinfectant Surface Spray 500ml,Household Essentials,98,2025-11-10,61,10065.0,95.0,165.0,171,146,112,90,137,154,129.75,35.87,125.5,27.07,0.216,1.318,0,0.0,0,46,-0.6631,0.7485
SKU-HOU-003,Multi-Surface Disinfectant Surface Spray 500ml,Household Essentials,99,2025-11-17,158,26070.0,95.0,165.0,61,171,146,112,93,143,122.5,47.6,116.0,34.72,0.299,0.498,0,0.0,0,47,-0.5681,0.823
SKU-HOU-003,Multi-Surface Disinfectant Surface Spray 500ml,Household Essentials,100,2025-11-24,123,20295.0,95.0,165.0,158,61,171,146,127,113,134.0,49.73,124.12,36.14,0.291,1.179,0,0.0,0,48,-0.4647,0.8855
SKU-HOU-003,Multi-Surface Disinfectant Surface Spray 500ml,Household Essentials,101,2025-12-01,138,22770.0,95.0,165.0,123,158,61,171,128,91,128.25,49.2,123.62,36.12,0.292,0.959,0,0.0,0,49,-0.3546,0.935
SKU-HOU-003,Multi-Surface Disinfectant Surface Spray 500ml,Household Essentials,102,2025-12-08,88,14520.0,95.0,165.0,138,123,158,61,90,111,120.0,41.86,124.88,36.47,0.292,1.15,0,0.0,0,50,-0.2393,0.9709
SKU-HOU-003,Multi-Surface Disinfectant Surface Spray 500ml,Household Essentials,103,2025-12-15,162,26730.0,95.0,165.0,88,138,123,158,112,187,126.75,29.55,124.62,36.75,0.295,0.694,0,0.0,1,51,-0.1205,0.9927
SKU-HOU-003,Multi-Surface Disinfectant Surface Spray 500ml,Household Essentials,104,2025-12-22,167,23421.75,95.0,165.0,162,88,138,123,146,110,127.75,30.99,130.88,38.5,0.294,1.268,1,0.15,0,52,-0.0,1.0
SKU-HOU-004,100% Biodegradable Cornstarch Garbage Bags (30 pcs),Household Essentials,1,2024-01-01,134,18760.0,80.0,140.0,134,134,134,134,134,134,134.0,0.0,134.0,0.0,0.0,1.0,0,0.0,0,1,0.1205,0.9927
SKU-HOU-004,100% Biodegradable Cornstarch Garbage Bags (30 pcs),Household Essentials,2,2024-01-08,118,16520.0,80.0,140.0,134,134,134,134,134,134,134.0,0.0,134.0,0.0,0.0,1.0,0,0.0,0,2,0.2393,0.9709
SKU-HOU-004,100% Biodegradable Cornstarch Garbage Bags (30 pcs),Household Essentials,3,2024-01-15,216,30240.0,80.0,140.0,118,134,134,134,134,134,126.0,11.31,126.0,11.31,0.09,0.937,0,0.0,1,3,0.3546,0.935
SKU-HOU-004,100% Biodegradable Cornstarch Garbage Bags (30 pcs),Household Essentials,4,2024-01-22,144,20160.0,80.0,140.0,216,118,134,134,134,134,156.0,52.57,156.0,52.57,0.337,1.385,0,0.0,0,4,0.4647,0.8855
SKU-HOU-004,100% Biodegradable Cornstarch Garbage Bags (30 pcs),Household Essentials,5,2024-01-29,165,19635.0,80.0,140.0,144,216,118,134,134,134,153.0,43.34,153.0,43.34,0.283,0.941,1,0.15,0,5,0.5681,0.823
SKU-HOU-004,100% Biodegradable Cornstarch Garbage Bags (30 pcs),Household Essentials,6,2024-02-05,156,21840.0,80.0,140.0,165,144,216,118,118,118,160.75,41.55,155.4,37.92,0.244,1.026,0,0.0,0,6,0.6631,0.7485
SKU-HOU-004,100% Biodegradable Cornstarch Garbage Bags (30 pcs),Household Essentials,7,2024-02-12,192,26880.0,80.0,140.0,156,165,144,216,216,216,170.25,31.69,155.5,33.92,0.218,0.916,0,0.0,0,7,0.7485,0.6631
SKU-HOU-004,100% Biodegradable Cornstarch Garbage Bags (30 pcs),Household Essentials,8,2024-02-19,144,20160.0,80.0,140.0,192,156,165,144,144,144,164.25,20.4,160.71,33.9,0.211,1.169,0,0.0,0,8,0.823,0.5681
SKU-HOU-004,100% Biodegradable Cornstarch Garbage Bags (30 pcs),Household Essentials,9,2024-02-26,198,27720.0,80.0,140.0,144,192,156,165,134,134,164.25,20.4,158.62,31.93,0.201,0.877,0,0.0,0,9,0.8855,0.4647
SKU-HOU-004,100% Biodegradable Cornstarch Garbage Bags (30 pcs),Household Essentials,10,2024-03-04,147,20580.0,80.0,140.0,198,144,192,156,118,118,172.5,26.55,166.62,32.88,0.197,1.148,0,0.0,0,10,0.935,0.3546
SKU-HOU-004,100% Biodegradable Cornstarch Garbage Bags (30 pcs),Household Essentials,11,2024-03-11,186,26040.0,80.0,140.0,147,198,144,192,216,216,170.25,28.71,170.25,27.99,0.164,0.863,0,0.0,1,11,0.9709,0.2393
SKU-HOU-004,100% Biodegradable Cornstarch Garbage Bags (30 pcs),Household Essentials,12,2024-03-18,230,27370.0,80.0,140.0,186,147,198,144,144,144,168.75,27.32,166.5,22.45,0.135,1.102,1,0.15,0,12,0.9927,0.1205
SKU-HOU-004,100% Biodegradable Cornstarch Garbage Bags (30 pcs),Household Essentials,13,2024-03-25,168,23520.0,80.0,140.0,230,186,147,198,165,165,190.25,34.3,177.25,29.59,0.167,1.209,0,0.0,0,13,1.0,0.0
SKU-HOU-004,100% Biodegradable Cornstarch Garbage Bags (30 pcs),Household Essentials,14,2024-04-01,185,25900.0,80.0,140.0,168,230,186,147,156,156,182.75,35.3,177.62,29.43,0.166,0.919,0,0.0,0,14,0.9927,-0.1205
SKU-HOU-004,100% Biodegradable Cornstarch Garbage Bags (30 pcs),Household Essentials,15,2024-04-08,156,21840.0,80.0,140.0,185,168,230,186,192,192,192.25,26.49,181.25,28.15,0.155,0.962,0,0.0,0,15,0.9709,-0.2393
SKU-HOU-004,100% Biodegradable Cornstarch Garbage Bags (30 pcs),Household Essentials,16,2024-04-15,183,25620.0,80.0,140.0,156,185,168,230,144,144,184.75,32.43,176.75,29.05,0.164,0.844,0,0.0,0,16,0.935,-0.3546
SKU-HOU-004,100% Biodegradable Cornstarch Garbage Bags (30 pcs),Household Essentials,17,2024-04-22,191,26740.0,80.0,140.0,183,156,185,168,198,198,173.0,13.64,181.62,25.86,0.142,1.058,0,0.0,0,17,0.8855,-0.4647
SKU-HOU-004,100% Biodegradable Cornstarch Garbage Bags (30 pcs),Household Essentials,18,2024-04-29,152,21280.0,80.0,140.0,191,183,156,185,147,147,178.75,15.54,180.75,25.34,0.14,1.069,0,0.0,1,18,0.823,-0.5681
SKU-HOU-004,100% Biodegradable Cornstarch Garbage Bags (30 pcs),Household Essentials,19,2024-05-06,214,25466.0,80.0,140.0,152,191,183,156,186,186,170.5,19.4,181.38,24.44,0.135,0.891,1,0.15,0,19,0.7485,-0.6631
SKU-HOU-004,100% Biodegradable Cornstarch Garbage Bags (30 pcs),Household Essentials,20,2024-05-13,197,27580.0,80.0,140.0,214,152,191,183,230,230,185.0,25.63,184.88,27.06,0.146,1.157,0,0.0,0,20,0.6631,-0.7485
SKU-HOU-004,100% Biodegradable Cornstarch Garbage Bags (30 pcs),Household Essentials,21,2024-05-20,170,23800.0,80.0,140.0,197,214,152,191,168,168,188.5,26.21,180.75,21.04,0.116,1.045,0,0.0,0,21,0.5681,-0.823
SKU-HOU-004,100% Biodegradable Cornstarch Garbage Bags (30 pcs),Household Essentials,22,2024-05-27,116,16240.0,80.0,140.0,170,197,214,152,185,185,183.25,27.61,181.0,20.88,0.115,0.928,0,0.0,0,22,0.4647,-0.8855
SKU-HOU-004,100% Biodegradable Cornstarch Garbage Bags (30 pcs),Household Essentials,23,2024-06-03,176,24640.0,80.0,140.0,116,170,197,214,156,156,174.25,42.85,172.38,30.86,0.179,0.666,0,0.0,0,23,0.3546,-0.935
SKU-HOU-004,100% Biodegradable Cornstarch Garbage Bags (30 pcs),Household Essentials,24,2024-06-10,204,28560.0,80.0,140.0,176,116,170,197,183,183,164.75,34.5,174.88,30.14,0.172,1.068,0,0.0,0,24,0.2393,-0.9709
SKU-HOU-004,100% Biodegradable Cornstarch Garbage Bags (30 pcs),Household Essentials,25,2024-06-17,104,14560.0,80.0,140.0,204,176,116,170,191,191,166.5,36.78,177.5,31.82,0.179,1.225,0,0.0,0,25,0.1205,-0.9927
SKU-HOU-004,100% Biodegradable Cornstarch Garbage Bags (30 pcs),Household Essentials,26,2024-06-24,228,27132.0,80.0,140.0,104,204,176,116,152,152,150.0,47.83,166.62,40.29,0.242,0.693,1,0.15,0,26,0.0,-1.0
SKU-HOU-004,100% Biodegradable Cornstarch Garbage Bags (30 pcs),Household Essentials,27,2024-07-01,193,27020.0,80.0,140.0,228,104,204,176,214,214,178.0,53.72,176.12,45.03,0.256,1.281,0,0.0,0,27,-0.1205,-0.9927
SKU-HOU-004,100% Biodegradable Cornstarch Garbage Bags (30 pcs),Household Essentials,28,2024-07-08,221,30940.0,80.0,140.0,193,228,104,204,197,197,182.25,54.17,173.5,43.07,0.248,1.059,0,0.0,1,28,-0.2393,-0.9709
SKU-HOU-004,100% Biodegradable Cornstarch Garbage Bags (30 pcs),Household Essentials,29,2024-07-15,221,30940.0,80.0,140.0,221,193,228,104,170,170,186.5,57.04,176.5,45.7,0.259,1.185,0,0.0,0,29,-0.3546,-0.935
SKU-HOU-004,100% Biodegradable Cornstarch Garbage Bags (30 pcs),Household Essentials,30,2024-07-22,175,24500.0,80.0,140.0,221,221,193,228,116,116,215.75,15.52,182.88,48.16,0.263,1.024,0,0.0,0,30,-0.4647,-0.8855
SKU-HOU-004,100% Biodegradable Cornstarch Garbage Bags (30 pcs),Household Essentials,31,2024-07-29,150,21000.0,80.0,140.0,175,221,221,193,176,176,202.5,22.59,190.25,40.33,0.212,0.864,0,0.0,0,31,-0.5681,-0.823
SKU-HOU-004,100% Biodegradable Cornstarch Garbage Bags (30 pcs),Household Essentials,32,2024-08-05,150,21000.0,80.0,140.0,150,175,221,221,204,204,191.75,35.28,187.0,42.63,0.228,0.782,0,0.0,0,32,-0.6631,-0.7485
SKU-HOU-004,100% Biodegradable Cornstarch Garbage Bags (30 pcs),Household Essentials,33,2024-08-12,273,32487.0,80.0,140.0,150,150,175,221,104,104,174.0,33.48,180.25,43.81,0.243,0.862,1,0.15,1,33,-0.7485,-0.6631
SKU-HOU-004,100% Biodegradable Cornstarch Garbage Bags (30 pcs),Household Essentials,34,2024-08-19,181,25340.0,80.0,140.0,273,150,150,175,228,228,187.0,58.53,201.38,42.52,0.211,1.46,0,0.0,0,34,-0.823,-0.5681
SKU-HOU-004,100% Biodegradable Cornstarch Garbage Bags (30 pcs),Household Essentials,35,2024-08-26,144,20160.0,80.0,140.0,181,273,150,150,193,193,188.5,58.2,195.5,41.55,0.213,0.96,0,0.0,0,35,-0.8855,-0.4647
SKU-HOU-004,100% Biodegradable Cornstarch Garbage Bags (30 pcs),Household Essentials,36,2024-09-02,115,16100.0,80.0,140.0,144,181,273,150,221,221,187.0,59.58,189.38,45.4,0.24,0.77,0,0.0,0,36,-0.935,-0.3546
SKU-HOU-004,100% Biodegradable Cornstarch Garbage Bags (30 pcs),Household Essentials,37,2024-09-09,148,20720.0,80.0,140.0,115,144,181,273,221,221,178.25,68.7,176.12,50.08,0.284,0.645,0,0.0,0,37,-0.9709,-0.2393
SKU-HOU-004,100% Biodegradable Cornstarch Garbage Bags (30 pcs),Household Essentials,38,2024-09-16,178,24920.0,80.0,140.0,148,115,144,181,175,175,147.0,27.02,167.0,47.31,0.283,1.007,0,0.0,0,38,-0.9927,-0.1205
SKU-HOU-004,100% Biodegradable Cornstarch Garbage Bags (30 pcs),Household Essentials,39,2024-09-23,152,21280.0,80.0,140.0,178,148,115,144,150,150,146.25,25.77,167.38,47.39,0.283,1.217,0,0.0,0,39,-1.0,-0.0
SKU-HOU-004,100% Biodegradable Cornstarch Garbage Bags (30 pcs),Household Essentials,40,2024-09-30,168,19992.0,80.0,140.0,152,178,148,115,150,150,148.25,25.85,167.62,47.3,0.282,1.025,1,0.15,0,40,-0.9927,0.1205
SKU-HOU-004,100% Biodegradable Cornstarch Garbage Bags (30 pcs),Household Essentials,41,2024-10-07,209,29260.0,80.0,140.0,168,152,178,148,273,273,161.5,13.99,169.88,46.76,0.275,1.04,0,0.0,1,41,-0.9709,0.2393
SKU-HOU-004,100% Biodegradable Cornstarch Garbage Bags (30 pcs),Household Essentials,42,2024-10-14,162,22680.0,80.0,140.0,209,168,152,178,181,181,176.75,24.02,161.88,28.51,0.176,1.182,0,0.0,0,42,-0.935,0.3546
SKU-HOU-004,100% Biodegradable Cornstarch Garbage Bags (30 pcs),Household Essentials,43,2024-10-21,209,29260.0,80.0,140.0,162,209,168,152,144,144,172.75,25.05,159.5,27.46,0.172,0.938,0,0.0,0,43,-0.8855,0.4647
SKU-HOU-004,100% Biodegradable Cornstarch Garbage Bags (30 pcs),Household Essentials,44,2024-10-28,246,34440.0,80.0,140.0,209,162,209,168,115,115,187.0,25.52,167.62,31.54,0.188,1.118,0,0.0,1,44,-0.823,0.5681
SKU-HOU-004,100% Biodegradable Cornstarch Garbage Bags (30 pcs),Household Essentials,45,2024-11-04,169,23660.0,80.0,140.0,246,209,162,209,148,148,206.5,34.41,184.0,34.21,0.186,1.191,0,0.0,0,45,-0.7485,0.6631
SKU-HOU-004,100% Biodegradable Cornstarch Garbage Bags (30 pcs),Household Essentials,46,2024-11-11,189,26460.0,80.0,140.0,169,246,209,162,178,178,196.5,38.96,186.62,31.77,0.17,0.86,0,0.0,0,46,-0.6631,0.7485
SKU-HOU-004,100% Biodegradable Cornstarch Garbage Bags (30 pcs),Household Essentials,47,2024-11-18,126,14994.0,80.0,140.0,189,169,246,209,152,152,203.25,32.85,188.0,31.58,0.168,0.93,1,0.15,0,47,-0.5681,0.823
SKU-HOU-004,100% Biodegradable Cornstarch Garbage Bags (30 pcs),Household Essentials,48,2024-11-25,190,26600.0,80.0,140.0,126,189,169,246,168,168,182.5,49.83,184.75,36.73,0.199,0.69,0,0.0,0,48,-0.4647,0.8855
SKU-HOU-004,100% Biodegradable Cornstarch Garbage Bags (30 pcs),Household Essentials,49,2024-12-02,142,19880.0,80.0,140.0,190,126,189,169,209,209,168.5,29.94,187.5,36.11,0.193,1.128,0,0.0,0,49,-0.3546,0.935
SKU-HOU-004,100% Biodegradable Cornstarch Garbage Bags (30 pcs),Household Essentials,50,2024-12-09,182,25480.0,80.0,140.0,142,190,126,189,162,162,161.75,32.7,179.12,38.13,0.213,0.878,0,0.0,0,50,-0.2393,0.9709
SKU-HOU-004,100% Biodegradable Cornstarch Garbage Bags (30 pcs),Household Essentials,51,2024-12-16,207,28980.0,80.0,140.0,182,142,190,126,209,209,160.0,30.9,181.62,37.5,0.206,1.137,0,0.0,1,51,-0.1205,0.9927
SKU-HOU-004,100% Biodegradable Cornstarch Garbage Bags (30 pcs),Household Essentials,52,2024-12-23,170,23800.0,80.0,140.0,207,182,142,190,246,246,180.25,27.55,181.38,37.29,0.206,1.148,0,0.0,0,52,-0.0,1.0
SKU-HOU-004,100% Biodegradable Cornstarch Garbage Bags (30 pcs),Household Essentials,53,2024-12-30,170,23800.0,80.0,140.0,170,207,182,142,169,134,175.25,27.0,171.88,26.64,0.155,0.97,0,0.0,0,1,0.1205,0.9927
SKU-HOU-004,100% Biodegradable Cornstarch Garbage Bags (30 pcs),Household Essentials,54,2025-01-06,255,30345.0,80.0,140.0,170,170,207,182,189,118,182.25,17.44,172.0,26.62,0.155,0.933,1,0.15,0,2,0.2393,0.9709
SKU-HOU-004,100% Biodegradable Cornstarch Garbage Bags (30 pcs),Household Essentials,55,2025-01-13,247,34580.0,80.0,140.0,255,170,170,207,126,216,200.5,40.3,180.25,39.67,0.22,1.272,0,0.0,1,3,0.3546,0.935
SKU-HOU-004,100% Biodegradable Cornstarch Garbage Bags (30 pcs),Household Essentials,56,2025-01-20,159,22260.0,80.0,140.0,247,255,170,170,190,144,210.5,46.88,195.38,39.1,0.2,1.173,0,0.0,0,4,0.4647,0.8855
SKU-HOU-004,100% Biodegradable Cornstarch Garbage Bags (30 pcs),Household Essentials,57,2025-01-27,139,19460.0,80.0,140.0,159,247,255,170,142,165,207.75,50.25,191.5,41.19,0.215,0.765,0,0.0,0,5,0.5681,0.823
SKU-HOU-004,100% Biodegradable Cornstarch Garbage Bags (30 pcs),Household Essentials,58,2025-02-03,160,22400.0,80.0,140.0,139,159,247,255,182,156,200.0,59.54,191.12,41.71,0.218,0.695,0,0.0,0,6,0.6631,0.7485
SKU-HOU-004,100% Biodegradable Cornstarch Garbage Bags (30 pcs),Household Essentials,59,2025-02-10,222,31080.0,80.0,140.0,160,139,159,247,207,192,176.25,48.15,188.38,43.1,0.229,0.908,0,0.0,0,7,0.7485,0.6631
SKU-HOU-004,100% Biodegradable Cornstarch Garbage Bags (30 pcs),Household Essentials,60,2025-02-17,196,27440.0,80.0,140.0,222,160,139,159,170,144,170.0,35.99,190.25,44.34,0.233,1.306,0,0.0,0,8,0.823,0.5681
SKU-HOU-004,100% Biodegradable Cornstarch Garbage Bags (30 pcs),Household Essentials,61,2025-02-24,284,33796.0,80.0,140.0,196,222,160,139,170,198,179.25,36.96,193.5,43.59,0.225,1.093,1,0.15,0,9,0.8855,0.4647
SKU-HOU-004,100% Biodegradable Cornstarch Garbage Bags (30 pcs),Household Essentials,62,2025-03-03,168,23520.0,80.0,140.0,284,196,222,160,255,147,215.5,52.27,207.75,52.52,0.253,1.318,0,0.0,0,10,0.935,0.3546
SKU-HOU-004,100% Biodegradable Cornstarch Garbage Bags (30 pcs),Household Essentials,63,2025-03-10,198,27720.0,80.0,140.0,168,284,196,222,247,186,217.5,49.51,196.88,50.3,0.256,0.772,0,0.0,1,11,0.9709,0.2393
SKU-HOU-004,100% Biodegradable Cornstarch Garbage Bags (30 pcs),Household Essentials,64,2025-03-17,243,34020.0,80.0,140.0,198,168,284,196,159,230,211.5,50.24,190.75,46.14,0.242,0.936,0,0.0,0,12,0.9927,0.1205
SKU-HOU-004,100% Biodegradable Cornstarch Garbage Bags (30 pcs),Household Essentials,65,2025-03-24,211,29540.0,80.0,140.0,243,198,168,284,139,168,223.25,50.89,201.25,47.42,0.236,1.088,0,0.0,0,13,1.0,0.0
SKU-HOU-004,100% Biodegradable Cornstarch Garbage Bags (30 pcs),Household Essentials,66,2025-03-31,249,34860.0,80.0,140.0,211,243,198,168,160,185,205.0,31.08,210.25,40.2,0.191,1.029,0,0.0,0,14,0.9927,-0.1205
SKU-HOU-004,100% Biodegradable Cornstarch Garbage Bags (30 pcs),Household Essentials,67,2025-04-07,221,30940.0,80.0,140.0,249,211,243,198,222,156,225.25,24.66,221.38,36.45,0.165,1.105,0,0.0,0,15,0.9709,-0.2393
SKU-HOU-004,100% Biodegradable Cornstarch Garbage Bags (30 pcs),Household Essentials,68,2025-04-14,337,40103.0,80.0,140.0,221,249,211,243,196,183,231.0,17.96,221.25,36.45,0.165,0.957,1,0.15,0,16,0.935,-0.3546
SKU-HOU-004,100% Biodegradable Cornstarch Garbage Bags (30 pcs),Household Essentials,69,2025-04-21,232,32480.0,80.0,140.0,337,221,249,211,284,191,254.5,57.3,238.88,52.88,0.221,1.324,0,0.0,0,17,0.8855,-0.4647
SKU-HOU-004,100% Biodegradable Cornstarch Garbage Bags (30 pcs),Household Essentials,70,2025-04-28,286,40040.0,80.0,140.0,232,337,221,249,168,152,259.75,52.77,232.38,49.64,0.214,0.893,0,0.0,1,18,0.823,-0.5681
SKU-HOU-004,100% Biodegradable Cornstarch Garbage Bags (30 pcs),Household Essentials,71,2025-05-05,190,26600.0,80.0,140.0,286,232,337,221,198,214,269.0,53.5,247.12,45.1,0.183,1.063,0,0.0,0,19,0.7485,-0.6631
SKU-HOU-004,100% Biodegradable Cornstarch Garbage Bags (30 pcs),Household Essentials,72,2025-05-12,170,23800.0,80.0,140.0,190,286,232,337,243,197,261.25,63.99,246.12,46.42,0.189,0.727,0,0.0,0,20,0.6631,-0.7485
SKU-HOU-004,100% Biodegradable Cornstarch Garbage Bags (30 pcs),Household Essentials,73,2025-05-19,177,24780.0,80.0,140.0,170,190,286,232,211,170,219.5,51.31,237.0,53.72,0.227,0.774,0,0.0,0,21,0.5681,-0.823
SKU-HOU-004,100% Biodegradable Cornstarch Garbage Bags (30 pcs),Household Essentials,74,2025-05-26,210,29400.0,80.0,140.0,177,170,190,286,249,116,205.75,54.14,232.75,57.3,0.246,0.86,0,0.0,0,22,0.4647,-0.8855
SKU-HOU-004,100% Biodegradable Cornstarch Garbage Bags (30 pcs),Household Essentials,75,2025-06-02,265,31535.0,80.0,140.0,210,177,170,190,221,176,186.75,17.58,227.88,57.37,0.252,1.124,1,0.15,0,23,0.3546,-0.935
SKU-HOU-004,100% Biodegradable Cornstarch Garbage Bags (30 pcs),Household Essentials,76,2025-06-09,218,30520.0,80.0,140.0,265,210,177,170,337,204,205.5,43.33,233.38,58.71,0.252,1.29,0,0.0,0,24,0.2393,-0.9709
SKU-HOU-004,100% Biodegradable Cornstarch Garbage Bags (30 pcs),Household Essentials,77,2025-06-16,135,18900.0,80.0,140.0,218,265,210,177,232,104,217.5,36.3,218.5,41.16,0.188,1.002,0,0.0,0,25,0.1205,-0.9927
SKU-HOU-004,100% Biodegradable Cornstarch Garbage Bags (30 pcs),Household Essentials,78,2025-06-23,198,27720.0,80.0,140.0,135,218,265,210,286,228,207.0,53.78,206.38,49.96,0.242,0.652,0,0.0,0,26,0.0,-1.0
SKU-HOU-004,100% Biodegradable Cornstarch Garbage Bags (30 pcs),Household Essentials,79,2025-06-30,235,32900.0,80.0,140.0,198,135,218,265,190,193,204.0,53.89,195.38,38.24,0.196,0.971,0,0.0,0,27,-0.1205,-0.9927
SKU-HOU-004,100% Biodegradable Cornstarch Garbage Bags (30 pcs),Household Essentials,80,2025-07-07,227,31780.0,80.0,140.0,235,198,135,218,170,221,196.5,43.7,201.0,40.57,0.202,1.196,0,0.0,1,28,-0.2393,-0.9709
SKU-HOU-004,100% Biodegradable Cornstarch Garbage Bags (30 pcs),Household Essentials,81,2025-07-14,233,32620.0,80.0,140.0,227,235,198,135,177,221,198.75,45.38,208.12,39.34,0.189,1.142,0,0.0,0,29,-0.3546,-0.935
SKU-HOU-004,100% Biodegradable Cornstarch Garbage Bags (30 pcs),Household Essentials,82,2025-07-21,311,37009.0,80.0,140.0,233,227,235,198,210,175,223.25,17.17,215.12,37.97,0.176,1.044,1,0.15,0,30,-0.4647,-0.8855
SKU-HOU-004,100% Biodegradable Cornstarch Garbage Bags (30 pcs),Household Essentials,83,2025-07-28,216,30240.0,80.0,140.0,311,233,227,235,265,150,251.5,39.81,227.75,50.68,0.223,1.237,0,0.0,0,31,-0.5681,-0.823
SKU-HOU-004,100% Biodegradable Cornstarch Garbage Bags (30 pcs),Household Essentials,84,2025-08-04,229,32060.0,80.0,140.0,216,311,233,227,218,150,246.75,43.41,221.62,48.45,0.219,0.875,0,0.0,0,32,-0.6631,-0.7485
SKU-HOU-004,100% Biodegradable Cornstarch Garbage Bags (30 pcs),Household Essentials,85,2025-08-11,261,36540.0,80.0,140.0,229,216,311,233,135,273,247.25,43.12,223.0,48.49,0.217,0.926,0,0.0,1,33,-0.7485,-0.6631
SKU-HOU-004,100% Biodegradable Cornstarch Garbage Bags (30 pcs),Household Essentials,86,2025-08-18,237,33180.0,80.0,140.0,261,229,216,311,198,181,254.25,42.3,238.75,34.17,0.143,1.027,0,0.0,0,34,-0.823,-0.5681
SKU-HOU-004,100% Biodegradable Cornstarch Garbage Bags (30 pcs),Household Essentials,87,2025-08-25,171,23940.0,80.0,140.0,237,261,229,216,235,144,235.75,18.93,243.62,30.06,0.123,1.005,0,0.0,0,35,-0.8855,-0.4647
SKU-HOU-004,100% Biodegradable Cornstarch Garbage Bags (30 pcs),Household Essentials,88,2025-09-01,165,23100.0,80.0,140.0,171,237,261,229,227,115,224.5,38.17,235.62,39.67,0.168,0.762,0,0.0,0,36,-0.935,-0.3546
SKU-HOU-004,100% Biodegradable Cornstarch Garbage Bags (30 pcs),Household Essentials,89,2025-09-08,188,22372.0,80.0,140.0,165,171,237,261,233,148,208.5,47.84,227.88,46.98,0.206,0.791,1,0.15,0,37,-0.9709,-0.2393
SKU-HOU-004,100% Biodegradable Cornstarch Garbage Bags (30 pcs),Household Essentials,90,2025-09-15,181,25340.0,80.0,140.0,188,165,171,237,311,178,190.25,32.65,222.25,48.93,0.22,0.988,0,0.0,0,38,-0.9927,-0.1205
SKU-HOU-004,100% Biodegradable Cornstarch Garbage Bags (30 pcs),Household Essentials,91,2025-09-22,198,27720.0,80.0,140.0,181,188,165,171,216,152,176.25,10.24,206.0,34.79,0.169,1.027,0,0.0,0,39,-1.0,-0.0
SKU-HOU-004,100% Biodegradable Cornstarch Garbage Bags (30 pcs),Household Essentials,92,2025-09-29,149,20860.0,80.0,140.0,198,181,188,165,229,168,183.0,13.88,203.75,34.63,0.17,1.082,0,0.0,0,40,-0.9927,0.1205
SKU-HOU-004,100% Biodegradable Cornstarch Garbage Bags (30 pcs),Household Essentials,93,2025-10-06,264,36960.0,80.0,140.0,149,198,181,188,261,209,179.0,21.18,193.75,37.71,0.195,0.832,0,0.0,1,41,-0.9709,0.2393
SKU-HOU-004,100% Biodegradable Cornstarch Garbage Bags (30 pcs),Household Essentials,94,2025-10-13,185,25900.0,80.0,140.0,264,149,198,181,237,162,198.0,48.46,194.12,38.48,0.198,1.333,0,0.0,0,42,-0.935,0.3546
SKU-HOU-004,100% Biodegradable Cornstarch Garbage Bags (30 pcs),Household Essentials,95,2025-10-20,179,25060.0,80.0,140.0,185,264,149,198,171,209,199.0,48.03,187.62,34.38,0.183,0.93,0,0.0,0,43,-0.8855,0.4647
SKU-HOU-004,100% Biodegradable Cornstarch Garbage Bags (30 pcs),Household Essentials,96,2025-10-27,463,55097.0,80.0,140.0,179,185,264,149,165,246,194.25,49.09,188.62,33.94,0.18,0.921,1,0.15,1,44,-0.823,0.5681
SKU-HOU-004,100% Biodegradable Cornstarch Garbage Bags (30 pcs),Household Essentials,97,2025-11-03,145,20300.0,80.0,140.0,463,179,185,264,188,169,272.75,132.62,225.88,101.2,0.448,1.698,0,0.0,0,45,-0.7485,0.6631
SKU-HOU-004,100% Biodegradable Cornstarch Garbage Bags (30 pcs),Household Essentials,98,2025-11-10,142,19880.0,80.0,140.0,145,463,179,185,181,189,243.0,147.72,220.5,104.58,0.474,0.597,0,0.0,0,46,-0.6631,0.7485
SKU-HOU-004,100% Biodegradable Cornstarch Garbage Bags (30 pcs),Household Essentials,99,2025-11-17,198,27720.0,80.0,140.0,142,145,463,179,198,126,232.25,154.75,215.62,107.55,0.499,0.611,0,0.0,0,47,-0.5681,0.823
SKU-HOU-004,100% Biodegradable Cornstarch Garbage Bags (30 pcs),Household Essentials,100,2025-11-24,162,22680.0,80.0,140.0,198,142,145,463,149,190,237.0,152.85,215.62,107.55,0.499,0.835,0,0.0,0,48,-0.4647,0.8855
SKU-HOU-004,100% Biodegradable Cornstarch Garbage Bags (30 pcs),Household Essentials,101,2025-12-01,241,33740.0,80.0,140.0,162,198,142,145,264,142,161.75,25.72,217.25,106.49,0.49,1.002,0,0.0,0,49,-0.3546,0.935
SKU-HOU-004,100% Biodegradable Cornstarch Garbage Bags (30 pcs),Household Essentials,102,2025-12-08,215,30100.0,80.0,140.0,241,162,198,142,185,182,185.75,43.52,214.38,105.36,0.491,1.297,0,0.0,0,50,-0.2393,0.9709
SKU-HOU-004,100% Biodegradable Cornstarch Garbage Bags (30 pcs),Household Essentials,103,2025-12-15,356,42364.0,80.0,140.0,215,241,162,198,179,207,204.0,33.12,218.12,104.69,0.48,1.054,1,0.15,1,51,-0.1205,0.9927
SKU-HOU-004,100% Biodegradable Cornstarch Garbage Bags (30 pcs),Household Essentials,104,2025-12-22,259,36260.0,80.0,140.0,356,215,241,162,463,170,243.5,81.89,240.25,113.57,0.473,1.462,0,0.0,0,52,-0.0,1.0
SKU-HOU-005,Lemon Blossom Grease-Cutting Dishwash Gel 750ml,Household Essentials,1,2024-01-01,222,29248.5,90.0,155.0,222,222,222,222,222,222,222.0,0.0,222.0,0.0,0.0,1.0,1,0.15,0,1,0.1205,0.9927
SKU-HOU-005,Lemon Blossom Grease-Cutting Dishwash Gel 750ml,Household Essentials,2,2024-01-08,166,25730.0,90.0,155.0,222,222,222,222,222,222,222.0,0.0,222.0,0.0,0.0,1.0,0,0.0,0,2,0.2393,0.9709
SKU-HOU-005,Lemon Blossom Grease-Cutting Dishwash Gel 750ml,Household Essentials,3,2024-01-15,229,35495.0,90.0,155.0,166,222,222,222,222,222,194.0,39.6,194.0,39.6,0.204,0.856,0,0.0,1,3,0.3546,0.935
SKU-HOU-005,Lemon Blossom Grease-Cutting Dishwash Gel 750ml,Household Essentials,4,2024-01-22,211,32705.0,90.0,155.0,229,166,222,222,222,222,205.67,34.53,205.67,34.53,0.168,1.113,0,0.0,0,4,0.4647,0.8855
SKU-HOU-005,Lemon Blossom Grease-Cutting Dishwash Gel 750ml,Household Essentials,5,2024-01-29,178,27590.0,90.0,155.0,211,229,166,222,222,222,207.0,28.32,207.0,28.32,0.137,1.019,0,0.0,0,5,0.5681,0.823
SKU-HOU-005,Lemon Blossom Grease-Cutting Dishwash Gel 750ml,Household Essentials,6,2024-02-05,183,28365.0,90.0,155.0,178,211,229,166,166,166,196.0,29.09,201.2,27.74,0.138,0.908,0,0.0,0,6,0.6631,0.7485
SKU-HOU-005,Lemon Blossom Grease-Cutting Dishwash Gel 750ml,Household Essentials,7,2024-02-12,158,24490.0,90.0,155.0,183,178,211,229,229,229,200.25,24.05,198.17,25.9,0.131,0.914,0,0.0,0,7,0.7485,0.6631
SKU-HOU-005,Lemon Blossom Grease-Cutting Dishwash Gel 750ml,Household Essentials,8,2024-02-19,244,32147.0,90.0,155.0,158,183,178,211,211,211,182.5,21.86,192.43,28.1,0.146,0.866,1,0.15,0,8,0.823,0.5681
SKU-HOU-005,Lemon Blossom Grease-Cutting Dishwash Gel 750ml,Household Essentials,9,2024-02-26,219,33945.0,90.0,155.0,244,158,183,178,222,222,190.75,37.11,198.88,31.77,0.16,1.279,0,0.0,0,9,0.8855,0.4647
SKU-HOU-005,Lemon Blossom Grease-Cutting Dishwash Gel 750ml,Household Essentials,10,2024-03-04,227,35185.0,90.0,155.0,219,244,158,183,166,166,201.0,38.06,198.5,31.47,0.159,1.09,0,0.0,0,10,0.935,0.3546
SKU-HOU-005,Lemon Blossom Grease-Cutting Dishwash Gel 750ml,Household Essentials,11,2024-03-11,174,26970.0,90.0,155.0,227,219,244,158,229,229,212.0,37.48,206.12,29.82,0.145,1.071,0,0.0,1,11,0.9709,0.2393
SKU-HOU-005,Lemon Blossom Grease-Cutting Dishwash Gel 750ml,Household Essentials,12,2024-03-18,249,38595.0,90.0,155.0,174,227,219,244,211,211,216.0,29.88,199.25,30.13,0.151,0.806,0,0.0,0,12,0.9927,0.1205
SKU-HOU-005,Lemon Blossom Grease-Cutting Dishwash Gel 750ml,Household Essentials,13,2024-03-25,210,32550.0,90.0,155.0,249,174,227,219,178,178,217.25,31.5,204.0,34.87,0.171,1.146,0,0.0,0,13,1.0,0.0
SKU-HOU-005,Lemon Blossom Grease-Cutting Dishwash Gel 750ml,Household Essentials,14,2024-04-01,166,25730.0,90.0,155.0,210,249,174,227,183,183,215.0,31.65,208.0,33.26,0.16,0.977,0,0.0,0,14,0.9927,-0.1205
SKU-HOU-005,Lemon Blossom Grease-Cutting Dishwash Gel 750ml,Household Essentials,15,2024-04-08,302,39788.5,90.0,155.0,166,210,249,174,158,158,199.75,38.0,205.88,35.55,0.173,0.831,1,0.15,0,15,0.9709,-0.2393
SKU-HOU-005,Lemon Blossom Grease-Cutting Dishwash Gel 750ml,Household Essentials,16,2024-04-15,222,34410.0,90.0,155.0,302,166,210,249,244,244,231.75,57.82,223.88,43.43,0.194,1.303,0,0.0,0,16,0.935,-0.3546
SKU-HOU-005,Lemon Blossom Grease-Cutting Dishwash Gel 750ml,Household Essentials,17,2024-04-22,210,32550.0,90.0,155.0,222,302,166,210,219,219,225.0,56.7,221.12,42.66,0.193,0.987,0,0.0,0,17,0.8855,-0.4647
SKU-HOU-005,Lemon Blossom Grease-Cutting Dishwash Gel 750ml,Household Essentials,18,2024-04-29,179,27745.0,90.0,155.0,210,222,302,166,227,227,225.0,56.7,220.0,42.85,0.195,0.933,0,0.0,1,18,0.823,-0.5681
SKU-HOU-005,Lemon Blossom Grease-Cutting Dishwash Gel 750ml,Household Essentials,19,2024-05-06,172,26660.0,90.0,155.0,179,210,222,302,174,174,228.25,52.4,214.0,45.03,0.21,0.784,0,0.0,0,19,0.7485,-0.6631
SKU-HOU-005,Lemon Blossom Grease-Cutting Dishwash Gel 750ml,Household Essentials,20,2024-05-13,166,25730.0,90.0,155.0,172,179,210,222,249,249,195.75,24.06,213.75,45.29,0.212,0.879,0,0.0,0,20,0.6631,-0.7485
SKU-HOU-005,Lemon Blossom Grease-Cutting Dishwash Gel 750ml,Household Essentials,21,2024-05-20,207,32085.0,90.0,155.0,166,172,179,210,210,210,181.75,19.57,203.38,45.57,0.224,0.913,0,0.0,0,21,0.5681,-0.823
SKU-HOU-005,Lemon Blossom Grease-Cutting Dishwash Gel 750ml,Household Essentials,22,2024-05-27,216,28458.0,90.0,155.0,207,166,172,179,166,166,181.0,18.13,203.0,45.52,0.224,1.144,1,0.15,0,22,0.4647,-0.8855
SKU-HOU-005,Lemon Blossom Grease-Cutting Dishwash Gel 750ml,Household Essentials,23,2024-06-03,189,29295.0,90.0,155.0,216,207,166,172,302,302,190.25,24.93,209.25,43.08,0.206,1.135,0,0.0,0,23,0.3546,-0.935
SKU-HOU-005,Lemon Blossom Grease-Cutting Dishwash Gel 750ml,Household Essentials,24,2024-06-10,154,23870.0,90.0,155.0,189,216,207,166,222,222,194.5,22.07,195.12,21.38,0.11,0.972,0,0.0,0,24,0.2393,-0.9709
SKU-HOU-005,Lemon Blossom Grease-Cutting Dishwash Gel 750ml,Household Essentials,25,2024-06-17,182,28210.0,90.0,155.0,154,189,216,207,210,210,191.5,27.4,186.62,22.65,0.121,0.804,0,0.0,0,25,0.1205,-0.9927
SKU-HOU-005,Lemon Blossom Grease-Cutting Dishwash Gel 750ml,Household Essentials,26,2024-06-24,255,39525.0,90.0,155.0,182,154,189,216,179,179,185.25,25.47,183.12,20.59,0.112,0.982,0,0.0,0,26,0.0,-1.0
SKU-HOU-005,Lemon Blossom Grease-Cutting Dishwash Gel 750ml,Household Essentials,27,2024-07-01,217,33635.0,90.0,155.0,255,182,154,189,172,172,195.0,42.76,192.62,32.5,0.169,1.308,0,0.0,0,27,-0.1205,-0.9927
SKU-HOU-005,Lemon Blossom Grease-Cutting Dishwash Gel 750ml,Household Essentials,28,2024-07-08,241,37355.0,90.0,155.0,217,255,182,154,166,166,202.0,43.73,198.25,32.32,0.163,1.074,0,0.0,1,28,-0.2393,-0.9709
SKU-HOU-005,Lemon Blossom Grease-Cutting Dishwash Gel 750ml,Household Essentials,29,2024-07-15,328,43214.0,90.0,155.0,241,217,255,182,207,207,223.75,31.95,207.62,32.5,0.157,1.077,1,0.15,0,29,-0.3546,-0.935
SKU-HOU-005,Lemon Blossom Grease-Cutting Dishwash Gel 750ml,Household Essentials,30,2024-07-22,200,31000.0,90.0,155.0,328,241,217,255,216,216,260.25,47.81,222.75,53.53,0.24,1.26,0,0.0,0,30,-0.4647,-0.8855
SKU-HOU-005,Lemon Blossom Grease-Cutting Dishwash Gel 750ml,Household Essentials,31,2024-07-29,206,31930.0,90.0,155.0,200,328,241,217,189,189,246.5,56.88,220.75,54.11,0.245,0.811,0,0.0,0,31,-0.5681,-0.823
SKU-HOU-005,Lemon Blossom Grease-Cutting Dishwash Gel 750ml,Household Essentials,32,2024-08-05,226,35030.0,90.0,155.0,206,200,328,241,154,154,243.75,59.0,222.88,53.01,0.238,0.845,0,0.0,0,32,-0.6631,-0.7485
SKU-HOU-005,Lemon Blossom Grease-Cutting Dishwash Gel 750ml,Household Essentials,33,2024-08-12,257,39835.0,90.0,155.0,226,206,200,328,182,182,240.0,59.71,231.88,45.18,0.195,0.942,0,0.0,1,33,-0.7485,-0.6631
SKU-HOU-005,Lemon Blossom Grease-Cutting Dishwash Gel 750ml,Household Essentials,34,2024-08-19,188,29140.0,90.0,155.0,257,226,206,200,255,255,222.25,25.7,241.25,40.93,0.17,1.156,0,0.0,0,34,-0.823,-0.5681
SKU-HOU-005,Lemon Blossom Grease-Cutting Dishwash Gel 750ml,Household Essentials,35,2024-08-26,197,30535.0,90.0,155.0,188,257,226,206,217,217,219.25,29.57,232.88,44.42,0.191,0.857,0,0.0,0,35,-0.8855,-0.4647
SKU-HOU-005,Lemon Blossom Grease-Cutting Dishwash Gel 750ml,Household Essentials,36,2024-09-02,198,26086.5,90.0,155.0,197,188,257,226,241,241,217.0,31.21,230.38,45.98,0.2,0.908,1,0.15,0,36,-0.935,-0.3546
SKU-HOU-005,Lemon Blossom Grease-Cutting Dishwash Gel 750ml,Household Essentials,37,2024-09-09,170,26350.0,90.0,155.0,198,197,188,257,328,328,210.0,31.65,225.0,47.06,0.209,0.943,0,0.0,0,37,-0.9709,-0.2393
SKU-HOU-005,Lemon Blossom Grease-Cutting Dishwash Gel 750ml,Household Essentials,38,2024-09-16,135,20925.0,90.0,155.0,170,198,197,188,200,200,188.25,12.97,205.25,26.18,0.128,0.903,0,0.0,0,38,-0.9927,-0.1205
SKU-HOU-005,Lemon Blossom Grease-Cutting Dishwash Gel 750ml,Household Essentials,39,2024-09-23,171,26505.0,90.0,155.0,135,170,198,197,206,206,175.0,29.65,197.12,36.21,0.184,0.771,0,0.0,0,39,-1.0,-0.0
SKU-HOU-005,Lemon Blossom Grease-Cutting Dishwash Gel 750ml,Household Essentials,40,2024-09-30,169,26195.0,90.0,155.0,171,135,170,198,226,226,168.5,25.83,192.75,37.09,0.192,1.015,0,0.0,0,40,-0.9927,0.1205
SKU-HOU-005,Lemon Blossom Grease-Cutting Dishwash Gel 750ml,Household Essentials,41,2024-10-07,140,21700.0,90.0,155.0,169,171,135,170,257,257,161.25,17.52,185.62,35.21,0.19,1.048,0,0.0,1,41,-0.9709,0.2393
SKU-HOU-005,Lemon Blossom Grease-Cutting Dishwash Gel 750ml,Household Essentials,42,2024-10-14,168,26040.0,90.0,155.0,140,169,171,135,188,188,153.75,18.89,171.0,23.77,0.139,0.911,0,0.0,0,42,-0.935,0.3546
SKU-HOU-005,Lemon Blossom Grease-Cutting Dishwash Gel 750ml,Household Essentials,43,2024-10-21,255,33596.25,90.0,155.0,168,140,169,171,197,197,162.0,14.72,168.5,22.76,0.135,1.037,1,0.15,0,43,-0.8855,0.4647
SKU-HOU-005,Lemon Blossom Grease-Cutting Dishwash Gel 750ml,Household Essentials,44,2024-10-28,352,54560.0,90.0,155.0,255,168,140,169,198,198,183.0,49.85,175.75,37.56,0.214,1.393,0,0.0,1,44,-0.823,0.5681
SKU-HOU-005,Lemon Blossom Grease-Cutting Dishwash Gel 750ml,Household Essentials,45,2024-11-04,159,24645.0,90.0,155.0,352,255,168,140,170,170,228.75,95.65,195.0,73.17,0.375,1.539,0,0.0,0,45,-0.7485,0.6631
SKU-HOU-005,Lemon Blossom Grease-Cutting Dishwash Gel 750ml,Household Essentials,46,2024-11-11,164,25420.0,90.0,155.0,159,352,255,168,135,135,233.5,90.08,193.62,73.81,0.381,0.681,0,0.0,0,46,-0.6631,0.7485
SKU-HOU-005,Lemon Blossom Grease-Cutting Dishwash Gel 750ml,Household Essentials,47,2024-11-18,151,23405.0,90.0,155.0,164,159,352,255,171,171,232.5,91.07,197.25,71.19,0.361,0.705,0,0.0,0,47,-0.5681,0.823
SKU-HOU-005,Lemon Blossom Grease-Cutting Dishwash Gel 750ml,Household Essentials,48,2024-11-25,176,27280.0,90.0,155.0,151,164,159,352,169,169,206.5,97.15,194.75,72.58,0.373,0.731,0,0.0,0,48,-0.4647,0.8855
SKU-HOU-005,Lemon Blossom Grease-Cutting Dishwash Gel 750ml,Household Essentials,49,2024-12-02,134,20770.0,90.0,155.0,176,151,164,159,140,140,162.5,10.47,195.62,72.26,0.369,1.083,0,0.0,0,49,-0.3546,0.935
SKU-HOU-005,Lemon Blossom Grease-Cutting Dishwash Gel 750ml,Household Essentials,50,2024-12-09,243,32015.25,90.0,155.0,134,176,151,164,168,168,156.25,18.01,194.88,72.95,0.374,0.858,1,0.15,0,50,-0.2393,0.9709
SKU-HOU-005,Lemon Blossom Grease-Cutting Dishwash Gel 750ml,Household Essentials,51,2024-12-16,244,37820.0,90.0,155.0,243,134,176,151,255,255,176.0,47.88,204.25,73.82,0.361,1.381,0,0.0,1,51,-0.1205,0.9927
SKU-HOU-005,Lemon Blossom Grease-Cutting Dishwash Gel 750ml,Household Essentials,52,2024-12-23,159,24645.0,90.0,155.0,244,243,134,176,352,352,199.25,53.9,202.88,72.83,0.359,1.225,0,0.0,0,52,-0.0,1.0
SKU-HOU-005,Lemon Blossom Grease-Cutting Dishwash Gel 750ml,Household Essentials,53,2024-12-30,196,30380.0,90.0,155.0,159,244,243,134,159,222,195.0,56.93,178.75,41.69,0.233,0.815,0,0.0,0,1,0.1205,0.9927
SKU-HOU-005,Lemon Blossom Grease-Cutting Dishwash Gel 750ml,Household Essentials,54,2025-01-06,178,27590.0,90.0,155.0,196,159,244,243,164,166,210.5,40.99,183.38,41.23,0.225,0.931,0,0.0,0,2,0.2393,0.9709
SKU-HOU-005,Lemon Blossom Grease-Cutting Dishwash Gel 750ml,Household Essentials,55,2025-01-13,279,43245.0,90.0,155.0,178,196,159,244,151,229,194.25,36.45,185.12,40.58,0.219,0.916,0,0.0,1,3,0.3546,0.935
SKU-HOU-005,Lemon Blossom Grease-Cutting Dishwash Gel 750ml,Household Essentials,56,2025-01-20,204,31620.0,90.0,155.0,279,178,196,159,176,211,203.0,52.87,201.12,49.47,0.246,1.374,0,0.0,0,4,0.4647,0.8855
SKU-HOU-005,Lemon Blossom Grease-Cutting Dishwash Gel 750ml,Household Essentials,57,2025-01-27,278,36626.5,90.0,155.0,204,279,178,196,134,178,214.25,44.51,204.62,48.41,0.237,0.952,1,0.15,0,5,0.5681,0.823
SKU-HOU-005,Lemon Blossom Grease-Cutting Dishwash Gel 750ml,Household Essentials,58,2025-02-03,233,36115.0,90.0,155.0,278,204,279,178,243,183,234.75,51.62,222.62,45.06,0.202,1.184,0,0.0,0,6,0.6631,0.7485
SKU-HOU-005,Lemon Blossom Grease-Cutting Dishwash Gel 750ml,Household Essentials,59,2025-02-10,184,28520.0,90.0,155.0,233,278,204,279,244,158,248.5,36.61,221.38,44.55,0.201,0.938,0,0.0,0,7,0.7485,0.6631
SKU-HOU-005,Lemon Blossom Grease-Cutting Dishwash Gel 750ml,Household Essentials,60,2025-02-17,191,29605.0,90.0,155.0,184,233,278,204,159,244,224.75,40.8,213.88,45.24,0.212,0.819,0,0.0,0,8,0.823,0.5681
SKU-HOU-005,Lemon Blossom Grease-Cutting Dishwash Gel 750ml,Household Essentials,61,2025-02-24,226,35030.0,90.0,155.0,191,184,233,278,196,219,221.5,43.44,217.88,40.9,0.188,0.862,0,0.0,0,9,0.8855,0.4647
SKU-HOU-005,Lemon Blossom Grease-Cutting Dishwash Gel 750ml,Household Essentials,62,2025-03-03,224,34720.0,90.0,155.0,226,191,184,233,178,227,208.5,24.58,221.62,39.97,0.18,1.084,0,0.0,0,10,0.935,0.3546
SKU-HOU-005,Lemon Blossom Grease-Cutting Dishwash Gel 750ml,Household Essentials,63,2025-03-10,226,35030.0,90.0,155.0,224,226,191,184,279,174,206.25,21.85,227.38,35.9,0.158,1.086,0,0.0,1,11,0.9709,0.2393
SKU-HOU-005,Lemon Blossom Grease-Cutting Dishwash Gel 750ml,Household Essentials,64,2025-03-17,259,34123.25,90.0,155.0,226,224,226,191,204,249,216.75,17.19,220.75,29.3,0.133,1.043,1,0.15,0,12,0.9927,0.1205
SKU-HOU-005,Lemon Blossom Grease-Cutting Dishwash Gel 750ml,Household Essentials,65,2025-03-24,196,30380.0,90.0,155.0,259,226,224,226,278,210,233.75,16.86,227.62,31.2,0.137,1.108,0,0.0,0,13,1.0,0.0
SKU-HOU-005,Lemon Blossom Grease-Cutting Dishwash Gel 750ml,Household Essentials,66,2025-03-31,221,34255.0,90.0,155.0,196,259,226,224,233,166,226.25,25.77,217.38,25.17,0.116,0.866,0,0.0,0,14,0.9927,-0.1205
SKU-HOU-005,Lemon Blossom Grease-Cutting Dishwash Gel 750ml,Household Essentials,67,2025-04-07,238,36890.0,90.0,155.0,221,196,259,226,184,302,225.5,25.9,215.88,24.46,0.113,0.98,0,0.0,0,15,0.9709,-0.2393
SKU-HOU-005,Lemon Blossom Grease-Cutting Dishwash Gel 750ml,Household Essentials,68,2025-04-14,183,28365.0,90.0,155.0,238,221,196,259,191,222,228.5,26.66,222.62,21.7,0.097,1.042,0,0.0,0,16,0.935,-0.3546
SKU-HOU-005,Lemon Blossom Grease-Cutting Dishwash Gel 750ml,Household Essentials,69,2025-04-21,195,30225.0,90.0,155.0,183,238,221,196,226,210,209.5,24.69,221.62,23.48,0.106,0.874,0,0.0,0,17,0.8855,-0.4647
SKU-HOU-005,Lemon Blossom Grease-Cutting Dishwash Gel 750ml,Household Essentials,70,2025-04-28,187,28985.0,90.0,155.0,195,183,238,221,224,179,209.25,24.88,217.75,25.15,0.115,0.932,0,0.0,1,18,0.823,-0.5681
SKU-HOU-005,Lemon Blossom Grease-Cutting Dishwash Gel 750ml,Household Essentials,71,2025-05-05,249,32805.75,90.0,155.0,187,195,183,238,226,172,200.75,25.33,213.12,27.16,0.127,0.932,1,0.15,0,19,0.7485,-0.6631
SKU-HOU-005,Lemon Blossom Grease-Cutting Dishwash Gel 750ml,Household Essentials,72,2025-05-12,201,31155.0,90.0,155.0,249,187,195,183,259,166,203.5,30.74,216.0,29.8,0.138,1.224,0,0.0,0,20,0.6631,-0.7485
SKU-HOU-005,Lemon Blossom Grease-Cutting Dishwash Gel 750ml,Household Essentials,73,2025-05-19,195,30225.0,90.0,155.0,201,249,187,195,196,207,208.0,27.93,208.75,24.42,0.117,0.966,0,0.0,0,21,0.5681,-0.823
SKU-HOU-005,Lemon Blossom Grease-Cutting Dishwash Gel 750ml,Household Essentials,74,2025-05-26,244,37820.0,90.0,155.0,195,201,249,187,221,216,208.0,27.93,208.62,24.49,0.117,0.938,0,0.0,0,22,0.4647,-0.8855
SKU-HOU-005,Lemon Blossom Grease-Cutting Dishwash Gel 750ml,Household Essentials,75,2025-06-02,241,37355.0,90.0,155.0,244,195,201,249,238,189,222.25,28.18,211.5,27.34,0.129,1.098,0,0.0,0,23,0.3546,-0.935
SKU-HOU-005,Lemon Blossom Grease-Cutting Dishwash Gel 750ml,Household Essentials,76,2025-06-09,203,31465.0,90.0,155.0,241,244,195,201,183,154,220.25,25.84,211.88,27.77,0.131,1.094,0,0.0,0,24,0.2393,-0.9709
SKU-HOU-005,Lemon Blossom Grease-Cutting Dishwash Gel 750ml,Household Essentials,77,2025-06-16,229,35495.0,90.0,155.0,203,241,244,195,195,182,220.75,25.36,214.38,25.62,0.119,0.92,0,0.0,0,25,0.1205,-0.9927
SKU-HOU-005,Lemon Blossom Grease-Cutting Dishwash Gel 750ml,Household Essentials,78,2025-06-23,317,41764.75,90.0,155.0,229,203,241,244,187,255,229.25,18.66,218.62,24.75,0.113,0.999,1,0.15,0,26,0.0,-1.0
SKU-HOU-005,Lemon Blossom Grease-Cutting Dishwash Gel 750ml,Household Essentials,79,2025-06-30,320,49600.0,90.0,155.0,317,229,203,241,249,217,247.5,48.97,234.88,39.38,0.168,1.281,0,0.0,0,27,-0.1205,-0.9927
SKU-HOU-005,Lemon Blossom Grease-Cutting Dishwash Gel 750ml,Household Essentials,80,2025-07-07,257,39835.0,90.0,155.0,320,317,229,203,201,241,267.25,60.14,243.75,49.67,0.204,1.197,0,0.0,1,28,-0.2393,-0.9709
SKU-HOU-005,Lemon Blossom Grease-Cutting Dishwash Gel 750ml,Household Essentials,81,2025-07-14,180,27900.0,90.0,155.0,257,320,317,229,195,328,280.75,45.08,250.75,46.64,0.186,0.915,0,0.0,0,29,-0.3546,-0.935
SKU-HOU-005,Lemon Blossom Grease-Cutting Dishwash Gel 750ml,Household Essentials,82,2025-07-21,196,30380.0,90.0,155.0,180,257,320,317,244,200,268.5,65.75,248.88,49.42,0.199,0.67,0,0.0,0,30,-0.4647,-0.8855
SKU-HOU-005,Lemon Blossom Grease-Cutting Dishwash Gel 750ml,Household Essentials,83,2025-07-28,222,34410.0,90.0,155.0,196,180,257,320,241,206,238.25,63.8,242.88,52.89,0.218,0.823,0,0.0,0,31,-0.5681,-0.823
SKU-HOU-005,Lemon Blossom Grease-Cutting Dishwash Gel 750ml,Household Essentials,84,2025-08-04,247,38285.0,90.0,155.0,222,196,180,257,203,226,213.75,33.63,240.5,53.41,0.222,1.039,0,0.0,0,32,-0.6631,-0.7485
SKU-HOU-005,Lemon Blossom Grease-Cutting Dishwash Gel 750ml,Household Essentials,85,2025-08-11,387,50987.25,90.0,155.0,247,222,196,180,229,257,211.25,29.45,246.0,51.21,0.208,1.169,1,0.15,1,33,-0.7485,-0.6631
SKU-HOU-005,Lemon Blossom Grease-Cutting Dishwash Gel 750ml,Household Essentials,86,2025-08-18,179,27745.0,90.0,155.0,387,247,222,196,317,188,263.0,85.25,265.75,70.54,0.265,1.471,0,0.0,0,34,-0.823,-0.5681
SKU-HOU-005,Lemon Blossom Grease-Cutting Dishwash Gel 750ml,Household Essentials,87,2025-08-25,228,35340.0,90.0,155.0,179,387,247,222,320,197,258.75,89.99,248.5,73.05,0.294,0.692,0,0.0,0,35,-0.8855,-0.4647
SKU-HOU-005,Lemon Blossom Grease-Cutting Dishwash Gel 750ml,Household Essentials,88,2025-09-01,150,23250.0,90.0,155.0,228,179,387,247,257,198,260.25,89.22,237.0,67.19,0.283,0.876,0,0.0,0,36,-0.935,-0.3546
SKU-HOU-005,Lemon Blossom Grease-Cutting Dishwash Gel 750ml,Household Essentials,89,2025-09-08,158,24490.0,90.0,155.0,150,228,179,387,180,170,236.0,105.69,223.62,73.03,0.327,0.636,0,0.0,0,37,-0.9709,-0.2393
SKU-HOU-005,Lemon Blossom Grease-Cutting Dishwash Gel 750ml,Household Essentials,90,2025-09-15,136,21080.0,90.0,155.0,158,150,228,179,196,135,178.75,35.04,220.88,75.29,0.341,0.884,0,0.0,0,38,-0.9927,-0.1205
SKU-HOU-005,Lemon Blossom Grease-Cutting Dishwash Gel 750ml,Household Essentials,91,2025-09-22,180,27900.0,90.0,155.0,136,158,150,228,222,171,168.0,41.02,213.38,80.9,0.379,0.81,0,0.0,0,39,-1.0,-0.0
SKU-HOU-005,Lemon Blossom Grease-Cutting Dishwash Gel 750ml,Household Essentials,92,2025-09-29,274,36099.5,90.0,155.0,180,136,158,150,247,169,156.0,18.4,208.12,81.62,0.392,1.154,1,0.15,0,40,-0.9927,0.1205
SKU-HOU-005,Lemon Blossom Grease-Cutting Dishwash Gel 750ml,Household Essentials,93,2025-10-06,214,33170.0,90.0,155.0,274,180,136,158,387,140,187.0,60.72,211.5,83.98,0.397,1.465,0,0.0,1,41,-0.9709,0.2393
SKU-HOU-005,Lemon Blossom Grease-Cutting Dishwash Gel 750ml,Household Essentials,94,2025-10-13,161,24955.0,90.0,155.0,214,274,180,136,179,168,201.0,58.21,189.88,46.04,0.242,1.065,0,0.0,0,42,-0.935,0.3546
SKU-HOU-005,Lemon Blossom Grease-Cutting Dishwash Gel 750ml,Household Essentials,95,2025-10-20,151,23405.0,90.0,155.0,161,214,274,180,228,255,207.25,49.61,187.62,47.07,0.251,0.777,0,0.0,0,43,-0.8855,0.4647
SKU-HOU-005,Lemon Blossom Grease-Cutting Dishwash Gel 750ml,Household Essentials,96,2025-10-27,306,47430.0,90.0,155.0,151,161,214,274,150,352,200.0,56.55,178.0,45.48,0.256,0.755,0,0.0,1,44,-0.823,0.5681
SKU-HOU-005,Lemon Blossom Grease-Cutting Dishwash Gel 750ml,Household Essentials,97,2025-11-03,185,28675.0,90.0,155.0,306,151,161,214,158,159,208.0,70.94,197.5,62.15,0.315,1.471,0,0.0,0,45,-0.7485,0.6631
SKU-HOU-005,Lemon Blossom Grease-Cutting Dishwash Gel 750ml,Household Essentials,98,2025-11-10,216,33480.0,90.0,155.0,185,306,151,161,136,164,200.75,71.6,200.88,60.41,0.301,0.922,0,0.0,0,46,-0.6631,0.7485
SKU-HOU-005,Lemon Blossom Grease-Cutting Dishwash Gel 750ml,Household Essentials,99,2025-11-17,222,29248.5,90.0,155.0,216,185,306,151,180,151,214.5,66.53,210.88,54.46,0.258,1.007,1,0.15,0,47,-0.5681,0.823
SKU-HOU-005,Lemon Blossom Grease-Cutting Dishwash Gel 750ml,Household Essentials,100,2025-11-24,196,30380.0,90.0,155.0,222,216,185,306,274,176,232.25,51.77,216.12,53.07,0.246,0.956,0,0.0,0,48,-0.4647,0.8855
SKU-HOU-005,Lemon Blossom Grease-Cutting Dishwash Gel 750ml,Household Essentials,101,2025-12-01,247,38285.0,90.0,155.0,196,222,216,185,214,134,204.75,17.23,206.38,47.82,0.232,0.957,0,0.0,0,49,-0.3546,0.935
SKU-HOU-005,Lemon Blossom Grease-Cutting Dishwash Gel 750ml,Household Essentials,102,2025-12-08,163,25265.0,90.0,155.0,247,196,222,216,161,243,220.25,21.01,210.5,49.95,0.237,1.121,0,0.0,0,50,-0.2393,0.9709
SKU-HOU-005,Lemon Blossom Grease-Cutting Dishwash Gel 750ml,Household Essentials,103,2025-12-15,226,35030.0,90.0,155.0,163,247,196,222,151,244,207.0,35.97,210.75,49.67,0.236,0.787,0,0.0,1,51,-0.1205,0.9927
SKU-HOU-005,Lemon Blossom Grease-Cutting Dishwash Gel 750ml,Household Essentials,104,2025-12-22,225,34875.0,90.0,155.0,226,163,247,196,306,159,208.0,36.58,220.12,43.48,0.198,1.087,0,0.0,0,52,-0.0,1.0
SKU-HOU-006,Lavender Aromatherapy Mosquito Repellent Vaporizer Pack,Household Essentials,1,2024-01-01,75,14925.0,120.0,199.0,75,75,75,75,75,75,75.0,0.0,75.0,0.0,0.0,1.0,0,0.0,0,1,0.1205,0.9927
SKU-HOU-006,Lavender Aromatherapy Mosquito Repellent Vaporizer Pack,Household Essentials,2,2024-01-08,114,22686.0,120.0,199.0,75,75,75,75,75,75,75.0,0.0,75.0,0.0,0.0,1.0,0,0.0,0,2,0.2393,0.9709
SKU-HOU-006,Lavender Aromatherapy Mosquito Repellent Vaporizer Pack,Household Essentials,3,2024-01-15,113,22487.0,120.0,199.0,114,75,75,75,75,75,94.5,27.58,94.5,27.58,0.292,1.206,0,0.0,1,3,0.3546,0.935
SKU-HOU-006,Lavender Aromatherapy Mosquito Repellent Vaporizer Pack,Household Essentials,4,2024-01-22,129,25671.0,120.0,199.0,113,114,75,75,75,75,100.67,22.23,100.67,22.23,0.221,1.123,0,0.0,0,4,0.4647,0.8855
SKU-HOU-006,Lavender Aromatherapy Mosquito Repellent Vaporizer Pack,Household Essentials,5,2024-01-29,82,16318.0,120.0,199.0,129,113,114,75,75,75,107.75,23.03,107.75,23.03,0.214,1.197,0,0.0,0,5,0.5681,0.823
SKU-HOU-006,Lavender Aromatherapy Mosquito Repellent Vaporizer Pack,Household Essentials,6,2024-02-05,91,15392.65,120.0,199.0,82,129,113,114,114,114,109.5,19.74,102.6,23.03,0.224,0.749,1,0.15,0,6,0.6631,0.7485
SKU-HOU-006,Lavender Aromatherapy Mosquito Repellent Vaporizer Pack,Household Essentials,7,2024-02-12,135,26865.0,120.0,199.0,91,82,129,113,113,113,103.75,21.28,100.67,21.13,0.21,0.877,0,0.0,0,7,0.7485,0.6631
SKU-HOU-006,Lavender Aromatherapy Mosquito Repellent Vaporizer Pack,Household Essentials,8,2024-02-19,110,21890.0,120.0,199.0,135,91,82,129,129,129,109.25,26.64,105.57,23.25,0.22,1.236,0,0.0,0,8,0.823,0.5681
SKU-HOU-006,Lavender Aromatherapy Mosquito Repellent Vaporizer Pack,Household Essentials,9,2024-02-26,12,2388.0,120.0,199.0,110,135,91,82,75,75,104.5,23.44,106.12,21.58,0.203,1.053,0,0.0,0,9,0.8855,0.4647
SKU-HOU-006,Lavender Aromatherapy Mosquito Repellent Vaporizer Pack,Household Essentials,10,2024-03-04,143,28457.0,120.0,199.0,12,110,135,91,114,114,87.0,53.15,98.25,39.02,0.397,0.138,0,0.0,0,10,0.935,0.3546
SKU-HOU-006,Lavender Aromatherapy Mosquito Repellent Vaporizer Pack,Household Essentials,11,2024-03-11,96,19104.0,120.0,199.0,143,12,110,135,113,113,100.0,60.33,101.88,41.93,0.412,1.43,0,0.0,1,11,0.9709,0.2393
SKU-HOU-006,Lavender Aromatherapy Mosquito Repellent Vaporizer Pack,Household Essentials,12,2024-03-18,168,33432.0,120.0,199.0,96,143,12,110,129,129,90.25,55.76,99.75,41.71,0.418,1.064,0,0.0,0,12,0.9927,0.1205
SKU-HOU-006,Lavender Aromatherapy Mosquito Repellent Vaporizer Pack,Household Essentials,13,2024-03-25,88,14885.2,120.0,199.0,168,96,143,12,82,82,104.75,68.66,104.62,47.5,0.454,1.604,1,0.15,0,13,1.0,0.0
SKU-HOU-006,Lavender Aromatherapy Mosquito Repellent Vaporizer Pack,Household Essentials,14,2024-04-01,44,8756.0,120.0,199.0,88,168,96,143,91,91,123.75,38.2,105.38,47.13,0.447,0.711,0,0.0,0,14,0.9927,-0.1205
SKU-HOU-006,Lavender Aromatherapy Mosquito Repellent Vaporizer Pack,Household Essentials,15,2024-04-08,102,20298.0,120.0,199.0,44,88,168,96,135,135,99.0,51.37,99.5,51.87,0.521,0.444,0,0.0,0,15,0.9709,-0.2393
SKU-HOU-006,Lavender Aromatherapy Mosquito Repellent Vaporizer Pack,Household Essentials,16,2024-04-15,21,4179.0,120.0,199.0,102,44,88,168,110,110,100.5,51.34,95.38,49.92,0.523,1.015,0,0.0,0,16,0.935,-0.3546
SKU-HOU-006,Lavender Aromatherapy Mosquito Repellent Vaporizer Pack,Household Essentials,17,2024-04-22,83,16517.0,120.0,199.0,21,102,44,88,12,12,63.75,37.72,84.25,55.77,0.662,0.329,0,0.0,0,17,0.8855,-0.4647
SKU-HOU-006,Lavender Aromatherapy Mosquito Repellent Vaporizer Pack,Household Essentials,18,2024-04-29,149,29651.0,120.0,199.0,83,21,102,44,143,143,62.5,36.72,93.12,47.7,0.512,1.328,0,0.0,1,18,0.823,-0.5681
SKU-HOU-006,Lavender Aromatherapy Mosquito Repellent Vaporizer Pack,Household Essentials,19,2024-05-06,128,25472.0,120.0,199.0,149,83,21,102,96,96,88.75,53.01,93.88,48.63,0.518,1.679,0,0.0,0,19,0.7485,-0.6631
SKU-HOU-006,Lavender Aromatherapy Mosquito Repellent Vaporizer Pack,Household Essentials,20,2024-05-13,133,22496.95,120.0,199.0,128,149,83,21,168,168,95.25,56.64,97.88,50.12,0.512,1.344,1,0.15,0,20,0.6631,-0.7485
SKU-HOU-006,Lavender Aromatherapy Mosquito Repellent Vaporizer Pack,Household Essentials,21,2024-05-20,86,17114.0,120.0,199.0,133,128,149,83,88,88,123.25,28.29,93.5,44.32,0.474,1.079,0,0.0,0,21,0.5681,-0.823
SKU-HOU-006,Lavender Aromatherapy Mosquito Repellent Vaporizer Pack,Household Essentials,22,2024-05-27,166,33034.0,120.0,199.0,86,133,128,149,44,44,124.0,26.87,93.25,44.36,0.476,0.694,0,0.0,0,22,0.4647,-0.8855
SKU-HOU-006,Lavender Aromatherapy Mosquito Repellent Vaporizer Pack,Household Essentials,23,2024-06-03,85,16915.0,120.0,199.0,166,86,133,128,102,102,128.25,32.83,108.5,45.95,0.424,1.294,0,0.0,0,23,0.3546,-0.935
SKU-HOU-006,Lavender Aromatherapy Mosquito Repellent Vaporizer Pack,Household Essentials,24,2024-06-10,51,10149.0,120.0,199.0,85,166,86,133,21,21,117.5,39.33,106.38,46.68,0.439,0.723,0,0.0,0,24,0.2393,-0.9709
SKU-HOU-006,Lavender Aromatherapy Mosquito Repellent Vaporizer Pack,Household Essentials,25,2024-06-17,93,18507.0,120.0,199.0,51,85,166,86,83,83,97.0,48.79,110.12,39.5,0.359,0.526,0,0.0,0,25,0.1205,-0.9927
SKU-HOU-006,Lavender Aromatherapy Mosquito Repellent Vaporizer Pack,Household Essentials,26,2024-06-24,121,24079.0,120.0,199.0,93,51,85,166,149,149,98.75,48.39,111.38,38.67,0.347,0.942,0,0.0,0,26,0.0,-1.0
SKU-HOU-006,Lavender Aromatherapy Mosquito Repellent Vaporizer Pack,Household Essentials,27,2024-07-01,165,27909.75,120.0,199.0,121,93,51,85,128,128,87.5,28.82,107.88,35.95,0.333,1.383,1,0.15,0,27,-0.1205,-0.9927
SKU-HOU-006,Lavender Aromatherapy Mosquito Repellent Vaporizer Pack,Household Essentials,28,2024-07-08,118,23482.0,120.0,199.0,165,121,93,51,133,133,107.5,47.93,112.5,40.94,0.364,1.535,0,0.0,1,28,-0.2393,-0.9709
SKU-HOU-006,Lavender Aromatherapy Mosquito Repellent Vaporizer Pack,Household Essentials,29,2024-07-15,74,14726.0,120.0,199.0,118,165,121,93,86,86,124.25,29.93,110.62,40.2,0.363,0.95,0,0.0,0,29,-0.3546,-0.935
SKU-HOU-006,Lavender Aromatherapy Mosquito Repellent Vaporizer Pack,Household Essentials,30,2024-07-22,96,19104.0,120.0,199.0,74,118,165,121,166,166,119.5,37.17,109.12,41.46,0.38,0.619,0,0.0,0,30,-0.4647,-0.8855
SKU-HOU-006,Lavender Aromatherapy Mosquito Repellent Vaporizer Pack,Household Essentials,31,2024-07-29,138,27462.0,120.0,199.0,96,74,118,165,85,85,113.25,38.9,100.38,34.55,0.344,0.848,0,0.0,0,31,-0.5681,-0.823
SKU-HOU-006,Lavender Aromatherapy Mosquito Repellent Vaporizer Pack,Household Essentials,32,2024-08-05,132,26268.0,120.0,199.0,138,96,74,118,51,51,106.5,27.63,107.0,36.22,0.339,1.296,0,0.0,0,32,-0.6631,-0.7485
SKU-HOU-006,Lavender Aromatherapy Mosquito Repellent Vaporizer Pack,Household Essentials,33,2024-08-12,165,32835.0,120.0,199.0,132,138,96,74,93,93,110.0,30.33,117.12,28.92,0.247,1.2,0,0.0,1,33,-0.7485,-0.6631
SKU-HOU-006,Lavender Aromatherapy Mosquito Repellent Vaporizer Pack,Household Essentials,34,2024-08-19,113,19113.95,120.0,199.0,165,132,138,96,121,121,132.75,28.39,126.12,31.43,0.249,1.243,1,0.15,0,34,-0.823,-0.5681
SKU-HOU-006,Lavender Aromatherapy Mosquito Repellent Vaporizer Pack,Household Essentials,35,2024-08-26,123,24477.0,120.0,199.0,113,165,132,138,165,165,137.0,21.49,125.12,31.74,0.254,0.825,0,0.0,0,35,-0.8855,-0.4647
SKU-HOU-006,Lavender Aromatherapy Mosquito Repellent Vaporizer Pack,Household Essentials,36,2024-09-02,51,10149.0,120.0,199.0,123,113,165,132,118,118,133.25,22.54,119.88,27.38,0.228,0.923,0,0.0,0,36,-0.935,-0.3546
SKU-HOU-006,Lavender Aromatherapy Mosquito Repellent Vaporizer Pack,Household Essentials,37,2024-09-09,110,21890.0,120.0,199.0,51,123,113,165,74,74,113.0,47.07,111.5,36.7,0.329,0.451,0,0.0,0,37,-0.9709,-0.2393
SKU-HOU-006,Lavender Aromatherapy Mosquito Repellent Vaporizer Pack,Household Essentials,38,2024-09-16,75,14925.0,120.0,199.0,110,51,123,113,96,96,99.25,32.64,116.0,33.51,0.289,1.108,0,0.0,0,38,-0.9927,-0.1205
SKU-HOU-006,Lavender Aromatherapy Mosquito Repellent Vaporizer Pack,Household Essentials,39,2024-09-23,89,17711.0,120.0,199.0,75,110,51,123,138,138,89.75,32.84,113.38,36.03,0.318,0.836,0,0.0,0,39,-1.0,-0.0
SKU-HOU-006,Lavender Aromatherapy Mosquito Repellent Vaporizer Pack,Household Essentials,40,2024-09-30,107,21293.0,120.0,199.0,89,75,110,51,132,132,81.25,24.77,107.25,35.4,0.33,1.095,0,0.0,0,40,-0.9927,0.1205
SKU-HOU-006,Lavender Aromatherapy Mosquito Repellent Vaporizer Pack,Household Essentials,41,2024-10-07,249,42118.35,120.0,199.0,107,89,75,110,165,165,95.25,16.38,104.12,33.98,0.326,1.123,1,0.15,1,41,-0.9709,0.2393
SKU-HOU-006,Lavender Aromatherapy Mosquito Repellent Vaporizer Pack,Household Essentials,42,2024-10-14,123,24477.0,120.0,199.0,249,107,89,75,113,113,130.0,80.41,114.62,59.14,0.516,1.915,0,0.0,0,42,-0.935,0.3546
SKU-HOU-006,Lavender Aromatherapy Mosquito Repellent Vaporizer Pack,Household Essentials,43,2024-10-21,99,19701.0,120.0,199.0,123,249,107,89,123,123,142.0,72.67,115.88,59.21,0.511,0.866,0,0.0,0,43,-0.8855,0.4647
SKU-HOU-006,Lavender Aromatherapy Mosquito Repellent Vaporizer Pack,Household Essentials,44,2024-10-28,221,43979.0,120.0,199.0,99,123,249,107,51,51,144.5,70.38,112.88,59.4,0.526,0.685,0,0.0,1,44,-0.823,0.5681
SKU-HOU-006,Lavender Aromatherapy Mosquito Repellent Vaporizer Pack,Household Essentials,45,2024-11-04,112,22288.0,120.0,199.0,221,99,123,249,110,110,173.0,73.16,134.12,64.31,0.479,1.277,0,0.0,0,45,-0.7485,0.6631
SKU-HOU-006,Lavender Aromatherapy Mosquito Repellent Vaporizer Pack,Household Essentials,46,2024-11-11,65,12935.0,120.0,199.0,112,221,99,123,75,75,138.75,55.7,134.38,64.21,0.478,0.807,0,0.0,0,46,-0.6631,0.7485
SKU-HOU-006,Lavender Aromatherapy Mosquito Repellent Vaporizer Pack,Household Essentials,47,2024-11-18,140,27860.0,120.0,199.0,65,112,221,99,89,89,124.25,67.48,133.12,65.61,0.493,0.523,0,0.0,0,47,-0.5681,0.823
SKU-HOU-006,Lavender Aromatherapy Mosquito Repellent Vaporizer Pack,Household Essentials,48,2024-11-25,171,28924.65,120.0,199.0,140,65,112,221,107,107,134.5,65.44,139.5,63.14,0.453,1.041,1,0.15,0,48,-0.4647,0.8855
SKU-HOU-006,Lavender Aromatherapy Mosquito Repellent Vaporizer Pack,Household Essentials,49,2024-12-02,73,14527.0,120.0,199.0,171,140,65,112,249,249,122.0,45.0,147.5,62.49,0.424,1.402,0,0.0,0,49,-0.3546,0.935
SKU-HOU-006,Lavender Aromatherapy Mosquito Repellent Vaporizer Pack,Household Essentials,50,2024-12-09,120,23880.0,120.0,199.0,73,171,140,65,123,123,112.25,51.62,125.5,51.7,0.412,0.65,0,0.0,0,50,-0.2393,0.9709
SKU-HOU-006,Lavender Aromatherapy Mosquito Repellent Vaporizer Pack,Household Essentials,51,2024-12-16,86,17114.0,120.0,199.0,120,73,171,140,99,99,126.0,41.09,125.12,51.73,0.413,0.952,0,0.0,1,51,-0.1205,0.9927
SKU-HOU-006,Lavender Aromatherapy Mosquito Repellent Vaporizer Pack,Household Essentials,52,2024-12-23,69,13731.0,120.0,199.0,86,120,73,171,221,221,112.5,43.75,123.5,52.86,0.428,0.764,0,0.0,0,52,-0.0,1.0
SKU-HOU-006,Lavender Aromatherapy Mosquito Repellent Vaporizer Pack,Household Essentials,53,2024-12-30,96,19104.0,120.0,199.0,69,86,120,73,112,75,87.0,23.17,104.5,38.05,0.364,0.793,0,0.0,0,1,0.1205,0.9927
SKU-HOU-006,Lavender Aromatherapy Mosquito Repellent Vaporizer Pack,Household Essentials,54,2025-01-06,204,40596.0,120.0,199.0,96,69,86,120,65,114,92.75,21.31,102.5,38.02,0.371,1.035,0,0.0,0,2,0.2393,0.9709
SKU-HOU-006,Lavender Aromatherapy Mosquito Repellent Vaporizer Pack,Household Essentials,55,2025-01-13,215,36367.25,120.0,199.0,204,96,69,86,140,113,113.75,61.19,119.88,48.7,0.406,1.793,1,0.15,1,3,0.3546,0.935
SKU-HOU-006,Lavender Aromatherapy Mosquito Repellent Vaporizer Pack,Household Essentials,56,2025-01-20,105,20895.0,120.0,199.0,215,204,96,69,171,129,146.0,74.28,129.25,59.21,0.458,1.473,0,0.0,0,4,0.4647,0.8855
SKU-HOU-006,Lavender Aromatherapy Mosquito Repellent Vaporizer Pack,Household Essentials,57,2025-01-27,156,31044.0,120.0,199.0,105,215,204,96,73,82,155.0,63.2,121.0,57.12,0.472,0.677,0,0.0,0,5,0.5681,0.823
SKU-HOU-006,Lavender Aromatherapy Mosquito Repellent Vaporizer Pack,Household Essentials,58,2025-02-03,195,38805.0,120.0,199.0,156,105,215,204,120,91,170.0,50.34,131.38,54.64,0.416,0.918,0,0.0,0,6,0.6631,0.7485
SKU-HOU-006,Lavender Aromatherapy Mosquito Repellent Vaporizer Pack,Household Essentials,59,2025-02-10,154,30646.0,120.0,199.0,195,156,105,215,86,135,167.75,48.48,140.75,58.69,0.417,1.162,0,0.0,0,7,0.7485,0.6631
SKU-HOU-006,Lavender Aromatherapy Mosquito Repellent Vaporizer Pack,Household Essentials,60,2025-02-17,166,33034.0,120.0,199.0,154,195,156,105,69,110,152.5,36.86,149.25,54.4,0.364,1.01,0,0.0,0,8,0.823,0.5681
SKU-HOU-006,Lavender Aromatherapy Mosquito Repellent Vaporizer Pack,Household Essentials,61,2025-02-24,175,34825.0,120.0,199.0,166,154,195,156,96,12,167.75,18.91,161.38,43.72,0.271,0.99,0,0.0,0,9,0.8855,0.4647
SKU-HOU-006,Lavender Aromatherapy Mosquito Repellent Vaporizer Pack,Household Essentials,62,2025-03-03,232,39242.8,120.0,199.0,175,166,154,195,204,143,172.5,17.29,171.25,34.87,0.204,1.014,1,0.15,0,10,0.935,0.3546
SKU-HOU-006,Lavender Aromatherapy Mosquito Repellent Vaporizer Pack,Household Essentials,63,2025-03-10,52,10348.0,120.0,199.0,232,175,166,154,215,96,181.75,34.59,174.75,39.7,0.227,1.276,0,0.0,1,11,0.9709,0.2393
SKU-HOU-006,Lavender Aromatherapy Mosquito Repellent Vaporizer Pack,Household Essentials,64,2025-03-17,159,31641.0,120.0,199.0,52,232,175,166,105,168,156.25,75.39,154.38,54.98,0.356,0.333,0,0.0,0,12,0.9927,0.1205
SKU-HOU-006,Lavender Aromatherapy Mosquito Repellent Vaporizer Pack,Household Essentials,65,2025-03-24,194,38606.0,120.0,199.0,159,52,232,175,156,88,154.5,75.17,161.12,51.24,0.318,1.029,0,0.0,0,13,1.0,0.0
SKU-HOU-006,Lavender Aromatherapy Mosquito Repellent Vaporizer Pack,Household Essentials,66,2025-03-31,176,35024.0,120.0,199.0,194,159,52,232,195,44,159.25,77.47,165.88,52.44,0.316,1.218,0,0.0,0,14,0.9927,-0.1205
SKU-HOU-006,Lavender Aromatherapy Mosquito Repellent Vaporizer Pack,Household Essentials,67,2025-04-07,159,31641.0,120.0,199.0,176,194,159,52,154,102,145.25,63.79,163.5,51.35,0.314,1.212,0,0.0,0,15,0.9709,-0.2393
SKU-HOU-006,Lavender Aromatherapy Mosquito Repellent Vaporizer Pack,Household Essentials,68,2025-04-14,79,15721.0,120.0,199.0,159,176,194,159,166,21,172.0,16.71,164.12,51.25,0.312,0.924,0,0.0,0,16,0.935,-0.3546
SKU-HOU-006,Lavender Aromatherapy Mosquito Repellent Vaporizer Pack,Household Essentials,69,2025-04-21,232,39242.8,120.0,199.0,79,159,176,194,175,83,152.0,50.72,153.25,59.38,0.387,0.52,1,0.15,0,17,0.8855,-0.4647
SKU-HOU-006,Lavender Aromatherapy Mosquito Repellent Vaporizer Pack,Household Essentials,70,2025-04-28,149,29651.0,120.0,199.0,232,79,159,176,232,149,161.5,63.23,160.38,65.47,0.408,1.437,0,0.0,1,18,0.823,-0.5681
SKU-HOU-006,Lavender Aromatherapy Mosquito Repellent Vaporizer Pack,Household Essentials,71,2025-05-05,183,36417.0,120.0,199.0,149,232,79,159,52,128,154.75,62.6,150.0,58.73,0.392,0.963,0,0.0,0,19,0.7485,-0.6631
SKU-HOU-006,Lavender Aromatherapy Mosquito Repellent Vaporizer Pack,Household Essentials,72,2025-05-12,165,32835.0,120.0,199.0,183,149,232,79,159,133,160.75,64.27,166.38,43.89,0.264,1.138,0,0.0,0,20,0.6631,-0.7485
SKU-HOU-006,Lavender Aromatherapy Mosquito Repellent Vaporizer Pack,Household Essentials,73,2025-05-19,158,31442.0,120.0,199.0,165,183,149,232,194,86,182.25,35.96,167.12,43.8,0.262,0.905,0,0.0,0,21,0.5681,-0.823
SKU-HOU-006,Lavender Aromatherapy Mosquito Repellent Vaporizer Pack,Household Essentials,74,2025-05-26,121,24079.0,120.0,199.0,158,165,183,149,176,166,163.75,14.41,162.62,42.47,0.261,0.965,0,0.0,0,22,0.4647,-0.8855
SKU-HOU-006,Lavender Aromatherapy Mosquito Repellent Vaporizer Pack,Household Essentials,75,2025-06-02,134,26666.0,120.0,199.0,121,158,165,183,159,85,156.75,26.06,155.75,44.4,0.285,0.772,0,0.0,0,23,0.3546,-0.935
SKU-HOU-006,Lavender Aromatherapy Mosquito Repellent Vaporizer Pack,Household Essentials,76,2025-06-09,230,38904.5,120.0,199.0,134,121,158,165,79,51,144.5,20.53,152.62,45.02,0.295,0.927,1,0.15,0,24,0.2393,-0.9709
SKU-HOU-006,Lavender Aromatherapy Mosquito Repellent Vaporizer Pack,Household Essentials,77,2025-06-16,137,27263.0,120.0,199.0,230,134,121,158,232,93,160.75,48.64,171.5,41.23,0.24,1.431,0,0.0,0,25,0.1205,-0.9927
SKU-HOU-006,Lavender Aromatherapy Mosquito Repellent Vaporizer Pack,Household Essentials,78,2025-06-23,101,20099.0,120.0,199.0,137,230,134,121,149,121,155.5,50.15,159.62,34.44,0.216,0.881,0,0.0,0,26,0.0,-1.0
SKU-HOU-006,Lavender Aromatherapy Mosquito Repellent Vaporizer Pack,Household Essentials,79,2025-06-30,137,27263.0,120.0,199.0,101,137,230,134,183,165,150.5,55.45,153.62,40.25,0.262,0.671,0,0.0,0,27,-0.1205,-0.9927
SKU-HOU-006,Lavender Aromatherapy Mosquito Repellent Vaporizer Pack,Household Essentials,80,2025-07-07,98,19502.0,120.0,199.0,137,101,137,230,165,118,151.25,55.17,147.88,38.71,0.262,0.906,0,0.0,1,28,-0.2393,-0.9709
SKU-HOU-006,Lavender Aromatherapy Mosquito Repellent Vaporizer Pack,Household Essentials,81,2025-07-14,159,31641.0,120.0,199.0,98,137,101,137,158,74,118.25,21.69,139.5,41.61,0.298,0.829,0,0.0,0,29,-0.3546,-0.935
SKU-HOU-006,Lavender Aromatherapy Mosquito Repellent Vaporizer Pack,Household Essentials,82,2025-07-21,89,17711.0,120.0,199.0,159,98,137,101,121,96,123.75,29.43,139.62,41.68,0.299,1.285,0,0.0,0,30,-0.4647,-0.8855
SKU-HOU-006,Lavender Aromatherapy Mosquito Repellent Vaporizer Pack,Household Essentials,83,2025-07-28,171,28924.65,120.0,199.0,89,159,98,137,134,138,120.75,32.93,135.62,45.12,0.333,0.737,1,0.15,0,31,-0.5681,-0.823
SKU-HOU-006,Lavender Aromatherapy Mosquito Repellent Vaporizer Pack,Household Essentials,84,2025-08-04,70,13930.0,120.0,199.0,171,89,159,98,230,132,129.25,41.73,140.25,46.79,0.334,1.323,0,0.0,0,32,-0.6631,-0.7485
SKU-HOU-006,Lavender Aromatherapy Mosquito Repellent Vaporizer Pack,Household Essentials,85,2025-08-11,90,17910.0,120.0,199.0,70,171,89,159,137,165,122.25,50.21,120.25,35.87,0.298,0.573,0,0.0,1,33,-0.7485,-0.6631
SKU-HOU-006,Lavender Aromatherapy Mosquito Repellent Vaporizer Pack,Household Essentials,86,2025-08-18,145,28855.0,120.0,199.0,90,70,171,89,101,113,105.0,44.95,114.38,36.57,0.32,0.857,0,0.0,0,34,-0.823,-0.5681
SKU-HOU-006,Lavender Aromatherapy Mosquito Repellent Vaporizer Pack,Household Essentials,87,2025-08-25,45,8955.0,120.0,199.0,145,90,70,171,137,123,119.0,46.98,119.88,37.57,0.313,1.218,0,0.0,0,35,-0.8855,-0.4647
SKU-HOU-006,Lavender Aromatherapy Mosquito Repellent Vaporizer Pack,Household Essentials,88,2025-09-01,101,20099.0,120.0,199.0,45,145,90,70,98,51,87.5,42.52,108.38,44.94,0.415,0.514,0,0.0,0,36,-0.935,-0.3546
SKU-HOU-006,Lavender Aromatherapy Mosquito Repellent Vaporizer Pack,Household Essentials,89,2025-09-08,127,25273.0,120.0,199.0,101,45,145,90,159,110,95.25,41.07,108.75,44.85,0.412,1.06,0,0.0,0,37,-0.9709,-0.2393
SKU-HOU-006,Lavender Aromatherapy Mosquito Repellent Vaporizer Pack,Household Essentials,90,2025-09-15,76,12855.4,120.0,199.0,127,101,45,145,89,75,104.5,43.59,104.75,40.99,0.391,1.215,1,0.15,0,38,-0.9927,-0.1205
SKU-HOU-006,Lavender Aromatherapy Mosquito Repellent Vaporizer Pack,Household Essentials,91,2025-09-22,61,12139.0,120.0,199.0,76,127,101,45,171,89,87.25,35.03,103.12,41.95,0.407,0.871,0,0.0,0,39,-1.0,-0.0
SKU-HOU-006,Lavender Aromatherapy Mosquito Repellent Vaporizer Pack,Household Essentials,92,2025-09-29,136,27064.0,120.0,199.0,61,76,127,101,70,107,91.25,28.99,89.38,33.75,0.378,0.668,0,0.0,0,40,-0.9927,0.1205
SKU-HOU-006,Lavender Aromatherapy Mosquito Repellent Vaporizer Pack,Household Essentials,93,2025-10-06,102,20298.0,120.0,199.0,136,61,76,127,90,249,100.0,37.07,97.62,36.31,0.372,1.36,0,0.0,1,41,-0.9709,0.2393
SKU-HOU-006,Lavender Aromatherapy Mosquito Repellent Vaporizer Pack,Household Essentials,94,2025-10-13,141,28059.0,120.0,199.0,102,136,61,76,145,123,93.75,32.87,99.12,36.2,0.365,1.088,0,0.0,0,42,-0.935,0.3546
SKU-HOU-006,Lavender Aromatherapy Mosquito Repellent Vaporizer Pack,Household Essentials,95,2025-10-20,123,24477.0,120.0,199.0,141,102,136,61,45,99,110.0,36.98,98.62,35.49,0.36,1.282,0,0.0,0,43,-0.8855,0.4647
SKU-HOU-006,Lavender Aromatherapy Mosquito Repellent Vaporizer Pack,Household Essentials,96,2025-10-27,232,46168.0,120.0,199.0,123,141,102,136,101,221,125.5,17.41,108.38,28.72,0.265,0.98,0,0.0,1,44,-0.823,0.5681
SKU-HOU-006,Lavender Aromatherapy Mosquito Repellent Vaporizer Pack,Household Essentials,97,2025-11-03,161,27233.15,120.0,199.0,232,123,141,102,127,112,149.5,57.26,124.75,51.91,0.416,1.552,1,0.15,0,45,-0.7485,0.6631
SKU-HOU-006,Lavender Aromatherapy Mosquito Repellent Vaporizer Pack,Household Essentials,98,2025-11-10,181,36019.0,120.0,199.0,161,232,123,141,76,65,164.25,47.76,129.0,53.48,0.415,0.98,0,0.0,0,46,-0.6631,0.7485
SKU-HOU-006,Lavender Aromatherapy Mosquito Repellent Vaporizer Pack,Household Essentials,99,2025-11-17,91,18109.0,120.0,199.0,181,161,232,123,61,140,174.25,45.4,142.12,51.47,0.362,1.039,0,0.0,0,47,-0.5681,0.823
SKU-HOU-006,Lavender Aromatherapy Mosquito Repellent Vaporizer Pack,Household Essentials,100,2025-11-24,123,24477.0,120.0,199.0,91,181,161,232,136,171,166.25,58.4,145.88,45.45,0.312,0.547,0,0.0,0,48,-0.4647,0.8855
SKU-HOU-006,Lavender Aromatherapy Mosquito Repellent Vaporizer Pack,Household Essentials,101,2025-12-01,72,14328.0,120.0,199.0,123,91,181,161,102,73,139.0,40.03,144.25,46.08,0.319,0.885,0,0.0,0,49,-0.3546,0.935
SKU-HOU-006,Lavender Aromatherapy Mosquito Repellent Vaporizer Pack,Household Essentials,102,2025-12-08,78,15522.0,120.0,199.0,72,123,91,181,141,120,116.75,47.72,140.5,50.97,0.363,0.617,0,0.0,0,50,-0.2393,0.9709
SKU-HOU-006,Lavender Aromatherapy Mosquito Repellent Vaporizer Pack,Household Essentials,103,2025-12-15,222,44178.0,120.0,199.0,78,72,123,91,123,86,91.0,22.76,132.62,55.55,0.419,0.857,0,0.0,1,51,-0.1205,0.9927
SKU-HOU-006,Lavender Aromatherapy Mosquito Repellent Vaporizer Pack,Household Essentials,104,2025-12-22,193,32645.95,120.0,199.0,222,78,72,123,232,69,123.75,69.34,145.0,63.55,0.438,1.794,1,0.15,0,52,-0.0,1.0
SKU-PER-001,Bhringraj & Onion Hair Fall Control Shampoo 300ml,Personal Care,1,2024-01-01,76,22724.0,180.0,299.0,76,76,76,76,76,76,76.0,0.0,76.0,0.0,0.0,1.0,0,0.0,0,1,0.1205,0.9927
SKU-PER-001,Bhringraj & Onion Hair Fall Control Shampoo 300ml,Personal Care,2,2024-01-08,141,35835.15,180.0,299.0,76,76,76,76,76,76,76.0,0.0,76.0,0.0,0.0,1.0,1,0.15,0,2,0.2393,0.9709
SKU-PER-001,Bhringraj & Onion Hair Fall Control Shampoo 300ml,Personal Care,3,2024-01-15,182,54418.0,180.0,299.0,141,76,76,76,76,76,108.5,45.96,108.5,45.96,0.424,1.3,0,0.0,1,3,0.3546,0.935
SKU-PER-001,Bhringraj & Onion Hair Fall Control Shampoo 300ml,Personal Care,4,2024-01-22,114,34086.0,180.0,299.0,182,141,76,76,76,76,133.0,53.45,133.0,53.45,0.402,1.368,0,0.0,0,4,0.4647,0.8855
SKU-PER-001,Bhringraj & Onion Hair Fall Control Shampoo 300ml,Personal Care,5,2024-01-29,120,35880.0,180.0,299.0,114,182,141,76,76,76,128.25,44.66,128.25,44.66,0.348,0.889,0,0.0,0,5,0.5681,0.823
SKU-PER-001,Bhringraj & Onion Hair Fall Control Shampoo 300ml,Personal Care,6,2024-02-05,121,36179.0,180.0,299.0,120,114,182,141,141,141,139.25,30.76,126.6,38.86,0.307,0.862,0,0.0,0,6,0.6631,0.7485
SKU-PER-001,Bhringraj & Onion Hair Fall Control Shampoo 300ml,Personal Care,7,2024-02-12,102,30498.0,180.0,299.0,121,120,114,182,182,182,134.25,31.98,125.67,34.83,0.277,0.901,0,0.0,0,7,0.7485,0.6631
SKU-PER-001,Bhringraj & Onion Hair Fall Control Shampoo 300ml,Personal Care,8,2024-02-19,136,40664.0,180.0,299.0,102,121,120,114,114,114,114.25,8.73,122.29,33.03,0.27,0.893,0,0.0,0,8,0.823,0.5681
SKU-PER-001,Bhringraj & Onion Hair Fall Control Shampoo 300ml,Personal Care,9,2024-02-26,185,47017.75,180.0,299.0,136,102,121,120,76,76,119.75,13.91,124.0,30.96,0.25,1.136,1,0.15,0,9,0.8855,0.4647
SKU-PER-001,Bhringraj & Onion Hair Fall Control Shampoo 300ml,Personal Care,10,2024-03-04,116,34684.0,180.0,299.0,185,136,102,121,141,141,136.0,35.51,137.62,30.8,0.224,1.36,0,0.0,0,10,0.935,0.3546
SKU-PER-001,Bhringraj & Onion Hair Fall Control Shampoo 300ml,Personal Care,11,2024-03-11,153,45747.0,180.0,299.0,116,185,136,102,182,182,134.75,36.29,134.5,31.67,0.235,0.861,0,0.0,1,11,0.9709,0.2393
SKU-PER-001,Bhringraj & Onion Hair Fall Control Shampoo 300ml,Personal Care,12,2024-03-18,91,27209.0,180.0,299.0,153,116,185,136,114,114,147.5,29.22,130.88,26.73,0.204,1.037,0,0.0,0,12,0.9927,0.1205
SKU-PER-001,Bhringraj & Onion Hair Fall Control Shampoo 300ml,Personal Care,13,2024-03-25,125,37375.0,180.0,299.0,91,153,116,185,120,120,136.25,41.29,128.0,29.86,0.233,0.668,0,0.0,0,13,1.0,0.0
SKU-PER-001,Bhringraj & Onion Hair Fall Control Shampoo 300ml,Personal Care,14,2024-04-01,157,46943.0,180.0,299.0,125,91,153,116,121,121,121.25,25.59,128.62,29.72,0.231,1.031,0,0.0,0,14,0.9927,-0.1205
SKU-PER-001,Bhringraj & Onion Hair Fall Control Shampoo 300ml,Personal Care,15,2024-04-08,199,59501.0,180.0,299.0,157,125,91,153,102,102,131.5,30.52,133.12,31.09,0.234,1.194,0,0.0,0,15,0.9709,-0.2393
SKU-PER-001,Bhringraj & Onion Hair Fall Control Shampoo 300ml,Personal Care,16,2024-04-15,213,54133.95,180.0,299.0,199,157,125,91,136,136,143.0,46.04,145.25,35.78,0.246,1.392,1,0.15,0,16,0.935,-0.3546
SKU-PER-001,Bhringraj & Onion Hair Fall Control Shampoo 300ml,Personal Care,17,2024-04-22,69,20631.0,180.0,299.0,213,199,157,125,185,185,173.5,40.15,154.88,42.64,0.275,1.228,0,0.0,0,17,0.8855,-0.4647
SKU-PER-001,Bhringraj & Onion Hair Fall Control Shampoo 300ml,Personal Care,18,2024-04-29,245,73255.0,180.0,299.0,69,213,199,157,116,116,159.5,64.86,140.38,50.01,0.356,0.433,0,0.0,1,18,0.823,-0.5681
SKU-PER-001,Bhringraj & Onion Hair Fall Control Shampoo 300ml,Personal Care,19,2024-05-06,162,48438.0,180.0,299.0,245,69,213,199,153,153,181.5,77.43,156.5,60.69,0.388,1.35,0,0.0,0,19,0.7485,-0.6631
SKU-PER-001,Bhringraj & Onion Hair Fall Control Shampoo 300ml,Personal Care,20,2024-05-13,197,58903.0,180.0,299.0,162,245,69,213,91,91,172.25,76.85,157.62,60.7,0.385,0.94,0,0.0,0,20,0.6631,-0.7485
SKU-PER-001,Bhringraj & Onion Hair Fall Control Shampoo 300ml,Personal Care,21,2024-05-20,135,40365.0,180.0,299.0,197,162,245,69,125,125,168.25,74.4,170.88,55.42,0.324,1.171,0,0.0,0,21,0.5681,-0.823
SKU-PER-001,Bhringraj & Onion Hair Fall Control Shampoo 300ml,Personal Care,22,2024-05-27,140,41860.0,180.0,299.0,135,197,162,245,157,157,184.75,47.51,172.12,54.34,0.316,0.731,0,0.0,0,22,0.4647,-0.8855
SKU-PER-001,Bhringraj & Onion Hair Fall Control Shampoo 300ml,Personal Care,23,2024-06-03,144,36597.6,180.0,299.0,140,135,197,162,199,199,158.5,28.22,170.0,55.34,0.326,0.883,1,0.15,0,23,0.3546,-0.935
SKU-PER-001,Bhringraj & Onion Hair Fall Control Shampoo 300ml,Personal Care,24,2024-06-10,96,28704.0,180.0,299.0,144,140,135,197,213,213,154.0,28.9,163.12,54.63,0.335,0.935,0,0.0,0,24,0.2393,-0.9709
SKU-PER-001,Bhringraj & Onion Hair Fall Control Shampoo 300ml,Personal Care,25,2024-06-17,106,31694.0,180.0,299.0,96,144,140,135,69,69,128.75,22.14,148.5,55.03,0.371,0.746,0,0.0,0,25,0.1205,-0.9927
SKU-PER-001,Bhringraj & Onion Hair Fall Control Shampoo 300ml,Personal Care,26,2024-06-24,69,20631.0,180.0,299.0,106,96,144,140,245,245,121.5,24.08,153.12,48.57,0.317,0.872,0,0.0,0,26,0.0,-1.0
SKU-PER-001,Bhringraj & Onion Hair Fall Control Shampoo 300ml,Personal Care,27,2024-07-01,80,23920.0,180.0,299.0,69,106,96,144,162,162,103.75,31.05,131.12,40.14,0.306,0.665,0,0.0,0,27,-0.1205,-0.9927
SKU-PER-001,Bhringraj & Onion Hair Fall Control Shampoo 300ml,Personal Care,28,2024-07-08,80,23920.0,180.0,299.0,80,69,106,96,197,197,87.75,16.46,120.88,41.57,0.344,0.912,0,0.0,1,28,-0.2393,-0.9709
SKU-PER-001,Bhringraj & Onion Hair Fall Control Shampoo 300ml,Personal Care,29,2024-07-15,120,35880.0,180.0,299.0,80,80,69,106,135,135,83.75,15.71,106.25,29.91,0.281,0.955,0,0.0,0,29,-0.3546,-0.935
SKU-PER-001,Bhringraj & Onion Hair Fall Control Shampoo 300ml,Personal Care,30,2024-07-22,138,35072.7,180.0,299.0,120,80,80,69,140,140,87.25,22.44,104.38,28.27,0.271,1.375,1,0.15,0,30,-0.4647,-0.8855
SKU-PER-001,Bhringraj & Onion Hair Fall Control Shampoo 300ml,Personal Care,31,2024-07-29,150,44850.0,180.0,299.0,138,120,80,80,144,144,104.5,29.23,104.12,27.92,0.268,1.321,0,0.0,0,31,-0.5681,-0.823
SKU-PER-001,Bhringraj & Onion Hair Fall Control Shampoo 300ml,Personal Care,32,2024-08-05,77,23023.0,180.0,299.0,150,138,120,80,96,96,122.0,30.59,104.88,29.2,0.278,1.23,0,0.0,0,32,-0.6631,-0.7485
SKU-PER-001,Bhringraj & Onion Hair Fall Control Shampoo 300ml,Personal Care,33,2024-08-12,124,37076.0,180.0,299.0,77,150,138,120,106,106,121.25,31.97,102.5,30.75,0.3,0.635,0,0.0,1,33,-0.7485,-0.6631
SKU-PER-001,Bhringraj & Onion Hair Fall Control Shampoo 300ml,Personal Care,34,2024-08-19,100,29900.0,180.0,299.0,124,77,150,138,69,69,122.25,31.98,104.75,31.69,0.303,1.014,0,0.0,0,34,-0.823,-0.5681
SKU-PER-001,Bhringraj & Onion Hair Fall Control Shampoo 300ml,Personal Care,35,2024-08-26,92,27508.0,180.0,299.0,100,124,77,150,80,80,112.75,31.38,108.62,28.42,0.262,0.887,0,0.0,0,35,-0.8855,-0.4647
SKU-PER-001,Bhringraj & Onion Hair Fall Control Shampoo 300ml,Personal Care,36,2024-09-02,111,33189.0,180.0,299.0,92,100,124,77,80,80,98.25,19.64,110.12,26.97,0.245,0.936,0,0.0,0,36,-0.935,-0.3546
SKU-PER-001,Bhringraj & Onion Hair Fall Control Shampoo 300ml,Personal Care,37,2024-09-09,98,24906.7,180.0,299.0,111,92,100,124,120,120,106.75,13.89,114.0,24.1,0.211,1.04,1,0.15,0,37,-0.9709,-0.2393
SKU-PER-001,Bhringraj & Onion Hair Fall Control Shampoo 300ml,Personal Care,38,2024-09-16,87,26013.0,180.0,299.0,98,111,92,100,138,138,100.25,7.93,111.25,24.57,0.221,0.978,0,0.0,0,38,-0.9927,-0.1205
SKU-PER-001,Bhringraj & Onion Hair Fall Control Shampoo 300ml,Personal Care,39,2024-09-23,97,29003.0,180.0,299.0,87,98,111,92,150,150,97.0,10.36,104.88,23.22,0.221,0.897,0,0.0,0,39,-1.0,-0.0
SKU-PER-001,Bhringraj & Onion Hair Fall Control Shampoo 300ml,Personal Care,40,2024-09-30,142,42458.0,180.0,299.0,97,87,98,111,77,77,98.25,9.84,98.25,14.38,0.146,0.987,0,0.0,0,40,-0.9927,0.1205
SKU-PER-001,Bhringraj & Onion Hair Fall Control Shampoo 300ml,Personal Care,41,2024-10-07,155,46345.0,180.0,299.0,142,97,87,98,124,124,106.0,24.51,106.38,18.45,0.173,1.34,0,0.0,1,41,-0.9709,0.2393
SKU-PER-001,Bhringraj & Onion Hair Fall Control Shampoo 300ml,Personal Care,42,2024-10-14,88,26312.0,180.0,299.0,155,142,97,87,100,100,120.25,33.3,110.25,24.83,0.225,1.289,0,0.0,0,42,-0.935,0.3546
SKU-PER-001,Bhringraj & Onion Hair Fall Control Shampoo 300ml,Personal Care,43,2024-10-21,109,32591.0,180.0,299.0,88,155,142,97,92,92,120.5,32.97,108.75,25.88,0.238,0.73,0,0.0,0,43,-0.8855,0.4647
SKU-PER-001,Bhringraj & Onion Hair Fall Control Shampoo 300ml,Personal Care,44,2024-10-28,392,99626.8,180.0,299.0,109,88,155,142,111,111,123.5,30.58,110.88,24.99,0.225,0.883,1,0.15,1,44,-0.823,0.5681
SKU-PER-001,Bhringraj & Onion Hair Fall Control Shampoo 300ml,Personal Care,45,2024-11-04,112,33488.0,180.0,299.0,392,109,88,155,98,98,186.0,140.15,146.0,102.49,0.702,2.108,0,0.0,0,45,-0.7485,0.6631
SKU-PER-001,Bhringraj & Onion Hair Fall Control Shampoo 300ml,Personal Care,46,2024-11-11,100,29900.0,180.0,299.0,112,392,109,88,87,87,175.25,144.89,147.75,101.67,0.688,0.639,0,0.0,0,46,-0.6631,0.7485
SKU-PER-001,Bhringraj & Onion Hair Fall Control Shampoo 300ml,Personal Care,47,2024-11-18,131,39169.0,180.0,299.0,100,112,392,109,97,97,178.25,142.59,149.38,100.66,0.674,0.561,0,0.0,0,47,-0.5681,0.823
SKU-PER-001,Bhringraj & Onion Hair Fall Control Shampoo 300ml,Personal Care,48,2024-11-25,141,42159.0,180.0,299.0,131,100,112,392,142,142,183.75,139.42,153.62,98.83,0.643,0.713,0,0.0,0,48,-0.4647,0.8855
SKU-PER-001,Bhringraj & Onion Hair Fall Control Shampoo 300ml,Personal Care,49,2024-12-02,133,39767.0,180.0,299.0,141,131,100,112,155,155,121.0,18.46,153.5,98.85,0.644,1.165,0,0.0,0,49,-0.3546,0.935
SKU-PER-001,Bhringraj & Onion Hair Fall Control Shampoo 300ml,Personal Care,50,2024-12-09,99,29601.0,180.0,299.0,133,141,131,100,88,88,126.25,18.03,150.75,99.11,0.657,1.053,0,0.0,0,50,-0.2393,0.9709
SKU-PER-001,Bhringraj & Onion Hair Fall Control Shampoo 300ml,Personal Care,51,2024-12-16,245,62266.75,180.0,299.0,99,133,141,131,109,109,126.0,18.51,152.12,98.19,0.645,0.786,1,0.15,1,51,-0.1205,0.9927
SKU-PER-001,Bhringraj & Onion Hair Fall Control Shampoo 300ml,Personal Care,52,2024-12-23,101,30199.0,180.0,299.0,245,99,133,141,392,392,154.5,63.02,169.12,101.38,0.599,1.586,0,0.0,0,52,-0.0,1.0
SKU-PER-001,Bhringraj & Onion Hair Fall Control Shampoo 300ml,Personal Care,53,2024-12-30,132,39468.0,180.0,299.0,101,245,99,133,112,76,144.5,68.79,132.75,48.29,0.364,0.699,0,0.0,0,1,0.1205,0.9927
SKU-PER-001,Bhringraj & Onion Hair Fall Control Shampoo 300ml,Personal Care,54,2025-01-06,119,35581.0,180.0,299.0,132,101,245,99,100,141,144.25,68.84,135.25,47.57,0.352,0.915,0,0.0,0,2,0.2393,0.9709
SKU-PER-001,Bhringraj & Onion Hair Fall Control Shampoo 300ml,Personal Care,55,2025-01-13,145,43355.0,180.0,299.0,119,132,101,245,131,182,149.25,65.09,137.62,46.01,0.334,0.797,0,0.0,1,3,0.3546,0.935
SKU-PER-001,Bhringraj & Onion Hair Fall Control Shampoo 300ml,Personal Care,56,2025-01-20,136,40664.0,180.0,299.0,145,119,132,101,141,114,124.25,18.79,139.38,45.99,0.33,1.167,0,0.0,0,4,0.4647,0.8855
SKU-PER-001,Bhringraj & Onion Hair Fall Control Shampoo 300ml,Personal Care,57,2025-01-27,140,41860.0,180.0,299.0,136,145,119,132,133,120,133.0,10.8,138.75,46.0,0.332,1.023,0,0.0,0,5,0.5681,0.823
SKU-PER-001,Bhringraj & Onion Hair Fall Control Shampoo 300ml,Personal Care,58,2025-02-03,154,39139.1,180.0,299.0,140,136,145,119,99,121,135.0,11.28,139.62,45.94,0.329,1.037,1,0.15,0,6,0.6631,0.7485
SKU-PER-001,Bhringraj & Onion Hair Fall Control Shampoo 300ml,Personal Care,59,2025-02-10,117,34983.0,180.0,299.0,154,140,136,145,245,102,143.75,7.76,146.5,43.01,0.294,1.071,0,0.0,0,7,0.7485,0.6631
SKU-PER-001,Bhringraj & Onion Hair Fall Control Shampoo 300ml,Personal Care,60,2025-02-17,128,38272.0,180.0,299.0,117,154,140,136,101,136,136.75,15.26,130.5,17.2,0.132,0.856,0,0.0,0,8,0.823,0.5681
SKU-PER-001,Bhringraj & Onion Hair Fall Control Shampoo 300ml,Personal Care,61,2025-02-24,130,38870.0,180.0,299.0,128,117,154,140,132,185,134.75,15.9,133.88,12.62,0.094,0.95,0,0.0,0,9,0.8855,0.4647
SKU-PER-001,Bhringraj & Onion Hair Fall Control Shampoo 300ml,Personal Care,62,2025-03-03,130,38870.0,180.0,299.0,130,128,117,154,119,116,132.25,15.59,133.62,12.68,0.095,0.983,0,0.0,0,10,0.935,0.3546
SKU-PER-001,Bhringraj & Onion Hair Fall Control Shampoo 300ml,Personal Care,63,2025-03-10,207,61893.0,180.0,299.0,130,130,128,117,145,153,126.25,6.24,135.0,11.4,0.084,1.03,0,0.0,1,11,0.9709,0.2393
SKU-PER-001,Bhringraj & Onion Hair Fall Control Shampoo 300ml,Personal Care,64,2025-03-17,168,50232.0,180.0,299.0,207,130,130,128,136,91,148.75,38.84,142.75,28.06,0.197,1.392,0,0.0,0,12,0.9927,0.1205
SKU-PER-001,Bhringraj & Onion Hair Fall Control Shampoo 300ml,Personal Care,65,2025-03-24,170,43205.5,180.0,299.0,168,207,130,130,140,125,158.75,36.82,146.75,29.22,0.199,1.058,1,0.15,0,13,1.0,0.0
SKU-PER-001,Bhringraj & Onion Hair Fall Control Shampoo 300ml,Personal Care,66,2025-03-31,208,62192.0,180.0,299.0,170,168,207,130,154,157,168.75,31.45,150.5,30.14,0.2,1.007,0,0.0,0,14,0.9927,-0.1205
SKU-PER-001,Bhringraj & Onion Hair Fall Control Shampoo 300ml,Personal Care,67,2025-04-07,231,69069.0,180.0,299.0,208,170,168,207,117,199,188.25,22.25,157.25,36.43,0.232,1.105,0,0.0,0,15,0.9709,-0.2393
SKU-PER-001,Bhringraj & Onion Hair Fall Control Shampoo 300ml,Personal Care,68,2025-04-14,142,42458.0,180.0,299.0,231,208,170,168,128,213,194.25,30.64,171.5,40.5,0.236,1.189,0,0.0,0,16,0.935,-0.3546
SKU-PER-001,Bhringraj & Onion Hair Fall Control Shampoo 300ml,Personal Care,69,2025-04-21,143,42757.0,180.0,299.0,142,231,208,170,130,69,187.75,39.53,173.25,38.61,0.223,0.756,0,0.0,0,17,0.8855,-0.4647
SKU-PER-001,Bhringraj & Onion Hair Fall Control Shampoo 300ml,Personal Care,70,2025-04-28,278,83122.0,180.0,299.0,143,142,231,208,130,245,181.0,45.44,174.88,36.76,0.21,0.79,0,0.0,1,18,0.823,-0.5681
SKU-PER-001,Bhringraj & Onion Hair Fall Control Shampoo 300ml,Personal Care,71,2025-05-05,191,57109.0,180.0,299.0,278,143,142,231,207,162,198.5,67.45,193.38,46.82,0.242,1.401,0,0.0,0,19,0.7485,-0.6631
SKU-PER-001,Bhringraj & Onion Hair Fall Control Shampoo 300ml,Personal Care,72,2025-05-12,208,52863.2,180.0,299.0,191,278,143,142,168,197,188.5,63.9,191.38,46.49,0.243,1.013,1,0.15,0,20,0.6631,-0.7485
SKU-PER-001,Bhringraj & Onion Hair Fall Control Shampoo 300ml,Personal Care,73,2025-05-19,114,34086.0,180.0,299.0,208,191,278,143,170,135,205.0,55.91,196.38,45.77,0.233,1.015,0,0.0,0,21,0.5681,-0.823
SKU-PER-001,Bhringraj & Onion Hair Fall Control Shampoo 300ml,Personal Care,74,2025-05-26,187,55913.0,180.0,299.0,114,208,191,278,208,140,197.75,67.34,189.38,53.93,0.285,0.576,0,0.0,0,22,0.4647,-0.8855
SKU-PER-001,Bhringraj & Onion Hair Fall Control Shampoo 300ml,Personal Care,75,2025-06-02,124,37076.0,180.0,299.0,187,114,208,191,231,144,175.0,41.67,186.75,53.4,0.286,1.069,0,0.0,0,23,0.3546,-0.935
SKU-PER-001,Bhringraj & Onion Hair Fall Control Shampoo 300ml,Personal Care,76,2025-06-09,103,30797.0,180.0,299.0,124,187,114,208,142,96,158.25,46.31,173.38,54.13,0.312,0.784,0,0.0,0,24,0.2393,-0.9709
SKU-PER-001,Bhringraj & Onion Hair Fall Control Shampoo 300ml,Personal Care,77,2025-06-16,124,37076.0,180.0,299.0,103,124,187,114,143,106,132.0,37.66,168.5,58.91,0.35,0.78,0,0.0,0,25,0.1205,-0.9927
SKU-PER-001,Bhringraj & Onion Hair Fall Control Shampoo 300ml,Personal Care,78,2025-06-23,147,43953.0,180.0,299.0,124,103,124,187,278,69,134.5,36.37,166.12,60.44,0.364,0.922,0,0.0,0,26,0.0,-1.0
SKU-PER-001,Bhringraj & Onion Hair Fall Control Shampoo 300ml,Personal Care,79,2025-06-30,165,41934.75,180.0,299.0,147,124,103,124,191,80,124.5,17.97,149.75,40.14,0.268,1.181,1,0.15,0,27,-0.1205,-0.9927
SKU-PER-001,Bhringraj & Onion Hair Fall Control Shampoo 300ml,Personal Care,80,2025-07-07,189,56511.0,180.0,299.0,165,147,124,103,208,80,134.75,27.01,146.5,37.28,0.254,1.224,0,0.0,1,28,-0.2393,-0.9709
SKU-PER-001,Bhringraj & Onion Hair Fall Control Shampoo 300ml,Personal Care,81,2025-07-14,218,65182.0,180.0,299.0,189,165,147,124,114,120,156.25,27.54,144.12,33.18,0.23,1.21,0,0.0,0,29,-0.3546,-0.935
SKU-PER-001,Bhringraj & Onion Hair Fall Control Shampoo 300ml,Personal Care,82,2025-07-21,135,40365.0,180.0,299.0,218,189,165,147,187,138,179.75,30.76,157.12,39.47,0.251,1.213,0,0.0,0,30,-0.4647,-0.8855
SKU-PER-001,Bhringraj & Onion Hair Fall Control Shampoo 300ml,Personal Care,83,2025-07-28,77,23023.0,180.0,299.0,135,218,189,165,124,150,176.75,35.27,150.62,38.1,0.253,0.764,0,0.0,0,31,-0.5681,-0.823
SKU-PER-001,Bhringraj & Onion Hair Fall Control Shampoo 300ml,Personal Care,84,2025-08-04,93,27807.0,180.0,299.0,77,135,218,189,103,77,154.75,62.21,144.75,45.67,0.315,0.498,0,0.0,0,32,-0.6631,-0.7485
SKU-PER-001,Bhringraj & Onion Hair Fall Control Shampoo 300ml,Personal Care,85,2025-08-11,166,49634.0,180.0,299.0,93,77,135,218,124,124,130.75,63.1,143.5,47.09,0.328,0.711,0,0.0,1,33,-0.7485,-0.6631
SKU-PER-001,Bhringraj & Onion Hair Fall Control Shampoo 300ml,Personal Care,86,2025-08-18,195,49559.25,180.0,299.0,166,93,77,135,147,100,117.75,40.41,148.75,46.94,0.316,1.41,1,0.15,0,34,-0.823,-0.5681
SKU-PER-001,Bhringraj & Onion Hair Fall Control Shampoo 300ml,Personal Care,87,2025-08-25,106,31694.0,180.0,299.0,195,166,93,77,165,92,132.75,56.77,154.75,49.68,0.321,1.469,0,0.0,0,35,-0.8855,-0.4647
SKU-PER-001,Bhringraj & Onion Hair Fall Control Shampoo 300ml,Personal Care,88,2025-09-01,123,36777.0,180.0,299.0,106,195,166,93,189,111,140.0,48.53,147.38,52.25,0.355,0.757,0,0.0,0,36,-0.935,-0.3546
SKU-PER-001,Bhringraj & Onion Hair Fall Control Shampoo 300ml,Personal Care,89,2025-09-08,123,36777.0,180.0,299.0,123,106,195,166,218,98,147.5,40.5,139.12,49.9,0.359,0.834,0,0.0,0,37,-0.9709,-0.2393
SKU-PER-001,Bhringraj & Onion Hair Fall Control Shampoo 300ml,Personal Care,90,2025-09-15,117,34983.0,180.0,299.0,123,123,106,195,135,87,136.75,39.65,127.25,38.43,0.302,0.899,0,0.0,0,38,-0.9927,-0.1205
SKU-PER-001,Bhringraj & Onion Hair Fall Control Shampoo 300ml,Personal Care,91,2025-09-22,94,28106.0,180.0,299.0,117,123,123,106,77,97,117.25,8.02,125.0,38.44,0.307,0.998,0,0.0,0,39,-1.0,-0.0
SKU-PER-001,Bhringraj & Onion Hair Fall Control Shampoo 300ml,Personal Care,92,2025-09-29,92,27508.0,180.0,299.0,94,117,123,123,93,142,114.25,13.79,127.12,35.78,0.281,0.823,0,0.0,0,40,-0.9927,0.1205
SKU-PER-001,Bhringraj & Onion Hair Fall Control Shampoo 300ml,Personal Care,93,2025-10-06,257,65316.55,180.0,299.0,92,94,117,123,166,155,106.5,15.8,127.0,35.92,0.283,0.864,1,0.15,1,41,-0.9709,0.2393
SKU-PER-001,Bhringraj & Onion Hair Fall Control Shampoo 300ml,Personal Care,94,2025-10-13,131,39169.0,180.0,299.0,257,92,94,117,195,88,140.0,78.82,138.38,57.79,0.418,1.836,0,0.0,0,42,-0.935,0.3546
SKU-PER-001,Bhringraj & Onion Hair Fall Control Shampoo 300ml,Personal Care,95,2025-10-20,172,51428.0,180.0,299.0,131,257,92,94,106,109,143.5,77.76,130.38,53.07,0.407,0.913,0,0.0,0,43,-0.8855,0.4647
SKU-PER-001,Bhringraj & Onion Hair Fall Control Shampoo 300ml,Personal Care,96,2025-10-27,201,60099.0,180.0,299.0,172,131,257,92,123,392,163.0,70.67,138.62,53.86,0.389,1.055,0,0.0,1,44,-0.823,0.5681
SKU-PER-001,Bhringraj & Onion Hair Fall Control Shampoo 300ml,Personal Care,97,2025-11-03,128,38272.0,180.0,299.0,201,172,131,257,123,112,190.25,52.96,148.38,57.56,0.388,1.057,0,0.0,0,45,-0.7485,0.6631
SKU-PER-001,Bhringraj & Onion Hair Fall Control Shampoo 300ml,Personal Care,98,2025-11-10,123,36777.0,180.0,299.0,128,201,172,131,117,100,158.0,35.0,149.0,57.27,0.384,0.81,0,0.0,0,46,-0.6631,0.7485
SKU-PER-001,Bhringraj & Onion Hair Fall Control Shampoo 300ml,Personal Care,99,2025-11-17,160,47840.0,180.0,299.0,123,128,201,172,94,131,156.0,37.21,149.75,56.83,0.379,0.788,0,0.0,0,47,-0.5681,0.823
SKU-PER-001,Bhringraj & Onion Hair Fall Control Shampoo 300ml,Personal Care,100,2025-11-24,200,50830.0,180.0,299.0,160,123,128,201,92,141,153.0,35.95,158.0,52.18,0.33,1.046,1,0.15,0,48,-0.4647,0.8855
SKU-PER-001,Bhringraj & Onion Hair Fall Control Shampoo 300ml,Personal Care,101,2025-12-01,157,46943.0,180.0,299.0,200,160,123,128,257,133,152.75,35.51,171.5,46.31,0.27,1.309,0,0.0,0,49,-0.3546,0.935
SKU-PER-001,Bhringraj & Onion Hair Fall Control Shampoo 300ml,Personal Care,102,2025-12-08,116,34684.0,180.0,299.0,157,200,160,123,131,99,160.0,31.51,159.0,30.85,0.194,0.981,0,0.0,0,50,-0.2393,0.9709
SKU-PER-001,Bhringraj & Onion Hair Fall Control Shampoo 300ml,Personal Care,103,2025-12-15,175,52325.0,180.0,299.0,116,157,200,160,172,245,158.25,34.32,157.12,33.16,0.211,0.733,0,0.0,1,51,-0.1205,0.9927
SKU-PER-001,Bhringraj & Onion Hair Fall Control Shampoo 300ml,Personal Care,104,2025-12-22,131,39169.0,180.0,299.0,175,116,157,200,201,101,162.0,35.37,157.5,33.37,0.212,1.08,0,0.0,0,52,-0.0,1.0
SKU-PER-002,Neem & Salicylic Acid Clarifying Face Wash 150ml,Personal Care,1,2024-01-01,112,19992.0,120.0,210.0,112,112,112,112,112,112,112.0,0.0,112.0,0.0,0.0,1.0,1,0.15,0,1,0.1205,0.9927
SKU-PER-002,Neem & Salicylic Acid Clarifying Face Wash 150ml,Personal Care,2,2024-01-08,159,33390.0,120.0,210.0,112,112,112,112,112,112,112.0,0.0,112.0,0.0,0.0,1.0,0,0.0,0,2,0.2393,0.9709
SKU-PER-002,Neem & Salicylic Acid Clarifying Face Wash 150ml,Personal Care,3,2024-01-15,161,33810.0,120.0,210.0,159,112,112,112,112,112,135.5,33.23,135.5,33.23,0.245,1.173,0,0.0,1,3,0.3546,0.935
SKU-PER-002,Neem & Salicylic Acid Clarifying Face Wash 150ml,Personal Care,4,2024-01-22,139,29190.0,120.0,210.0,161,159,112,112,112,112,144.0,27.73,144.0,27.73,0.193,1.118,0,0.0,0,4,0.4647,0.8855
SKU-PER-002,Neem & Salicylic Acid Clarifying Face Wash 150ml,Personal Care,5,2024-01-29,157,32970.0,120.0,210.0,139,161,159,112,112,112,142.75,22.78,142.75,22.78,0.16,0.974,0,0.0,0,5,0.5681,0.823
SKU-PER-002,Neem & Salicylic Acid Clarifying Face Wash 150ml,Personal Care,6,2024-02-05,113,23730.0,120.0,210.0,157,139,161,159,159,159,154.0,10.13,145.6,20.73,0.142,1.019,0,0.0,0,6,0.6631,0.7485
SKU-PER-002,Neem & Salicylic Acid Clarifying Face Wash 150ml,Personal Care,7,2024-02-12,143,30030.0,120.0,210.0,113,157,139,161,161,161,142.5,21.87,140.17,22.82,0.163,0.793,0,0.0,0,7,0.7485,0.6631
SKU-PER-002,Neem & Salicylic Acid Clarifying Face Wash 150ml,Personal Care,8,2024-02-19,193,34450.5,120.0,210.0,143,113,157,139,139,139,138.0,18.37,140.57,20.86,0.148,1.036,1,0.15,0,8,0.823,0.5681
SKU-PER-002,Neem & Salicylic Acid Clarifying Face Wash 150ml,Personal Care,9,2024-02-26,139,29190.0,120.0,210.0,193,143,113,157,112,112,151.5,33.2,147.12,26.77,0.182,1.274,0,0.0,0,9,0.8855,0.4647
SKU-PER-002,Neem & Salicylic Acid Clarifying Face Wash 150ml,Personal Care,10,2024-03-04,200,42000.0,120.0,210.0,139,193,143,113,159,159,147.0,33.43,150.5,23.17,0.154,0.946,0,0.0,0,10,0.935,0.3546
SKU-PER-002,Neem & Salicylic Acid Clarifying Face Wash 150ml,Personal Care,11,2024-03-11,135,28350.0,120.0,210.0,200,139,193,143,161,161,168.75,32.21,155.62,29.1,0.187,1.185,0,0.0,1,11,0.9709,0.2393
SKU-PER-002,Neem & Salicylic Acid Clarifying Face Wash 150ml,Personal Care,12,2024-03-18,88,18480.0,120.0,210.0,135,200,139,193,139,139,166.75,34.51,152.38,29.85,0.196,0.81,0,0.0,0,12,0.9927,0.1205
SKU-PER-002,Neem & Salicylic Acid Clarifying Face Wash 150ml,Personal Care,13,2024-03-25,99,20790.0,120.0,210.0,88,135,200,139,157,157,140.5,45.93,146.0,37.57,0.257,0.626,0,0.0,0,13,1.0,0.0
SKU-PER-002,Neem & Salicylic Acid Clarifying Face Wash 150ml,Personal Care,14,2024-04-01,135,28350.0,120.0,210.0,99,88,135,200,113,113,130.5,50.49,138.75,40.61,0.293,0.759,0,0.0,0,14,0.9927,-0.1205
SKU-PER-002,Neem & Salicylic Acid Clarifying Face Wash 150ml,Personal Care,15,2024-04-08,226,40341.0,120.0,210.0,135,99,88,135,143,143,114.25,24.38,141.5,39.34,0.278,1.182,1,0.15,0,15,0.9709,-0.2393
SKU-PER-002,Neem & Salicylic Acid Clarifying Face Wash 150ml,Personal Care,16,2024-04-15,112,23520.0,120.0,210.0,226,135,99,88,193,193,137.0,62.64,151.88,49.44,0.326,1.65,0,0.0,0,16,0.935,-0.3546
SKU-PER-002,Neem & Salicylic Acid Clarifying Face Wash 150ml,Personal Care,17,2024-04-22,142,29820.0,120.0,210.0,112,226,135,99,139,139,143.0,57.3,141.75,48.09,0.339,0.783,0,0.0,0,17,0.8855,-0.4647
SKU-PER-002,Neem & Salicylic Acid Clarifying Face Wash 150ml,Personal Care,18,2024-04-29,263,55230.0,120.0,210.0,142,112,226,135,200,200,153.75,49.84,142.12,48.08,0.338,0.924,0,0.0,1,18,0.823,-0.5681
SKU-PER-002,Neem & Salicylic Acid Clarifying Face Wash 150ml,Personal Care,19,2024-05-06,123,25830.0,120.0,210.0,263,142,112,226,135,135,185.75,70.57,150.0,62.05,0.414,1.416,0,0.0,0,19,0.7485,-0.6631
SKU-PER-002,Neem & Salicylic Acid Clarifying Face Wash 150ml,Personal Care,20,2024-05-13,201,42210.0,120.0,210.0,123,263,142,112,88,88,160.0,69.78,148.5,62.6,0.422,0.769,0,0.0,0,20,0.6631,-0.7485
SKU-PER-002,Neem & Salicylic Acid Clarifying Face Wash 150ml,Personal Care,21,2024-05-20,172,36120.0,120.0,210.0,201,123,263,142,99,99,182.25,63.25,162.62,59.68,0.367,1.103,0,0.0,0,21,0.5681,-0.823
SKU-PER-002,Neem & Salicylic Acid Clarifying Face Wash 150ml,Personal Care,22,2024-05-27,145,25882.5,120.0,210.0,172,201,123,263,135,135,189.75,58.49,171.75,53.86,0.314,0.906,1,0.15,0,22,0.4647,-0.8855
SKU-PER-002,Neem & Salicylic Acid Clarifying Face Wash 150ml,Personal Care,23,2024-06-03,190,39900.0,120.0,210.0,145,172,201,123,226,226,160.25,33.76,173.0,53.0,0.306,0.905,0,0.0,0,23,0.3546,-0.935
SKU-PER-002,Neem & Salicylic Acid Clarifying Face Wash 150ml,Personal Care,24,2024-06-10,128,26880.0,120.0,210.0,190,145,172,201,112,112,177.0,24.45,168.5,49.25,0.292,1.073,0,0.0,0,24,0.2393,-0.9709
SKU-PER-002,Neem & Salicylic Acid Clarifying Face Wash 150ml,Personal Care,25,2024-06-17,175,36750.0,120.0,210.0,128,190,145,172,142,142,158.75,27.61,170.5,46.9,0.275,0.806,0,0.0,0,25,0.1205,-0.9927
SKU-PER-002,Neem & Salicylic Acid Clarifying Face Wash 150ml,Personal Care,26,2024-06-24,119,24990.0,120.0,210.0,175,128,190,145,263,263,159.5,28.12,174.62,45.46,0.26,1.097,0,0.0,0,26,0.0,-1.0
SKU-PER-002,Neem & Salicylic Acid Clarifying Face Wash 150ml,Personal Care,27,2024-07-01,99,20790.0,120.0,210.0,119,175,128,190,123,123,153.0,34.8,156.62,31.98,0.204,0.778,0,0.0,0,27,-0.1205,-0.9927
SKU-PER-002,Neem & Salicylic Acid Clarifying Face Wash 150ml,Personal Care,28,2024-07-08,162,34020.0,120.0,210.0,99,119,175,128,201,201,130.25,32.2,153.62,36.4,0.237,0.76,0,0.0,1,28,-0.2393,-0.9709
SKU-PER-002,Neem & Salicylic Acid Clarifying Face Wash 150ml,Personal Care,29,2024-07-15,107,19099.5,120.0,210.0,162,99,119,175,172,172,138.75,35.71,148.75,31.42,0.211,1.168,1,0.15,0,29,-0.3546,-0.935
SKU-PER-002,Neem & Salicylic Acid Clarifying Face Wash 150ml,Personal Care,30,2024-07-22,153,32130.0,120.0,210.0,107,162,99,119,145,145,121.75,28.06,140.62,32.92,0.234,0.879,0,0.0,0,30,-0.4647,-0.8855
SKU-PER-002,Neem & Salicylic Acid Clarifying Face Wash 150ml,Personal Care,31,2024-07-29,108,22680.0,120.0,210.0,153,107,162,99,190,190,130.25,31.85,141.62,33.19,0.234,1.175,0,0.0,0,31,-0.5681,-0.823
SKU-PER-002,Neem & Salicylic Acid Clarifying Face Wash 150ml,Personal Care,32,2024-08-05,143,30030.0,120.0,210.0,108,153,107,162,128,128,132.5,29.1,131.38,28.44,0.216,0.815,0,0.0,0,32,-0.6631,-0.7485
SKU-PER-002,Neem & Salicylic Acid Clarifying Face Wash 150ml,Personal Care,33,2024-08-12,125,26250.0,120.0,210.0,143,108,153,107,175,175,127.75,23.74,133.25,28.68,0.215,1.119,0,0.0,1,33,-0.7485,-0.6631
SKU-PER-002,Neem & Salicylic Acid Clarifying Face Wash 150ml,Personal Care,34,2024-08-19,129,27090.0,120.0,210.0,125,143,108,153,119,119,132.25,19.89,127.0,23.21,0.183,0.945,0,0.0,0,34,-0.823,-0.5681
SKU-PER-002,Neem & Salicylic Acid Clarifying Face Wash 150ml,Personal Care,35,2024-08-26,117,24570.0,120.0,210.0,129,125,143,108,99,99,126.25,14.41,128.25,22.98,0.179,1.022,0,0.0,0,35,-0.8855,-0.4647
SKU-PER-002,Neem & Salicylic Acid Clarifying Face Wash 150ml,Personal Care,36,2024-09-02,150,26775.0,120.0,210.0,117,129,125,143,162,162,128.5,10.88,130.5,20.45,0.157,0.911,1,0.15,0,36,-0.935,-0.3546
SKU-PER-002,Neem & Salicylic Acid Clarifying Face Wash 150ml,Personal Care,37,2024-09-09,177,37170.0,120.0,210.0,150,117,129,125,107,107,130.25,14.08,129.0,18.12,0.14,1.152,0,0.0,0,37,-0.9709,-0.2393
SKU-PER-002,Neem & Salicylic Acid Clarifying Face Wash 150ml,Personal Care,38,2024-09-16,170,35700.0,120.0,210.0,177,150,117,129,153,153,143.25,26.31,137.75,22.38,0.162,1.236,0,0.0,0,38,-0.9927,-0.1205
SKU-PER-002,Neem & Salicylic Acid Clarifying Face Wash 150ml,Personal Care,39,2024-09-23,101,21210.0,120.0,210.0,170,177,150,117,108,108,153.5,26.89,139.88,24.72,0.177,1.107,0,0.0,0,39,-1.0,-0.0
SKU-PER-002,Neem & Salicylic Acid Clarifying Face Wash 150ml,Personal Care,40,2024-09-30,161,33810.0,120.0,210.0,101,170,177,150,143,143,149.5,34.3,139.0,26.09,0.188,0.676,0,0.0,0,40,-0.9927,0.1205
SKU-PER-002,Neem & Salicylic Acid Clarifying Face Wash 150ml,Personal Care,41,2024-10-07,129,27090.0,120.0,210.0,161,101,170,177,125,125,152.25,34.79,141.25,27.24,0.193,1.057,0,0.0,1,41,-0.9709,0.2393
SKU-PER-002,Neem & Salicylic Acid Clarifying Face Wash 150ml,Personal Care,42,2024-10-14,145,30450.0,120.0,210.0,129,161,101,170,129,129,140.25,31.53,141.75,26.93,0.19,0.92,0,0.0,0,42,-0.935,0.3546
SKU-PER-002,Neem & Salicylic Acid Clarifying Face Wash 150ml,Personal Care,43,2024-10-21,165,29452.5,120.0,210.0,145,129,161,101,117,117,134.0,25.59,143.75,26.44,0.184,1.082,1,0.15,0,43,-0.8855,0.4647
SKU-PER-002,Neem & Salicylic Acid Clarifying Face Wash 150ml,Personal Care,44,2024-10-28,234,49140.0,120.0,210.0,165,145,129,161,150,150,150.0,16.45,149.75,24.9,0.166,1.1,0,0.0,1,44,-0.823,0.5681
SKU-PER-002,Neem & Salicylic Acid Clarifying Face Wash 150ml,Personal Care,45,2024-11-04,144,30240.0,120.0,210.0,234,165,145,129,177,177,168.25,46.24,160.25,38.84,0.242,1.391,0,0.0,0,45,-0.7485,0.6631
SKU-PER-002,Neem & Salicylic Acid Clarifying Face Wash 150ml,Personal Care,46,2024-11-11,148,31080.0,120.0,210.0,144,234,165,145,170,170,172.0,42.45,156.12,38.55,0.247,0.837,0,0.0,0,46,-0.6631,0.7485
SKU-PER-002,Neem & Salicylic Acid Clarifying Face Wash 150ml,Personal Care,47,2024-11-18,151,31710.0,120.0,210.0,148,144,234,165,101,101,172.75,41.84,153.38,38.21,0.249,0.857,0,0.0,0,47,-0.5681,0.823
SKU-PER-002,Neem & Salicylic Acid Clarifying Face Wash 150ml,Personal Care,48,2024-11-25,144,30240.0,120.0,210.0,151,148,144,234,161,161,169.25,43.26,159.62,32.0,0.2,0.892,0,0.0,0,48,-0.4647,0.8855
SKU-PER-002,Neem & Salicylic Acid Clarifying Face Wash 150ml,Personal Care,49,2024-12-02,150,31500.0,120.0,210.0,144,151,148,144,129,129,146.75,3.4,157.5,32.46,0.206,0.981,0,0.0,0,49,-0.3546,0.935
SKU-PER-002,Neem & Salicylic Acid Clarifying Face Wash 150ml,Personal Care,50,2024-12-09,206,36771.0,120.0,210.0,150,144,151,148,145,145,148.25,3.1,160.12,30.62,0.191,1.012,1,0.15,0,50,-0.2393,0.9709
SKU-PER-002,Neem & Salicylic Acid Clarifying Face Wash 150ml,Personal Care,51,2024-12-16,213,44730.0,120.0,210.0,206,150,144,151,165,165,162.75,29.0,167.75,33.75,0.201,1.266,0,0.0,1,51,-0.1205,0.9927
SKU-PER-002,Neem & Salicylic Acid Clarifying Face Wash 150ml,Personal Care,52,2024-12-23,146,30660.0,120.0,210.0,213,206,150,144,234,234,178.25,36.28,173.75,37.27,0.215,1.195,0,0.0,0,52,-0.0,1.0
SKU-PER-002,Neem & Salicylic Acid Clarifying Face Wash 150ml,Personal Care,53,2024-12-30,165,34650.0,120.0,210.0,146,213,206,150,144,112,178.75,35.66,162.75,29.03,0.178,0.817,0,0.0,0,1,0.1205,0.9927
SKU-PER-002,Neem & Salicylic Acid Clarifying Face Wash 150ml,Personal Care,54,2025-01-06,121,25410.0,120.0,210.0,165,146,213,206,148,159,182.5,32.25,165.38,28.02,0.169,0.904,0,0.0,0,2,0.2393,0.9709
SKU-PER-002,Neem & Salicylic Acid Clarifying Face Wash 150ml,Personal Care,55,2025-01-13,204,42840.0,120.0,210.0,121,165,146,213,151,161,161.25,38.92,162.0,31.78,0.196,0.75,0,0.0,1,3,0.3546,0.935
SKU-PER-002,Neem & Salicylic Acid Clarifying Face Wash 150ml,Personal Care,56,2025-01-20,141,29610.0,120.0,210.0,204,121,165,146,144,139,159.0,35.0,168.62,34.57,0.205,1.283,0,0.0,0,4,0.4647,0.8855
SKU-PER-002,Neem & Salicylic Acid Clarifying Face Wash 150ml,Personal Care,57,2025-01-27,196,34986.0,120.0,210.0,141,204,121,165,150,157,157.75,35.7,168.25,34.89,0.207,0.894,1,0.15,0,5,0.5681,0.823
SKU-PER-002,Neem & Salicylic Acid Clarifying Face Wash 150ml,Personal Care,58,2025-02-03,111,23310.0,120.0,210.0,196,141,204,121,206,113,165.5,40.8,174.0,35.24,0.203,1.184,0,0.0,0,6,0.6631,0.7485
SKU-PER-002,Neem & Salicylic Acid Clarifying Face Wash 150ml,Personal Care,59,2025-02-10,120,25200.0,120.0,210.0,111,196,141,204,213,143,163.0,44.56,162.12,38.75,0.239,0.681,0,0.0,0,7,0.7485,0.6631
SKU-PER-002,Neem & Salicylic Acid Clarifying Face Wash 150ml,Personal Care,60,2025-02-17,112,23520.0,120.0,210.0,120,111,196,141,146,193,142.0,38.13,150.5,35.08,0.233,0.845,0,0.0,0,8,0.823,0.5681
SKU-PER-002,Neem & Salicylic Acid Clarifying Face Wash 150ml,Personal Care,61,2025-02-24,218,45780.0,120.0,210.0,112,120,111,196,165,139,134.75,41.03,146.25,37.67,0.258,0.831,0,0.0,0,9,0.8855,0.4647
SKU-PER-002,Neem & Salicylic Acid Clarifying Face Wash 150ml,Personal Care,62,2025-03-03,138,28980.0,120.0,210.0,218,112,120,111,121,200,140.25,51.99,152.88,45.32,0.296,1.554,0,0.0,0,10,0.935,0.3546
SKU-PER-002,Neem & Salicylic Acid Clarifying Face Wash 150ml,Personal Care,63,2025-03-10,215,45150.0,120.0,210.0,138,218,112,120,204,135,147.0,48.57,155.0,43.99,0.284,0.939,0,0.0,1,11,0.9709,0.2393
SKU-PER-002,Neem & Salicylic Acid Clarifying Face Wash 150ml,Personal Care,64,2025-03-17,204,36414.0,120.0,210.0,215,138,218,112,141,88,170.75,53.9,156.38,45.87,0.293,1.259,1,0.15,0,12,0.9927,0.1205
SKU-PER-002,Neem & Salicylic Acid Clarifying Face Wash 150ml,Personal Care,65,2025-03-24,186,39060.0,120.0,210.0,204,215,138,218,196,99,193.75,37.65,164.25,48.2,0.293,1.053,0,0.0,0,13,1.0,0.0
SKU-PER-002,Neem & Salicylic Acid Clarifying Face Wash 150ml,Personal Care,66,2025-03-31,255,53550.0,120.0,210.0,186,204,215,138,111,135,185.75,34.0,163.0,47.39,0.291,1.001,0,0.0,0,14,0.9927,-0.1205
SKU-PER-002,Neem & Salicylic Acid Clarifying Face Wash 150ml,Personal Care,67,2025-04-07,163,34230.0,120.0,210.0,255,186,204,215,120,226,215.0,29.22,181.0,51.94,0.287,1.186,0,0.0,0,15,0.9709,-0.2393
SKU-PER-002,Neem & Salicylic Acid Clarifying Face Wash 150ml,Personal Care,68,2025-04-14,257,53970.0,120.0,210.0,163,255,186,204,112,112,202.0,39.12,186.38,46.69,0.251,0.807,0,0.0,0,16,0.935,-0.3546
SKU-PER-002,Neem & Salicylic Acid Clarifying Face Wash 150ml,Personal Care,69,2025-04-21,279,58590.0,120.0,210.0,257,163,255,186,218,142,215.25,47.99,204.5,41.55,0.203,1.194,0,0.0,0,17,0.8855,-0.4647
SKU-PER-002,Neem & Salicylic Acid Clarifying Face Wash 150ml,Personal Care,70,2025-04-28,296,62160.0,120.0,210.0,279,257,163,255,138,263,238.5,51.49,212.12,49.26,0.232,1.17,0,0.0,1,18,0.823,-0.5681
SKU-PER-002,Neem & Salicylic Acid Clarifying Face Wash 150ml,Personal Care,71,2025-05-05,276,49266.0,120.0,210.0,296,279,257,163,215,123,248.75,59.35,231.88,46.92,0.202,1.19,1,0.15,0,19,0.7485,-0.6631
SKU-PER-002,Neem & Salicylic Acid Clarifying Face Wash 150ml,Personal Care,72,2025-05-12,191,40110.0,120.0,210.0,276,296,279,257,204,201,277.0,15.98,239.5,48.71,0.203,0.996,0,0.0,0,20,0.6631,-0.7485
SKU-PER-002,Neem & Salicylic Acid Clarifying Face Wash 150ml,Personal Care,73,2025-05-19,254,53340.0,120.0,210.0,191,276,296,279,186,172,260.5,47.16,237.88,50.25,0.211,0.733,0,0.0,0,21,0.5681,-0.823
SKU-PER-002,Neem & Salicylic Acid Clarifying Face Wash 150ml,Personal Care,74,2025-05-26,182,38220.0,120.0,210.0,254,191,276,296,255,145,254.25,45.52,246.38,45.78,0.186,0.999,0,0.0,0,22,0.4647,-0.8855
SKU-PER-002,Neem & Salicylic Acid Clarifying Face Wash 150ml,Personal Care,75,2025-06-02,149,31290.0,120.0,210.0,182,254,191,276,163,190,225.75,46.35,237.25,50.81,0.214,0.806,0,0.0,0,23,0.3546,-0.935
SKU-PER-002,Neem & Salicylic Acid Clarifying Face Wash 150ml,Personal Care,76,2025-06-09,144,30240.0,120.0,210.0,149,182,254,191,257,128,194.0,43.89,235.5,53.88,0.229,0.768,0,0.0,0,24,0.2393,-0.9709
SKU-PER-002,Neem & Salicylic Acid Clarifying Face Wash 150ml,Personal Care,77,2025-06-16,103,21630.0,120.0,210.0,144,149,182,254,279,175,182.25,50.72,221.38,61.69,0.279,0.79,0,0.0,0,25,0.1205,-0.9927
SKU-PER-002,Neem & Salicylic Acid Clarifying Face Wash 150ml,Personal Care,78,2025-06-23,258,46053.0,120.0,210.0,103,144,149,182,296,119,144.5,32.4,199.38,69.13,0.347,0.713,1,0.15,0,26,0.0,-1.0
SKU-PER-002,Neem & Salicylic Acid Clarifying Face Wash 150ml,Personal Care,79,2025-06-30,156,32760.0,120.0,210.0,258,103,144,149,276,99,163.5,66.28,194.62,62.54,0.321,1.578,0,0.0,0,27,-0.1205,-0.9927
SKU-PER-002,Neem & Salicylic Acid Clarifying Face Wash 150ml,Personal Care,80,2025-07-07,203,42630.0,120.0,210.0,156,258,103,144,191,162,165.25,65.87,179.62,54.04,0.301,0.944,0,0.0,1,28,-0.2393,-0.9709
SKU-PER-002,Neem & Salicylic Acid Clarifying Face Wash 150ml,Personal Care,81,2025-07-14,192,40320.0,120.0,210.0,203,156,258,103,254,107,180.0,66.13,181.12,54.57,0.301,1.128,0,0.0,0,29,-0.3546,-0.935
SKU-PER-002,Neem & Salicylic Acid Clarifying Face Wash 150ml,Personal Care,82,2025-07-21,122,25620.0,120.0,210.0,192,203,156,258,182,153,202.25,42.24,173.38,46.56,0.269,0.949,0,0.0,0,30,-0.4647,-0.8855
SKU-PER-002,Neem & Salicylic Acid Clarifying Face Wash 150ml,Personal Care,83,2025-07-28,84,17640.0,120.0,210.0,122,192,203,156,149,108,168.25,36.79,165.88,49.69,0.3,0.725,0,0.0,0,31,-0.5681,-0.823
SKU-PER-002,Neem & Salicylic Acid Clarifying Face Wash 150ml,Personal Care,84,2025-08-04,136,28560.0,120.0,210.0,84,122,192,203,144,143,150.25,56.9,157.75,57.54,0.365,0.559,0,0.0,0,32,-0.6631,-0.7485
SKU-PER-002,Neem & Salicylic Acid Clarifying Face Wash 150ml,Personal Care,85,2025-08-11,251,44803.5,120.0,210.0,136,84,122,192,103,125,133.5,44.76,156.75,57.88,0.369,1.019,1,0.15,1,33,-0.7485,-0.6631
SKU-PER-002,Neem & Salicylic Acid Clarifying Face Wash 150ml,Personal Care,86,2025-08-18,224,47040.0,120.0,210.0,251,136,84,122,258,129,148.25,71.94,175.25,61.77,0.352,1.693,0,0.0,0,34,-0.823,-0.5681
SKU-PER-002,Neem & Salicylic Acid Clarifying Face Wash 150ml,Personal Care,87,2025-08-25,162,34020.0,120.0,210.0,224,251,136,84,156,117,173.75,77.4,171.0,56.18,0.329,1.289,0,0.0,0,35,-0.8855,-0.4647
SKU-PER-002,Neem & Salicylic Acid Clarifying Face Wash 150ml,Personal Care,88,2025-09-01,155,32550.0,120.0,210.0,162,224,251,136,203,150,193.25,53.34,171.75,55.99,0.326,0.838,0,0.0,0,36,-0.935,-0.3546
SKU-PER-002,Neem & Salicylic Acid Clarifying Face Wash 150ml,Personal Care,89,2025-09-08,179,37590.0,120.0,210.0,155,162,224,251,192,177,198.0,47.01,165.75,54.72,0.33,0.783,0,0.0,0,37,-0.9709,-0.2393
SKU-PER-002,Neem & Salicylic Acid Clarifying Face Wash 150ml,Personal Care,90,2025-09-15,131,27510.0,120.0,210.0,179,155,162,224,122,170,180.0,31.02,164.12,54.02,0.329,0.994,0,0.0,0,38,-0.9927,-0.1205
SKU-PER-002,Neem & Salicylic Acid Clarifying Face Wash 150ml,Personal Care,91,2025-09-22,173,36330.0,120.0,210.0,131,179,155,162,84,101,156.75,19.91,165.25,53.1,0.321,0.836,0,0.0,0,39,-1.0,-0.0
SKU-PER-002,Neem & Salicylic Acid Clarifying Face Wash 150ml,Personal Care,92,2025-09-29,251,44803.5,120.0,210.0,173,131,179,155,136,161,159.5,21.56,176.38,41.76,0.237,1.085,1,0.15,0,40,-0.9927,0.1205
SKU-PER-002,Neem & Salicylic Acid Clarifying Face Wash 150ml,Personal Care,93,2025-10-06,157,32970.0,120.0,210.0,251,173,131,179,251,129,183.5,49.81,190.75,45.5,0.239,1.368,0,0.0,1,41,-0.9709,0.2393
SKU-PER-002,Neem & Salicylic Acid Clarifying Face Wash 150ml,Personal Care,94,2025-10-13,194,40740.0,120.0,210.0,157,251,173,131,224,145,178.0,51.65,179.0,39.46,0.22,0.882,0,0.0,0,42,-0.935,0.3546
SKU-PER-002,Neem & Salicylic Acid Clarifying Face Wash 150ml,Personal Care,95,2025-10-20,155,32550.0,120.0,210.0,194,157,251,173,162,165,193.75,41.06,175.25,35.83,0.204,1.001,0,0.0,0,43,-0.8855,0.4647
SKU-PER-002,Neem & Salicylic Acid Clarifying Face Wash 150ml,Personal Care,96,2025-10-27,216,45360.0,120.0,210.0,155,194,157,251,155,234,189.25,44.9,174.38,36.28,0.208,0.819,0,0.0,1,44,-0.823,0.5681
SKU-PER-002,Neem & Salicylic Acid Clarifying Face Wash 150ml,Personal Care,97,2025-11-03,180,37800.0,120.0,210.0,216,155,194,157,179,144,180.5,29.69,182.0,38.0,0.209,1.197,0,0.0,0,45,-0.7485,0.6631
SKU-PER-002,Neem & Salicylic Acid Clarifying Face Wash 150ml,Personal Care,98,2025-11-10,170,35700.0,120.0,210.0,180,216,155,194,131,148,186.25,25.57,182.12,37.99,0.209,0.966,0,0.0,0,46,-0.6631,0.7485
SKU-PER-002,Neem & Salicylic Acid Clarifying Face Wash 150ml,Personal Care,99,2025-11-17,137,24454.5,120.0,210.0,170,180,216,155,173,151,180.25,25.95,187.0,32.61,0.174,0.943,1,0.15,0,47,-0.5681,0.823
SKU-PER-002,Neem & Salicylic Acid Clarifying Face Wash 150ml,Personal Care,100,2025-11-24,193,40530.0,120.0,210.0,137,170,180,216,251,144,175.75,32.52,182.5,37.01,0.203,0.78,0,0.0,0,48,-0.4647,0.8855
SKU-PER-002,Neem & Salicylic Acid Clarifying Face Wash 150ml,Personal Care,101,2025-12-01,177,37170.0,120.0,210.0,193,137,170,180,157,150,170.0,23.93,175.25,25.59,0.146,1.135,0,0.0,0,49,-0.3546,0.935
SKU-PER-002,Neem & Salicylic Acid Clarifying Face Wash 150ml,Personal Care,102,2025-12-08,205,43050.0,120.0,210.0,177,193,137,170,194,206,169.25,23.56,177.75,24.51,0.138,1.046,0,0.0,0,50,-0.2393,0.9709
SKU-PER-002,Neem & Salicylic Acid Clarifying Face Wash 150ml,Personal Care,103,2025-12-15,279,58590.0,120.0,210.0,205,177,193,137,155,213,178.0,29.64,179.12,25.82,0.144,1.152,0,0.0,1,51,-0.1205,0.9927
SKU-PER-002,Neem & Salicylic Acid Clarifying Face Wash 150ml,Personal Care,104,2025-12-22,223,46830.0,120.0,210.0,279,205,177,193,216,146,213.5,45.15,194.62,41.64,0.214,1.307,0,0.0,0,52,-0.0,1.0
SKU-PER-003,Matte Gel Sunscreen SPF 50 PA++++ 50g,Personal Care,1,2024-01-01,117,52533.0,250.0,449.0,117,117,117,117,117,117,117.0,0.0,117.0,0.0,0.0,1.0,0,0.0,0,1,0.1205,0.9927
SKU-PER-003,Matte Gel Sunscreen SPF 50 PA++++ 50g,Personal Care,2,2024-01-08,152,68248.0,250.0,449.0,117,117,117,117,117,117,117.0,0.0,117.0,0.0,0.0,1.0,0,0.0,0,2,0.2393,0.9709
SKU-PER-003,Matte Gel Sunscreen SPF 50 PA++++ 50g,Personal Care,3,2024-01-15,161,72289.0,250.0,449.0,152,117,117,117,117,117,134.5,24.75,134.5,24.75,0.184,1.13,0,0.0,1,3,0.3546,0.935
SKU-PER-003,Matte Gel Sunscreen SPF 50 PA++++ 50g,Personal Care,4,2024-01-22,92,41308.0,250.0,449.0,161,152,117,117,117,117,143.33,23.25,143.33,23.25,0.162,1.123,0,0.0,0,4,0.4647,0.8855
SKU-PER-003,Matte Gel Sunscreen SPF 50 PA++++ 50g,Personal Care,5,2024-01-29,69,30981.0,250.0,449.0,92,161,152,117,117,117,130.5,31.92,130.5,31.92,0.245,0.705,0,0.0,0,5,0.5681,0.823
SKU-PER-003,Matte Gel Sunscreen SPF 50 PA++++ 50g,Personal Care,6,2024-02-05,63,28287.0,250.0,449.0,69,92,161,152,152,152,118.5,45.02,118.2,39.0,0.33,0.582,0,0.0,0,6,0.6631,0.7485
SKU-PER-003,Matte Gel Sunscreen SPF 50 PA++++ 50g,Personal Care,7,2024-02-12,142,54194.3,250.0,449.0,63,69,92,161,161,161,96.25,44.94,109.0,41.53,0.381,0.655,1,0.15,0,7,0.7485,0.6631
SKU-PER-003,Matte Gel Sunscreen SPF 50 PA++++ 50g,Personal Care,8,2024-02-19,82,36818.0,250.0,449.0,142,63,69,92,92,92,91.5,35.91,113.71,39.91,0.351,1.552,0,0.0,0,8,0.823,0.5681
SKU-PER-003,Matte Gel Sunscreen SPF 50 PA++++ 50g,Personal Care,9,2024-02-26,64,28736.0,250.0,449.0,82,142,63,69,117,117,89.0,36.21,109.75,38.61,0.352,0.921,0,0.0,0,9,0.8855,0.4647
SKU-PER-003,Matte Gel Sunscreen SPF 50 PA++++ 50g,Personal Care,10,2024-03-04,129,57921.0,250.0,449.0,64,82,142,63,152,152,87.75,37.21,103.12,41.62,0.404,0.729,0,0.0,0,10,0.935,0.3546
SKU-PER-003,Matte Gel Sunscreen SPF 50 PA++++ 50g,Personal Care,11,2024-03-11,141,63309.0,250.0,449.0,129,64,82,142,161,161,104.25,37.21,100.25,38.43,0.383,1.237,0,0.0,1,11,0.9709,0.2393
SKU-PER-003,Matte Gel Sunscreen SPF 50 PA++++ 50g,Personal Care,12,2024-03-18,127,57023.0,250.0,449.0,141,129,64,82,92,92,104.0,36.87,97.75,34.35,0.351,1.356,0,0.0,0,12,0.9927,0.1205
SKU-PER-003,Matte Gel Sunscreen SPF 50 PA++++ 50g,Personal Care,13,2024-03-25,14,6286.0,250.0,449.0,127,141,129,64,69,69,115.25,34.72,102.12,35.71,0.35,1.102,0,0.0,0,13,1.0,0.0
SKU-PER-003,Matte Gel Sunscreen SPF 50 PA++++ 50g,Personal Care,14,2024-04-01,245,93504.25,250.0,449.0,14,127,141,129,63,63,102.75,59.49,95.25,46.63,0.49,0.136,1,0.15,0,14,0.9927,-0.1205
SKU-PER-003,Matte Gel Sunscreen SPF 50 PA++++ 50g,Personal Care,15,2024-04-08,160,71840.0,250.0,449.0,245,14,127,141,142,142,131.75,94.51,118.0,68.1,0.577,1.86,0,0.0,0,15,0.9709,-0.2393
SKU-PER-003,Matte Gel Sunscreen SPF 50 PA++++ 50g,Personal Care,16,2024-04-15,157,70493.0,250.0,449.0,160,245,14,127,82,82,136.5,95.61,120.25,69.29,0.576,1.172,0,0.0,0,16,0.935,-0.3546
SKU-PER-003,Matte Gel Sunscreen SPF 50 PA++++ 50g,Personal Care,17,2024-04-22,139,62411.0,250.0,449.0,157,160,245,14,64,64,144.0,95.79,129.62,68.45,0.528,1.09,0,0.0,0,17,0.8855,-0.4647
SKU-PER-003,Matte Gel Sunscreen SPF 50 PA++++ 50g,Personal Care,18,2024-04-29,116,52084.0,250.0,449.0,139,157,160,245,129,129,175.25,47.42,139.0,63.1,0.454,0.793,0,0.0,1,18,0.823,-0.5681
SKU-PER-003,Matte Gel Sunscreen SPF 50 PA++++ 50g,Personal Care,19,2024-05-06,217,97433.0,250.0,449.0,116,139,157,160,141,141,143.0,20.25,137.38,63.56,0.463,0.811,0,0.0,0,19,0.7485,-0.6631
SKU-PER-003,Matte Gel Sunscreen SPF 50 PA++++ 50g,Personal Care,20,2024-05-13,173,77677.0,250.0,449.0,217,116,139,157,127,127,157.25,43.22,146.88,69.58,0.474,1.38,0,0.0,0,20,0.6631,-0.7485
SKU-PER-003,Matte Gel Sunscreen SPF 50 PA++++ 50g,Personal Care,21,2024-05-20,254,96939.1,250.0,449.0,173,217,116,139,14,14,161.25,43.93,152.62,69.6,0.456,1.073,1,0.15,0,21,0.5681,-0.823
SKU-PER-003,Matte Gel Sunscreen SPF 50 PA++++ 50g,Personal Care,22,2024-05-27,85,38165.0,250.0,449.0,254,173,217,116,245,245,190.0,59.41,182.62,50.38,0.276,1.337,0,0.0,0,22,0.4647,-0.8855
SKU-PER-003,Matte Gel Sunscreen SPF 50 PA++++ 50g,Personal Care,23,2024-06-03,134,60166.0,250.0,449.0,85,254,173,217,160,160,182.25,72.8,162.62,53.73,0.33,0.466,0,0.0,0,23,0.3546,-0.935
SKU-PER-003,Matte Gel Sunscreen SPF 50 PA++++ 50g,Personal Care,24,2024-06-10,138,61962.0,250.0,449.0,134,85,254,173,157,157,161.5,71.41,159.38,54.69,0.343,0.83,0,0.0,0,24,0.2393,-0.9709
SKU-PER-003,Matte Gel Sunscreen SPF 50 PA++++ 50g,Personal Care,25,2024-06-17,98,44002.0,250.0,449.0,138,134,85,254,139,139,152.75,71.67,157.0,55.22,0.352,0.903,0,0.0,0,25,0.1205,-0.9927
SKU-PER-003,Matte Gel Sunscreen SPF 50 PA++++ 50g,Personal Care,26,2024-06-24,157,70493.0,250.0,449.0,98,138,134,85,116,116,113.75,26.29,151.88,58.91,0.388,0.862,0,0.0,0,26,0.0,-1.0
SKU-PER-003,Matte Gel Sunscreen SPF 50 PA++++ 50g,Personal Care,27,2024-07-01,115,51635.0,250.0,449.0,157,98,138,134,217,217,131.75,24.64,157.0,57.1,0.364,1.192,0,0.0,0,27,-0.1205,-0.9927
SKU-PER-003,Matte Gel Sunscreen SPF 50 PA++++ 50g,Personal Care,28,2024-07-08,39,14884.35,250.0,449.0,115,157,98,138,173,173,127.0,25.86,144.25,53.03,0.368,0.906,1,0.15,1,28,-0.2393,-0.9709
SKU-PER-003,Matte Gel Sunscreen SPF 50 PA++++ 50g,Personal Care,29,2024-07-15,80,35920.0,250.0,449.0,39,115,157,98,254,254,102.25,48.92,127.5,62.89,0.493,0.381,0,0.0,0,29,-0.3546,-0.935
SKU-PER-003,Matte Gel Sunscreen SPF 50 PA++++ 50g,Personal Care,30,2024-07-22,71,31879.0,250.0,449.0,80,39,115,157,85,85,97.75,50.25,105.75,38.1,0.36,0.818,0,0.0,0,30,-0.4647,-0.8855
SKU-PER-003,Matte Gel Sunscreen SPF 50 PA++++ 50g,Personal Care,31,2024-07-29,117,52533.0,250.0,449.0,71,80,39,115,134,134,76.25,31.26,104.0,39.48,0.38,0.931,0,0.0,0,31,-0.5681,-0.823
SKU-PER-003,Matte Gel Sunscreen SPF 50 PA++++ 50g,Personal Care,32,2024-08-05,145,65105.0,250.0,449.0,117,71,80,39,138,138,76.75,32.09,101.88,38.07,0.374,1.524,0,0.0,0,32,-0.6631,-0.7485
SKU-PER-003,Matte Gel Sunscreen SPF 50 PA++++ 50g,Personal Care,33,2024-08-12,128,57472.0,250.0,449.0,145,117,71,80,98,98,103.25,34.22,102.75,39.09,0.38,1.404,0,0.0,1,33,-0.7485,-0.6631
SKU-PER-003,Matte Gel Sunscreen SPF 50 PA++++ 50g,Personal Care,34,2024-08-19,60,26940.0,250.0,449.0,128,145,117,71,157,157,115.25,31.67,106.5,39.99,0.376,1.111,0,0.0,0,34,-0.823,-0.5681
SKU-PER-003,Matte Gel Sunscreen SPF 50 PA++++ 50g,Personal Care,35,2024-08-26,82,31295.3,250.0,449.0,60,128,145,117,115,115,112.5,36.85,94.38,37.09,0.393,0.533,1,0.15,0,35,-0.8855,-0.4647
SKU-PER-003,Matte Gel Sunscreen SPF 50 PA++++ 50g,Personal Care,36,2024-09-02,136,61064.0,250.0,449.0,82,60,128,145,39,39,103.75,39.48,90.25,36.3,0.402,0.79,0,0.0,0,36,-0.935,-0.3546
SKU-PER-003,Matte Gel Sunscreen SPF 50 PA++++ 50g,Personal Care,37,2024-09-09,88,39512.0,250.0,449.0,136,82,60,128,80,80,101.5,36.49,102.38,32.76,0.32,1.34,0,0.0,0,37,-0.9709,-0.2393
SKU-PER-003,Matte Gel Sunscreen SPF 50 PA++++ 50g,Personal Care,38,2024-09-16,120,53880.0,250.0,449.0,88,136,82,60,71,71,91.5,32.02,103.38,32.1,0.31,0.962,0,0.0,0,38,-0.9927,-0.1205
SKU-PER-003,Matte Gel Sunscreen SPF 50 PA++++ 50g,Personal Care,39,2024-09-23,93,41757.0,250.0,449.0,120,88,136,82,117,117,106.5,25.79,109.5,29.62,0.27,1.127,0,0.0,0,39,-1.0,-0.0
SKU-PER-003,Matte Gel Sunscreen SPF 50 PA++++ 50g,Personal Care,40,2024-09-30,69,30981.0,250.0,449.0,93,120,88,136,145,145,109.25,22.71,106.5,29.96,0.281,0.851,0,0.0,0,40,-0.9927,0.1205
SKU-PER-003,Matte Gel Sunscreen SPF 50 PA++++ 50g,Personal Care,41,2024-10-07,155,69595.0,250.0,449.0,69,93,120,88,128,128,92.5,21.05,97.0,27.99,0.289,0.746,0,0.0,1,41,-0.9709,0.2393
SKU-PER-003,Matte Gel Sunscreen SPF 50 PA++++ 50g,Personal Care,42,2024-10-14,182,69460.3,250.0,449.0,155,69,93,120,60,60,109.25,36.94,100.38,33.38,0.333,1.419,1,0.15,0,42,-0.935,0.3546
SKU-PER-003,Matte Gel Sunscreen SPF 50 PA++++ 50g,Personal Care,43,2024-10-21,143,64207.0,250.0,449.0,182,155,69,93,82,82,124.75,52.63,115.62,39.59,0.342,1.459,0,0.0,0,43,-0.8855,0.4647
SKU-PER-003,Matte Gel Sunscreen SPF 50 PA++++ 50g,Personal Care,44,2024-10-28,124,55676.0,250.0,449.0,143,182,155,69,136,136,137.25,48.33,123.25,38.03,0.309,1.042,0,0.0,1,44,-0.823,0.5681
SKU-PER-003,Matte Gel Sunscreen SPF 50 PA++++ 50g,Personal Care,45,2024-11-04,145,65105.0,250.0,449.0,124,143,182,155,88,88,151.0,24.29,121.75,37.69,0.31,0.821,0,0.0,0,45,-0.7485,0.6631
SKU-PER-003,Matte Gel Sunscreen SPF 50 PA++++ 50g,Personal Care,46,2024-11-11,180,80820.0,250.0,449.0,145,124,143,182,120,120,148.5,24.26,128.88,35.73,0.277,0.976,0,0.0,0,46,-0.6631,0.7485
SKU-PER-003,Matte Gel Sunscreen SPF 50 PA++++ 50g,Personal Care,47,2024-11-18,93,41757.0,250.0,449.0,180,145,124,143,93,93,148.0,23.34,136.38,39.68,0.291,1.216,0,0.0,0,47,-0.5681,0.823
SKU-PER-003,Matte Gel Sunscreen SPF 50 PA++++ 50g,Personal Care,48,2024-11-25,117,52533.0,250.0,449.0,93,180,145,124,69,69,135.5,36.56,136.38,39.68,0.291,0.686,0,0.0,0,48,-0.4647,0.8855
SKU-PER-003,Matte Gel Sunscreen SPF 50 PA++++ 50g,Personal Care,49,2024-12-02,199,75948.35,250.0,449.0,117,93,180,145,155,155,133.75,37.45,142.38,30.64,0.215,0.875,1,0.15,0,49,-0.3546,0.935
SKU-PER-003,Matte Gel Sunscreen SPF 50 PA++++ 50g,Personal Care,50,2024-12-09,145,65105.0,250.0,449.0,199,117,93,180,182,182,147.25,50.36,147.88,36.6,0.248,1.351,0,0.0,0,50,-0.2393,0.9709
SKU-PER-003,Matte Gel Sunscreen SPF 50 PA++++ 50g,Personal Care,51,2024-12-16,102,45798.0,250.0,449.0,145,199,117,93,143,143,138.5,45.59,143.25,33.91,0.237,1.047,0,0.0,1,51,-0.1205,0.9927
SKU-PER-003,Matte Gel Sunscreen SPF 50 PA++++ 50g,Personal Care,52,2024-12-23,50,22450.0,250.0,449.0,102,145,199,117,124,124,140.75,42.73,138.12,36.92,0.267,0.725,0,0.0,0,52,-0.0,1.0
SKU-PER-003,Matte Gel Sunscreen SPF 50 PA++++ 50g,Personal Care,53,2024-12-30,100,44900.0,250.0,449.0,50,102,145,199,145,117,124.0,63.31,128.88,48.44,0.376,0.403,0,0.0,0,1,0.1205,0.9927
SKU-PER-003,Matte Gel Sunscreen SPF 50 PA++++ 50g,Personal Care,54,2025-01-06,105,47145.0,250.0,449.0,100,50,102,145,180,152,99.25,38.84,123.25,48.91,0.397,1.008,0,0.0,0,2,0.2393,0.9709
SKU-PER-003,Matte Gel Sunscreen SPF 50 PA++++ 50g,Personal Care,55,2025-01-13,93,41757.0,250.0,449.0,105,100,50,102,93,161,89.25,26.25,113.88,43.35,0.381,1.176,0,0.0,1,3,0.3546,0.935
SKU-PER-003,Matte Gel Sunscreen SPF 50 PA++++ 50g,Personal Care,56,2025-01-20,212,80909.8,250.0,449.0,93,105,100,50,117,92,87.0,25.15,113.88,43.35,0.381,1.069,1,0.15,0,4,0.4647,0.8855
SKU-PER-003,Matte Gel Sunscreen SPF 50 PA++++ 50g,Personal Care,57,2025-01-27,94,42206.0,250.0,449.0,212,93,105,100,199,69,127.5,56.55,125.75,55.61,0.442,1.663,0,0.0,0,5,0.5681,0.823
SKU-PER-003,Matte Gel Sunscreen SPF 50 PA++++ 50g,Personal Care,58,2025-02-03,208,93392.0,250.0,449.0,94,212,93,105,145,63,126.0,57.59,112.62,47.67,0.423,0.746,0,0.0,0,6,0.6631,0.7485
SKU-PER-003,Matte Gel Sunscreen SPF 50 PA++++ 50g,Personal Care,59,2025-02-10,141,63309.0,250.0,449.0,208,94,212,93,102,142,151.75,67.28,120.5,57.89,0.48,1.371,0,0.0,0,7,0.7485,0.6631
SKU-PER-003,Matte Gel Sunscreen SPF 50 PA++++ 50g,Personal Care,60,2025-02-17,189,84861.0,250.0,449.0,141,208,94,212,50,82,163.75,56.77,125.38,57.75,0.461,0.861,0,0.0,0,8,0.823,0.5681
SKU-PER-003,Matte Gel Sunscreen SPF 50 PA++++ 50g,Personal Care,61,2025-02-24,67,30083.0,250.0,449.0,189,141,208,94,100,64,158.0,51.14,142.75,52.51,0.368,1.196,0,0.0,0,9,0.8855,0.4647
SKU-PER-003,Matte Gel Sunscreen SPF 50 PA++++ 50g,Personal Care,62,2025-03-03,37,16613.0,250.0,449.0,67,189,141,208,105,129,151.25,62.85,138.62,57.41,0.414,0.443,0,0.0,0,10,0.935,0.3546
SKU-PER-003,Matte Gel Sunscreen SPF 50 PA++++ 50g,Personal Care,63,2025-03-10,170,64880.5,250.0,449.0,37,67,189,141,93,141,108.5,69.21,130.12,67.29,0.517,0.341,1,0.15,1,11,0.9709,0.2393
SKU-PER-003,Matte Gel Sunscreen SPF 50 PA++++ 50g,Personal Care,64,2025-03-17,114,51186.0,250.0,449.0,170,37,67,189,212,127,115.75,75.03,139.75,66.72,0.477,1.469,0,0.0,0,12,0.9927,0.1205
SKU-PER-003,Matte Gel Sunscreen SPF 50 PA++++ 50g,Personal Care,65,2025-03-24,230,103270.0,250.0,449.0,114,170,37,67,94,14,97.0,58.07,127.5,60.24,0.473,1.175,0,0.0,0,13,1.0,0.0
SKU-PER-003,Matte Gel Sunscreen SPF 50 PA++++ 50g,Personal Care,66,2025-03-31,195,87555.0,250.0,449.0,230,114,170,37,208,245,137.75,82.19,144.5,68.12,0.471,1.67,0,0.0,0,14,0.9927,-0.1205
SKU-PER-003,Matte Gel Sunscreen SPF 50 PA++++ 50g,Personal Care,67,2025-04-07,163,73187.0,250.0,449.0,195,230,114,170,141,160,177.25,48.82,142.88,66.52,0.466,1.1,0,0.0,0,15,0.9709,-0.2393
SKU-PER-003,Matte Gel Sunscreen SPF 50 PA++++ 50g,Personal Care,68,2025-04-14,87,39063.0,250.0,449.0,163,195,230,114,189,157,175.5,49.29,145.62,66.89,0.459,0.929,0,0.0,0,16,0.935,-0.3546
SKU-PER-003,Matte Gel Sunscreen SPF 50 PA++++ 50g,Personal Care,69,2025-04-21,216,96984.0,250.0,449.0,87,163,195,230,67,139,168.75,60.98,132.88,67.16,0.505,0.516,0,0.0,0,17,0.8855,-0.4647
SKU-PER-003,Matte Gel Sunscreen SPF 50 PA++++ 50g,Personal Care,70,2025-04-28,234,89306.1,250.0,449.0,216,87,163,195,37,116,165.25,56.54,151.5,66.94,0.442,1.307,1,0.15,1,18,0.823,-0.5681
SKU-PER-003,Matte Gel Sunscreen SPF 50 PA++++ 50g,Personal Care,71,2025-05-05,193,86657.0,250.0,449.0,234,216,87,163,170,217,175.0,65.95,176.12,53.73,0.305,1.337,0,0.0,0,19,0.7485,-0.6631
SKU-PER-003,Matte Gel Sunscreen SPF 50 PA++++ 50g,Personal Care,72,2025-05-12,202,90698.0,250.0,449.0,193,234,216,87,114,173,182.5,65.84,179.0,53.97,0.302,1.058,0,0.0,0,20,0.6631,-0.7485
SKU-PER-003,Matte Gel Sunscreen SPF 50 PA++++ 50g,Personal Care,73,2025-05-19,105,47145.0,250.0,449.0,202,193,234,216,230,254,211.25,17.88,190.0,47.4,0.249,0.956,0,0.0,0,21,0.5681,-0.823
SKU-PER-003,Matte Gel Sunscreen SPF 50 PA++++ 50g,Personal Care,74,2025-05-26,145,65105.0,250.0,449.0,105,202,193,234,195,85,183.5,55.21,174.38,52.64,0.302,0.572,0,0.0,0,22,0.4647,-0.8855
SKU-PER-003,Matte Gel Sunscreen SPF 50 PA++++ 50g,Personal Care,75,2025-06-02,151,67799.0,250.0,449.0,145,105,202,193,163,134,161.25,45.08,168.12,52.81,0.314,0.899,0,0.0,0,23,0.3546,-0.935
SKU-PER-003,Matte Gel Sunscreen SPF 50 PA++++ 50g,Personal Care,76,2025-06-09,211,94739.0,250.0,449.0,151,145,105,202,87,138,150.75,39.8,166.62,53.15,0.319,1.002,0,0.0,0,24,0.2393,-0.9709
SKU-PER-003,Matte Gel Sunscreen SPF 50 PA++++ 50g,Personal Care,77,2025-06-16,296,112968.4,250.0,449.0,211,151,145,105,216,98,153.0,43.73,182.12,43.88,0.241,1.379,1,0.15,0,25,0.1205,-0.9927
SKU-PER-003,Matte Gel Sunscreen SPF 50 PA++++ 50g,Personal Care,78,2025-06-23,156,70044.0,250.0,449.0,296,211,151,145,234,157,200.75,70.14,192.12,59.16,0.308,1.474,0,0.0,0,26,0.0,-1.0
SKU-PER-003,Matte Gel Sunscreen SPF 50 PA++++ 50g,Personal Care,79,2025-06-30,54,24246.0,250.0,449.0,156,296,211,151,193,115,203.5,67.39,182.38,57.68,0.316,0.767,0,0.0,0,27,-0.1205,-0.9927
SKU-PER-003,Matte Gel Sunscreen SPF 50 PA++++ 50g,Personal Care,80,2025-07-07,121,54329.0,250.0,449.0,54,156,296,211,202,39,179.25,101.43,165.0,72.94,0.442,0.301,0,0.0,1,28,-0.2393,-0.9709
SKU-PER-003,Matte Gel Sunscreen SPF 50 PA++++ 50g,Personal Care,81,2025-07-14,122,54778.0,250.0,449.0,121,54,156,296,105,80,156.75,102.02,154.88,72.69,0.469,0.772,0,0.0,0,29,-0.3546,-0.935
SKU-PER-003,Matte Gel Sunscreen SPF 50 PA++++ 50g,Personal Care,82,2025-07-21,150,67350.0,250.0,449.0,122,121,54,156,145,71,113.25,42.72,157.0,71.26,0.454,1.077,0,0.0,0,30,-0.4647,-0.8855
SKU-PER-003,Matte Gel Sunscreen SPF 50 PA++++ 50g,Personal Care,83,2025-07-28,260,116740.0,250.0,449.0,150,122,121,54,151,117,111.75,40.78,157.62,71.16,0.451,1.342,0,0.0,0,31,-0.5681,-0.823
SKU-PER-003,Matte Gel Sunscreen SPF 50 PA++++ 50g,Personal Care,84,2025-08-04,111,42363.15,250.0,449.0,260,150,122,121,211,145,163.25,65.89,171.25,79.64,0.465,1.593,1,0.15,0,32,-0.6631,-0.7485
SKU-PER-003,Matte Gel Sunscreen SPF 50 PA++++ 50g,Personal Care,85,2025-08-11,172,77228.0,250.0,449.0,111,260,150,122,296,128,160.75,68.17,158.75,80.36,0.506,0.691,0,0.0,1,33,-0.7485,-0.6631
SKU-PER-003,Matte Gel Sunscreen SPF 50 PA++++ 50g,Personal Care,86,2025-08-18,97,43553.0,250.0,449.0,172,111,260,150,156,60,173.25,63.09,143.25,59.3,0.414,0.993,0,0.0,0,34,-0.823,-0.5681
SKU-PER-003,Matte Gel Sunscreen SPF 50 PA++++ 50g,Personal Care,87,2025-08-25,150,67350.0,250.0,449.0,97,172,111,260,54,82,160.0,74.19,135.88,61.13,0.45,0.606,0,0.0,0,35,-0.8855,-0.4647
SKU-PER-003,Matte Gel Sunscreen SPF 50 PA++++ 50g,Personal Care,88,2025-09-01,113,50737.0,250.0,449.0,150,97,172,111,121,136,132.5,34.59,147.88,51.41,0.348,1.132,0,0.0,0,36,-0.935,-0.3546
SKU-PER-003,Matte Gel Sunscreen SPF 50 PA++++ 50g,Personal Care,89,2025-09-08,190,85310.0,250.0,449.0,113,150,97,172,122,88,133.0,34.19,146.88,52.08,0.355,0.85,0,0.0,0,37,-0.9709,-0.2393
SKU-PER-003,Matte Gel Sunscreen SPF 50 PA++++ 50g,Personal Care,90,2025-09-15,49,22001.0,250.0,449.0,190,113,150,97,150,120,137.5,41.44,155.38,52.99,0.341,1.382,0,0.0,0,38,-0.9927,-0.1205
SKU-PER-003,Matte Gel Sunscreen SPF 50 PA++++ 50g,Personal Care,91,2025-09-22,158,60300.7,250.0,449.0,49,190,113,150,260,93,125.5,59.91,142.75,65.1,0.456,0.39,1,0.15,0,39,-1.0,-0.0
SKU-PER-003,Matte Gel Sunscreen SPF 50 PA++++ 50g,Personal Care,92,2025-09-29,211,94739.0,250.0,449.0,158,49,190,113,111,69,127.5,61.13,130.0,46.06,0.354,1.239,0,0.0,0,40,-0.9927,0.1205
SKU-PER-003,Matte Gel Sunscreen SPF 50 PA++++ 50g,Personal Care,93,2025-10-06,201,90249.0,250.0,449.0,211,158,49,190,172,155,152.0,72.04,142.5,53.18,0.373,1.388,0,0.0,1,41,-0.9709,0.2393
SKU-PER-003,Matte Gel Sunscreen SPF 50 PA++++ 50g,Personal Care,94,2025-10-13,123,55227.0,250.0,449.0,201,211,158,49,97,182,154.75,74.15,146.12,56.37,0.386,1.299,0,0.0,0,42,-0.935,0.3546
SKU-PER-003,Matte Gel Sunscreen SPF 50 PA++++ 50g,Personal Care,95,2025-10-20,54,24246.0,250.0,449.0,123,201,211,158,150,143,173.25,40.63,149.38,53.83,0.36,0.71,0,0.0,0,43,-0.8855,0.4647
SKU-PER-003,Matte Gel Sunscreen SPF 50 PA++++ 50g,Personal Care,96,2025-10-27,195,87555.0,250.0,449.0,54,123,201,211,113,124,147.25,73.57,137.38,63.5,0.462,0.367,0,0.0,1,44,-0.823,0.5681
SKU-PER-003,Matte Gel Sunscreen SPF 50 PA++++ 50g,Personal Care,97,2025-11-03,126,56574.0,250.0,449.0,195,54,123,201,190,145,143.25,69.25,147.62,65.59,0.444,1.361,0,0.0,0,45,-0.7485,0.6631
SKU-PER-003,Matte Gel Sunscreen SPF 50 PA++++ 50g,Personal Care,98,2025-11-10,129,49232.85,250.0,449.0,126,195,54,123,49,180,124.5,57.58,139.62,63.55,0.455,1.012,1,0.15,0,46,-0.6631,0.7485
SKU-PER-003,Matte Gel Sunscreen SPF 50 PA++++ 50g,Personal Care,99,2025-11-17,122,54778.0,250.0,449.0,129,126,195,54,158,93,126.0,57.6,149.62,52.61,0.352,1.024,0,0.0,0,47,-0.5681,0.823
SKU-PER-003,Matte Gel Sunscreen SPF 50 PA++++ 50g,Personal Care,100,2025-11-24,164,73636.0,250.0,449.0,122,129,126,195,211,117,143.0,34.79,145.12,53.32,0.367,0.853,0,0.0,0,48,-0.4647,0.8855
SKU-PER-003,Matte Gel Sunscreen SPF 50 PA++++ 50g,Personal Care,101,2025-12-01,93,41757.0,250.0,449.0,164,122,129,126,201,199,135.25,19.38,139.25,47.27,0.339,1.213,0,0.0,0,49,-0.3546,0.935
SKU-PER-003,Matte Gel Sunscreen SPF 50 PA++++ 50g,Personal Care,102,2025-12-08,72,32328.0,250.0,449.0,93,164,122,129,123,145,127.0,29.18,125.75,42.28,0.336,0.732,0,0.0,0,50,-0.2393,0.9709
SKU-PER-003,Matte Gel Sunscreen SPF 50 PA++++ 50g,Personal Care,103,2025-12-15,220,98780.0,250.0,449.0,72,93,164,122,54,102,112.75,39.84,119.38,46.4,0.389,0.639,0,0.0,1,51,-0.1205,0.9927
SKU-PER-003,Matte Gel Sunscreen SPF 50 PA++++ 50g,Personal Care,104,2025-12-22,104,46696.0,250.0,449.0,220,72,93,164,195,50,137.25,67.77,140.12,49.96,0.357,1.603,0,0.0,0,52,-0.0,1.0
SKU-PER-004,Deep Cleansing Activated Bamboo Charcoal Soap 125g,Personal Care,1,2024-01-01,148,13172.0,45.0,89.0,148,148,148,148,148,148,148.0,0.0,148.0,0.0,0.0,1.0,0,0.0,0,1,0.1205,0.9927
SKU-PER-004,Deep Cleansing Activated Bamboo Charcoal Soap 125g,Personal Care,2,2024-01-08,234,17702.1,45.0,89.0,148,148,148,148,148,148,148.0,0.0,148.0,0.0,0.0,1.0,1,0.15,0,2,0.2393,0.9709
SKU-PER-004,Deep Cleansing Activated Bamboo Charcoal Soap 125g,Personal Care,3,2024-01-15,189,16821.0,45.0,89.0,234,148,148,148,148,148,191.0,60.81,191.0,60.81,0.318,1.225,0,0.0,1,3,0.3546,0.935
SKU-PER-004,Deep Cleansing Activated Bamboo Charcoal Soap 125g,Personal Care,4,2024-01-22,157,13973.0,45.0,89.0,189,234,148,148,148,148,190.33,43.02,190.33,43.02,0.226,0.993,0,0.0,0,4,0.4647,0.8855
SKU-PER-004,Deep Cleansing Activated Bamboo Charcoal Soap 125g,Personal Care,5,2024-01-29,150,13350.0,45.0,89.0,157,189,234,148,148,148,182.0,38.88,182.0,38.88,0.214,0.863,0,0.0,0,5,0.5681,0.823
SKU-PER-004,Deep Cleansing Activated Bamboo Charcoal Soap 125g,Personal Care,6,2024-02-05,201,17889.0,45.0,89.0,150,157,189,234,234,234,182.5,38.3,175.6,36.58,0.208,0.822,0,0.0,0,6,0.6631,0.7485
SKU-PER-004,Deep Cleansing Activated Bamboo Charcoal Soap 125g,Personal Care,7,2024-02-12,138,12282.0,45.0,89.0,201,150,157,189,189,189,174.25,24.62,179.83,34.32,0.191,1.154,0,0.0,0,7,0.7485,0.6631
SKU-PER-004,Deep Cleansing Activated Bamboo Charcoal Soap 125g,Personal Care,8,2024-02-19,152,13528.0,45.0,89.0,138,201,150,157,157,157,161.5,27.48,173.86,35.1,0.202,0.854,0,0.0,0,8,0.823,0.5681
SKU-PER-004,Deep Cleansing Activated Bamboo Charcoal Soap 125g,Personal Care,9,2024-02-26,155,11725.75,45.0,89.0,152,138,201,150,148,148,160.25,27.86,171.12,33.4,0.195,0.949,1,0.15,0,9,0.8855,0.4647
SKU-PER-004,Deep Cleansing Activated Bamboo Charcoal Soap 125g,Personal Care,10,2024-03-04,144,12816.0,45.0,89.0,155,152,138,201,234,234,161.5,27.36,172.0,32.79,0.191,0.96,0,0.0,0,10,0.935,0.3546
SKU-PER-004,Deep Cleansing Activated Bamboo Charcoal Soap 125g,Personal Care,11,2024-03-11,135,12015.0,45.0,89.0,144,155,152,138,189,189,147.25,7.72,160.75,22.22,0.138,0.978,0,0.0,1,11,0.9709,0.2393
SKU-PER-004,Deep Cleansing Activated Bamboo Charcoal Soap 125g,Personal Care,12,2024-03-18,182,16198.0,45.0,89.0,135,144,155,152,157,157,146.5,8.96,154.0,20.55,0.133,0.922,0,0.0,0,12,0.9927,0.1205
SKU-PER-004,Deep Cleansing Activated Bamboo Charcoal Soap 125g,Personal Care,13,2024-03-25,141,12549.0,45.0,89.0,182,135,144,155,150,150,154.0,20.38,157.12,22.84,0.145,1.182,0,0.0,0,13,1.0,0.0
SKU-PER-004,Deep Cleansing Activated Bamboo Charcoal Soap 125g,Personal Care,14,2024-04-01,185,16465.0,45.0,89.0,141,182,135,144,201,201,150.5,21.33,156.0,23.46,0.15,0.937,0,0.0,0,14,0.9927,-0.1205
SKU-PER-004,Deep Cleansing Activated Bamboo Charcoal Soap 125g,Personal Care,15,2024-04-08,221,19669.0,45.0,89.0,185,141,182,135,138,138,160.75,26.41,154.0,19.41,0.126,1.151,0,0.0,0,15,0.9709,-0.2393
SKU-PER-004,Deep Cleansing Activated Bamboo Charcoal Soap 125g,Personal Care,16,2024-04-15,241,18231.65,45.0,89.0,221,185,141,182,152,152,182.25,32.71,164.38,29.3,0.178,1.213,1,0.15,0,16,0.935,-0.3546
SKU-PER-004,Deep Cleansing Activated Bamboo Charcoal Soap 125g,Personal Care,17,2024-04-22,205,18245.0,45.0,89.0,241,221,185,141,155,155,197.0,43.94,175.5,39.16,0.223,1.223,0,0.0,0,17,0.8855,-0.4647
SKU-PER-004,Deep Cleansing Activated Bamboo Charcoal Soap 125g,Personal Care,18,2024-04-29,211,18779.0,45.0,89.0,205,241,221,185,144,144,213.0,23.78,181.75,39.41,0.217,0.962,0,0.0,1,18,0.823,-0.5681
SKU-PER-004,Deep Cleansing Activated Bamboo Charcoal Soap 125g,Personal Care,19,2024-05-06,160,14240.0,45.0,89.0,211,205,241,221,135,135,219.5,15.78,190.12,37.31,0.196,0.961,0,0.0,0,19,0.7485,-0.6631
SKU-PER-004,Deep Cleansing Activated Bamboo Charcoal Soap 125g,Personal Care,20,2024-05-13,153,13617.0,45.0,89.0,160,211,205,241,182,182,204.25,33.44,193.25,32.81,0.17,0.783,0,0.0,0,20,0.6631,-0.7485
SKU-PER-004,Deep Cleansing Activated Bamboo Charcoal Soap 125g,Personal Care,21,2024-05-20,136,12104.0,45.0,89.0,153,160,211,205,141,141,182.25,29.97,189.62,35.7,0.188,0.84,0,0.0,0,21,0.5681,-0.823
SKU-PER-004,Deep Cleansing Activated Bamboo Charcoal Soap 125g,Personal Care,22,2024-05-27,198,17622.0,45.0,89.0,136,153,160,211,185,185,165.0,32.28,189.0,36.7,0.194,0.824,0,0.0,0,22,0.4647,-0.8855
SKU-PER-004,Deep Cleansing Activated Bamboo Charcoal Soap 125g,Personal Care,23,2024-06-03,229,17323.85,45.0,89.0,198,136,153,160,221,221,161.75,26.18,190.62,36.79,0.193,1.224,1,0.15,0,23,0.3546,-0.935
SKU-PER-004,Deep Cleansing Activated Bamboo Charcoal Soap 125g,Personal Care,24,2024-06-10,148,13172.0,45.0,89.0,229,198,136,153,241,241,179.0,42.37,191.62,37.83,0.197,1.279,0,0.0,0,24,0.2393,-0.9709
SKU-PER-004,Deep Cleansing Activated Bamboo Charcoal Soap 125g,Personal Care,25,2024-06-17,155,13795.0,45.0,89.0,148,229,198,136,205,205,177.75,43.45,180.0,34.64,0.192,0.833,0,0.0,0,25,0.1205,-0.9927
SKU-PER-004,Deep Cleansing Activated Bamboo Charcoal Soap 125g,Personal Care,26,2024-06-24,131,11659.0,45.0,89.0,155,148,229,198,211,211,182.5,38.07,173.75,33.99,0.196,0.849,0,0.0,0,26,0.0,-1.0
SKU-PER-004,Deep Cleansing Activated Bamboo Charcoal Soap 125g,Personal Care,27,2024-07-01,147,13083.0,45.0,89.0,131,155,148,229,160,160,165.75,43.35,163.75,33.23,0.203,0.79,0,0.0,0,27,-0.1205,-0.9927
SKU-PER-004,Deep Cleansing Activated Bamboo Charcoal Soap 125g,Personal Care,28,2024-07-08,159,14151.0,45.0,89.0,147,131,155,148,153,153,145.25,10.14,162.12,33.75,0.208,1.012,0,0.0,1,28,-0.2393,-0.9709
SKU-PER-004,Deep Cleansing Activated Bamboo Charcoal Soap 125g,Personal Care,29,2024-07-15,134,11926.0,45.0,89.0,159,147,131,155,136,136,148.0,12.38,162.88,33.58,0.206,1.074,0,0.0,0,29,-0.3546,-0.935
SKU-PER-004,Deep Cleansing Activated Bamboo Charcoal Soap 125g,Personal Care,30,2024-07-22,191,14449.15,45.0,89.0,134,159,147,131,198,198,142.75,12.87,162.62,33.82,0.208,0.939,1,0.15,0,30,-0.4647,-0.8855
SKU-PER-004,Deep Cleansing Activated Bamboo Charcoal Soap 125g,Personal Care,31,2024-07-29,148,13172.0,45.0,89.0,191,134,159,147,229,229,157.75,24.4,161.75,32.85,0.203,1.211,0,0.0,0,31,-0.5681,-0.823
SKU-PER-004,Deep Cleansing Activated Bamboo Charcoal Soap 125g,Personal Care,32,2024-08-05,149,13261.0,45.0,89.0,148,191,134,159,148,148,158.0,24.26,151.62,18.52,0.122,0.937,0,0.0,0,32,-0.6631,-0.7485
SKU-PER-004,Deep Cleansing Activated Bamboo Charcoal Soap 125g,Personal Care,33,2024-08-12,206,18334.0,45.0,89.0,149,148,191,134,155,155,155.5,24.64,151.75,18.49,0.122,0.958,0,0.0,1,33,-0.7485,-0.6631
SKU-PER-004,Deep Cleansing Activated Bamboo Charcoal Soap 125g,Personal Care,34,2024-08-19,130,11570.0,45.0,89.0,206,149,148,191,131,131,173.5,29.51,158.12,26.73,0.169,1.187,0,0.0,0,34,-0.823,-0.5681
SKU-PER-004,Deep Cleansing Activated Bamboo Charcoal Soap 125g,Personal Care,35,2024-08-26,169,15041.0,45.0,89.0,130,206,149,148,147,147,158.25,33.01,158.0,26.88,0.17,0.821,0,0.0,0,35,-0.8855,-0.4647
SKU-PER-004,Deep Cleansing Activated Bamboo Charcoal Soap 125g,Personal Care,36,2024-09-02,138,12282.0,45.0,89.0,169,130,206,149,159,159,163.5,32.5,160.75,26.71,0.166,1.034,0,0.0,0,36,-0.935,-0.3546
SKU-PER-004,Deep Cleansing Activated Bamboo Charcoal Soap 125g,Personal Care,37,2024-09-09,162,12255.3,45.0,89.0,138,169,130,206,134,134,160.75,34.54,158.12,27.92,0.177,0.858,1,0.15,0,37,-0.9709,-0.2393
SKU-PER-004,Deep Cleansing Activated Bamboo Charcoal Soap 125g,Personal Care,38,2024-09-16,149,13261.0,45.0,89.0,162,138,169,130,191,191,149.75,18.7,161.62,26.16,0.162,1.082,0,0.0,0,38,-0.9927,-0.1205
SKU-PER-004,Deep Cleansing Activated Bamboo Charcoal Soap 125g,Personal Care,39,2024-09-23,134,11926.0,45.0,89.0,149,162,138,169,148,148,154.5,13.77,156.38,23.5,0.15,0.964,0,0.0,0,39,-1.0,-0.0
SKU-PER-004,Deep Cleansing Activated Bamboo Charcoal Soap 125g,Personal Care,40,2024-09-30,138,12282.0,45.0,89.0,134,149,162,138,149,149,145.75,12.55,154.62,24.7,0.16,0.919,0,0.0,0,40,-0.9927,0.1205
SKU-PER-004,Deep Cleansing Activated Bamboo Charcoal Soap 125g,Personal Care,41,2024-10-07,125,11125.0,45.0,89.0,138,134,149,162,206,206,145.75,12.55,153.25,25.36,0.165,0.947,0,0.0,1,41,-0.9709,0.2393
SKU-PER-004,Deep Cleansing Activated Bamboo Charcoal Soap 125g,Personal Care,42,2024-10-14,151,13439.0,45.0,89.0,125,138,134,149,130,130,136.5,9.95,143.12,15.57,0.109,0.916,0,0.0,0,42,-0.935,0.3546
SKU-PER-004,Deep Cleansing Activated Bamboo Charcoal Soap 125g,Personal Care,43,2024-10-21,134,11926.0,45.0,89.0,151,125,138,134,169,169,137.0,10.8,145.75,14.79,0.101,1.102,0,0.0,0,43,-0.8855,0.4647
SKU-PER-004,Deep Cleansing Activated Bamboo Charcoal Soap 125g,Personal Care,44,2024-10-28,307,23224.55,45.0,89.0,134,151,125,138,138,138,137.0,10.8,141.38,11.81,0.084,0.978,1,0.15,1,44,-0.823,0.5681
SKU-PER-004,Deep Cleansing Activated Bamboo Charcoal Soap 125g,Personal Care,45,2024-11-04,152,13528.0,45.0,89.0,307,134,151,125,162,162,179.25,85.85,162.5,59.55,0.366,1.713,0,0.0,0,45,-0.7485,0.6631
SKU-PER-004,Deep Cleansing Activated Bamboo Charcoal Soap 125g,Personal Care,46,2024-11-11,97,8633.0,45.0,89.0,152,307,134,151,149,149,186.0,81.09,161.25,59.67,0.37,0.817,0,0.0,0,46,-0.6631,0.7485
SKU-PER-004,Deep Cleansing Activated Bamboo Charcoal Soap 125g,Personal Care,47,2024-11-18,125,11125.0,45.0,89.0,97,152,307,134,134,134,172.5,92.54,154.75,63.88,0.413,0.562,0,0.0,0,47,-0.5681,0.823
SKU-PER-004,Deep Cleansing Activated Bamboo Charcoal Soap 125g,Personal Care,48,2024-11-25,121,10769.0,45.0,89.0,125,97,152,307,138,138,170.25,93.89,153.62,64.37,0.419,0.734,0,0.0,0,48,-0.4647,0.8855
SKU-PER-004,Deep Cleansing Activated Bamboo Charcoal Soap 125g,Personal Care,49,2024-12-02,168,14952.0,45.0,89.0,121,125,97,152,125,125,123.75,22.53,151.5,65.24,0.431,0.978,0,0.0,0,49,-0.3546,0.935
SKU-PER-004,Deep Cleansing Activated Bamboo Charcoal Soap 125g,Personal Care,50,2024-12-09,133,11837.0,45.0,89.0,168,121,125,97,151,151,127.75,29.55,156.88,64.51,0.411,1.315,0,0.0,0,50,-0.2393,0.9709
SKU-PER-004,Deep Cleansing Activated Bamboo Charcoal Soap 125g,Personal Care,51,2024-12-16,282,21333.3,45.0,89.0,133,168,121,125,134,134,136.75,21.42,154.62,65.06,0.421,0.973,1,0.15,1,51,-0.1205,0.9927
SKU-PER-004,Deep Cleansing Activated Bamboo Charcoal Soap 125g,Personal Care,52,2024-12-23,130,11570.0,45.0,89.0,282,133,168,121,307,307,176.0,73.43,173.12,78.09,0.451,1.602,0,0.0,0,52,-0.0,1.0
SKU-PER-004,Deep Cleansing Activated Bamboo Charcoal Soap 125g,Personal Care,53,2024-12-30,172,15308.0,45.0,89.0,130,282,133,168,152,148,178.25,71.29,151.0,56.96,0.377,0.729,0,0.0,0,1,0.1205,0.9927
SKU-PER-004,Deep Cleansing Activated Bamboo Charcoal Soap 125g,Personal Care,54,2025-01-06,180,16020.0,45.0,89.0,172,130,282,133,97,234,179.25,71.12,153.5,57.44,0.374,0.96,0,0.0,0,2,0.2393,0.9709
SKU-PER-004,Deep Cleansing Activated Bamboo Charcoal Soap 125g,Personal Care,55,2025-01-13,196,17444.0,45.0,89.0,180,172,130,282,125,189,191.0,64.51,163.88,53.11,0.324,0.942,0,0.0,1,3,0.3546,0.935
SKU-PER-004,Deep Cleansing Activated Bamboo Charcoal Soap 125g,Personal Care,56,2025-01-20,167,14863.0,45.0,89.0,196,180,172,130,121,157,169.5,28.16,172.75,51.6,0.299,1.156,0,0.0,0,4,0.4647,0.8855
SKU-PER-004,Deep Cleansing Activated Bamboo Charcoal Soap 125g,Personal Care,57,2025-01-27,141,12549.0,45.0,89.0,167,196,180,172,168,150,178.75,12.69,178.5,47.4,0.266,0.934,0,0.0,0,5,0.5681,0.823
SKU-PER-004,Deep Cleansing Activated Bamboo Charcoal Soap 125g,Personal Care,58,2025-02-03,211,15962.15,45.0,89.0,141,167,196,180,133,201,171.0,23.25,175.12,49.18,0.281,0.825,1,0.15,0,6,0.6631,0.7485
SKU-PER-004,Deep Cleansing Activated Bamboo Charcoal Soap 125g,Personal Care,59,2025-02-10,198,17622.0,45.0,89.0,211,141,167,196,282,138,178.75,31.1,184.88,47.34,0.256,1.18,0,0.0,0,7,0.7485,0.6631
SKU-PER-004,Deep Cleansing Activated Bamboo Charcoal Soap 125g,Personal Care,60,2025-02-17,135,12015.0,45.0,89.0,198,211,141,167,130,152,179.25,31.48,174.38,28.14,0.161,1.105,0,0.0,0,8,0.823,0.5681
SKU-PER-004,Deep Cleansing Activated Bamboo Charcoal Soap 125g,Personal Care,61,2025-02-24,136,12104.0,45.0,89.0,135,198,211,141,172,155,171.25,38.84,175.0,27.04,0.155,0.788,0,0.0,0,9,0.8855,0.4647
SKU-PER-004,Deep Cleansing Activated Bamboo Charcoal Soap 125g,Personal Care,62,2025-03-03,120,10680.0,45.0,89.0,136,135,198,211,180,144,170.0,40.19,170.5,30.4,0.178,0.8,0,0.0,0,10,0.935,0.3546
SKU-PER-004,Deep Cleansing Activated Bamboo Charcoal Soap 125g,Personal Care,63,2025-03-10,189,16821.0,45.0,89.0,120,136,135,198,196,135,147.25,34.62,163.0,34.81,0.214,0.815,0,0.0,1,11,0.9709,0.2393
SKU-PER-004,Deep Cleansing Activated Bamboo Charcoal Soap 125g,Personal Care,64,2025-03-17,216,19224.0,45.0,89.0,189,120,136,135,167,182,145.0,30.23,162.12,33.93,0.209,1.303,0,0.0,0,12,0.9927,0.1205
SKU-PER-004,Deep Cleansing Activated Bamboo Charcoal Soap 125g,Personal Care,65,2025-03-24,217,16416.05,45.0,89.0,216,189,120,136,141,141,165.25,44.88,168.25,38.99,0.232,1.307,1,0.15,0,13,1.0,0.0
SKU-PER-004,Deep Cleansing Activated Bamboo Charcoal Soap 125g,Personal Care,66,2025-03-31,196,17444.0,45.0,89.0,217,216,189,120,211,185,185.5,45.55,177.75,40.62,0.229,1.17,0,0.0,0,14,0.9927,-0.1205
SKU-PER-004,Deep Cleansing Activated Bamboo Charcoal Soap 125g,Personal Care,67,2025-04-07,273,24297.0,45.0,89.0,196,217,216,189,198,221,204.5,14.15,175.88,39.19,0.223,0.958,0,0.0,0,15,0.9709,-0.2393
SKU-PER-004,Deep Cleansing Activated Bamboo Charcoal Soap 125g,Personal Care,68,2025-04-14,241,21449.0,45.0,89.0,273,196,217,216,135,241,225.5,33.11,185.25,52.09,0.281,1.211,0,0.0,0,16,0.935,-0.3546
SKU-PER-004,Deep Cleansing Activated Bamboo Charcoal Soap 125g,Personal Care,69,2025-04-21,175,15575.0,45.0,89.0,241,273,196,217,136,205,231.75,33.08,198.5,50.95,0.257,1.04,0,0.0,0,17,0.8855,-0.4647
SKU-PER-004,Deep Cleansing Activated Bamboo Charcoal Soap 125g,Personal Care,70,2025-04-28,287,25543.0,45.0,89.0,175,241,273,196,120,211,221.25,44.14,203.38,45.71,0.225,0.791,0,0.0,1,18,0.823,-0.5681
SKU-PER-004,Deep Cleansing Activated Bamboo Charcoal Soap 125g,Personal Care,71,2025-05-05,252,22428.0,45.0,89.0,287,175,241,273,189,160,244.0,49.87,224.25,39.97,0.178,1.176,0,0.0,0,19,0.7485,-0.6631
SKU-PER-004,Deep Cleansing Activated Bamboo Charcoal Soap 125g,Personal Care,72,2025-05-12,234,17702.1,45.0,89.0,252,287,175,241,216,153,238.75,46.81,232.12,38.2,0.165,1.055,1,0.15,0,20,0.6631,-0.7485
SKU-PER-004,Deep Cleansing Activated Bamboo Charcoal Soap 125g,Personal Care,73,2025-05-19,165,14685.0,45.0,89.0,234,252,287,175,217,136,237.0,46.83,234.38,37.64,0.161,0.987,0,0.0,0,21,0.5681,-0.823
SKU-PER-004,Deep Cleansing Activated Bamboo Charcoal Soap 125g,Personal Care,74,2025-05-26,221,19669.0,45.0,89.0,165,234,252,287,196,198,234.5,51.29,227.88,44.86,0.197,0.704,0,0.0,0,22,0.4647,-0.8855
SKU-PER-004,Deep Cleansing Activated Bamboo Charcoal Soap 125g,Personal Care,75,2025-06-02,150,13350.0,45.0,89.0,221,165,234,252,273,229,218.0,37.55,231.0,43.16,0.187,1.014,0,0.0,0,23,0.3546,-0.935
SKU-PER-004,Deep Cleansing Activated Bamboo Charcoal Soap 125g,Personal Care,76,2025-06-09,198,17622.0,45.0,89.0,150,221,165,234,241,148,192.5,41.22,215.62,47.73,0.221,0.779,0,0.0,0,24,0.2393,-0.9709
SKU-PER-004,Deep Cleansing Activated Bamboo Charcoal Soap 125g,Personal Care,77,2025-06-16,176,15664.0,45.0,89.0,198,150,221,165,175,155,183.5,32.05,210.25,46.88,0.223,1.079,0,0.0,0,25,0.1205,-0.9927
SKU-PER-004,Deep Cleansing Activated Bamboo Charcoal Soap 125g,Personal Care,78,2025-06-23,185,16465.0,45.0,89.0,176,198,150,221,287,131,186.25,30.36,210.38,46.77,0.222,0.945,0,0.0,0,26,0.0,-1.0
SKU-PER-004,Deep Cleansing Activated Bamboo Charcoal Soap 125g,Personal Care,79,2025-06-30,186,14070.9,45.0,89.0,185,176,198,150,252,147,177.25,20.29,197.62,35.43,0.179,1.044,1,0.15,0,27,-0.1205,-0.9927
SKU-PER-004,Deep Cleansing Activated Bamboo Charcoal Soap 125g,Personal Care,80,2025-07-07,243,21627.0,45.0,89.0,186,185,176,198,234,159,186.25,9.03,189.38,27.83,0.147,0.999,0,0.0,1,28,-0.2393,-0.9709
SKU-PER-004,Deep Cleansing Activated Bamboo Charcoal Soap 125g,Personal Care,81,2025-07-14,120,10680.0,45.0,89.0,243,186,185,176,165,134,197.5,30.66,190.5,29.99,0.157,1.23,0,0.0,0,29,-0.3546,-0.935
SKU-PER-004,Deep Cleansing Activated Bamboo Charcoal Soap 125g,Personal Care,82,2025-07-21,168,14952.0,45.0,89.0,120,243,186,185,221,191,183.5,50.27,184.88,38.47,0.208,0.654,0,0.0,0,30,-0.4647,-0.8855
SKU-PER-004,Deep Cleansing Activated Bamboo Charcoal Soap 125g,Personal Care,83,2025-07-28,120,10680.0,45.0,89.0,168,120,243,186,150,148,179.25,50.82,178.25,35.84,0.201,0.937,0,0.0,0,31,-0.5681,-0.823
SKU-PER-004,Deep Cleansing Activated Bamboo Charcoal Soap 125g,Personal Care,84,2025-08-04,139,12371.0,45.0,89.0,120,168,120,243,198,149,162.75,58.09,174.5,40.48,0.232,0.737,0,0.0,0,32,-0.6631,-0.7485
SKU-PER-004,Deep Cleansing Activated Bamboo Charcoal Soap 125g,Personal Care,85,2025-08-11,216,19224.0,45.0,89.0,139,120,168,120,176,206,136.75,22.68,167.12,40.96,0.245,1.016,0,0.0,1,33,-0.7485,-0.6631
SKU-PER-004,Deep Cleansing Activated Bamboo Charcoal Soap 125g,Personal Care,86,2025-08-18,228,17248.2,45.0,89.0,216,139,120,168,185,130,160.75,41.79,172.12,44.49,0.258,1.344,1,0.15,0,34,-0.823,-0.5681
SKU-PER-004,Deep Cleansing Activated Bamboo Charcoal Soap 125g,Personal Care,87,2025-08-25,199,17711.0,45.0,89.0,228,216,139,120,186,169,175.75,54.19,177.5,48.67,0.274,1.297,0,0.0,0,35,-0.8855,-0.4647
SKU-PER-004,Deep Cleansing Activated Bamboo Charcoal Soap 125g,Personal Care,88,2025-09-01,126,11214.0,45.0,89.0,199,228,216,139,243,138,195.5,39.5,179.12,49.21,0.275,1.018,0,0.0,0,36,-0.935,-0.3546
SKU-PER-004,Deep Cleansing Activated Bamboo Charcoal Soap 125g,Personal Care,89,2025-09-08,123,10947.0,45.0,89.0,126,199,228,216,120,162,192.25,45.74,164.5,44.69,0.272,0.655,0,0.0,0,37,-0.9709,-0.2393
SKU-PER-004,Deep Cleansing Activated Bamboo Charcoal Soap 125g,Personal Care,90,2025-09-15,141,12549.0,45.0,89.0,123,126,199,228,168,149,169.0,52.74,164.88,44.27,0.269,0.728,0,0.0,0,38,-0.9927,-0.1205
SKU-PER-004,Deep Cleansing Activated Bamboo Charcoal Soap 125g,Personal Care,91,2025-09-22,153,13617.0,45.0,89.0,141,123,126,199,120,134,147.25,35.39,161.5,45.02,0.279,0.958,0,0.0,0,39,-1.0,-0.0
SKU-PER-004,Deep Cleansing Activated Bamboo Charcoal Soap 125g,Personal Care,92,2025-09-29,136,12104.0,45.0,89.0,153,141,123,126,139,138,135.75,13.94,165.62,42.09,0.254,1.127,0,0.0,0,40,-0.9927,0.1205
SKU-PER-004,Deep Cleansing Activated Bamboo Charcoal Soap 125g,Personal Care,93,2025-10-06,263,19895.95,45.0,89.0,136,153,141,123,216,125,138.25,12.42,165.25,42.38,0.256,0.984,1,0.15,1,41,-0.9709,0.2393
SKU-PER-004,Deep Cleansing Activated Bamboo Charcoal Soap 125g,Personal Care,94,2025-10-13,91,8099.0,45.0,89.0,263,136,153,141,228,151,173.25,60.26,171.12,52.47,0.307,1.518,0,0.0,0,42,-0.935,0.3546
SKU-PER-004,Deep Cleansing Activated Bamboo Charcoal Soap 125g,Personal Care,95,2025-10-20,179,15931.0,45.0,89.0,91,263,136,153,199,134,160.75,73.01,154.0,53.6,0.348,0.566,0,0.0,0,43,-0.8855,0.4647
SKU-PER-004,Deep Cleansing Activated Bamboo Charcoal Soap 125g,Personal Care,96,2025-10-27,203,18067.0,45.0,89.0,179,91,263,136,126,307,167.25,73.25,151.5,51.64,0.341,1.07,0,0.0,1,44,-0.823,0.5681
SKU-PER-004,Deep Cleansing Activated Bamboo Charcoal Soap 125g,Personal Care,97,2025-11-03,184,16376.0,45.0,89.0,203,179,91,263,123,152,184.0,71.36,161.12,53.35,0.331,1.103,0,0.0,0,45,-0.7485,0.6631
SKU-PER-004,Deep Cleansing Activated Bamboo Charcoal Soap 125g,Personal Care,98,2025-11-10,144,12816.0,45.0,89.0,184,203,179,91,141,97,164.25,49.92,168.75,51.45,0.305,1.12,0,0.0,0,46,-0.6631,0.7485
SKU-PER-004,Deep Cleansing Activated Bamboo Charcoal Soap 125g,Personal Care,99,2025-11-17,158,14062.0,45.0,89.0,144,184,203,179,153,125,177.5,24.61,169.12,51.23,0.303,0.811,0,0.0,0,47,-0.5681,0.823
SKU-PER-004,Deep Cleansing Activated Bamboo Charcoal Soap 125g,Personal Care,100,2025-11-24,196,14827.4,45.0,89.0,158,144,184,203,136,121,172.25,26.36,169.75,51.03,0.301,0.917,1,0.15,0,48,-0.4647,0.8855
SKU-PER-004,Deep Cleansing Activated Bamboo Charcoal Soap 125g,Personal Care,101,2025-12-01,148,13172.0,45.0,89.0,196,158,144,184,263,168,170.5,23.74,177.25,49.76,0.281,1.15,0,0.0,0,49,-0.3546,0.935
SKU-PER-004,Deep Cleansing Activated Bamboo Charcoal Soap 125g,Personal Care,102,2025-12-08,192,17088.0,45.0,89.0,148,196,158,144,91,133,161.5,23.74,162.88,36.22,0.222,0.916,0,0.0,0,50,-0.2393,0.9709
SKU-PER-004,Deep Cleansing Activated Bamboo Charcoal Soap 125g,Personal Care,103,2025-12-15,201,17889.0,45.0,89.0,192,148,196,158,179,282,173.5,24.08,175.5,22.64,0.129,1.107,0,0.0,1,51,-0.1205,0.9927
SKU-PER-004,Deep Cleansing Activated Bamboo Charcoal Soap 125g,Personal Care,104,2025-12-22,150,13350.0,45.0,89.0,201,192,148,196,203,130,184.25,24.45,178.25,24.39,0.137,1.091,0,0.0,0,52,-0.0,1.0
SKU-PER-005,Cedarwood & Argan Nourishing Beard Oil 30ml,Personal Care,1,2024-01-01,41,11685.0,160.0,285.0,41,41,41,41,41,41,41.0,0.0,41.0,0.0,0.0,1.0,0,0.0,0,1,0.1205,0.9927
SKU-PER-005,Cedarwood & Argan Nourishing Beard Oil 30ml,Personal Care,2,2024-01-08,33,9405.0,160.0,285.0,41,41,41,41,41,41,41.0,0.0,41.0,0.0,0.0,1.0,0,0.0,0,2,0.2393,0.9709
SKU-PER-005,Cedarwood & Argan Nourishing Beard Oil 30ml,Personal Care,3,2024-01-15,33,7994.25,160.0,285.0,33,41,41,41,41,41,37.0,5.66,37.0,5.66,0.153,0.892,1,0.15,1,3,0.3546,0.935
SKU-PER-005,Cedarwood & Argan Nourishing Beard Oil 30ml,Personal Care,4,2024-01-22,36,10260.0,160.0,285.0,33,33,41,41,41,41,35.67,4.62,35.67,4.62,0.129,0.925,0,0.0,0,4,0.4647,0.8855
SKU-PER-005,Cedarwood & Argan Nourishing Beard Oil 30ml,Personal Care,5,2024-01-29,20,5700.0,160.0,285.0,36,33,33,41,41,41,35.75,3.77,35.75,3.77,0.106,1.007,0,0.0,0,5,0.5681,0.823
SKU-PER-005,Cedarwood & Argan Nourishing Beard Oil 30ml,Personal Care,6,2024-02-05,32,9120.0,160.0,285.0,20,36,33,33,33,33,30.5,7.14,32.6,7.77,0.238,0.656,0,0.0,0,6,0.6631,0.7485
SKU-PER-005,Cedarwood & Argan Nourishing Beard Oil 30ml,Personal Care,7,2024-02-12,33,9405.0,160.0,285.0,32,20,36,33,33,33,30.25,7.04,32.5,6.95,0.214,1.058,0,0.0,0,7,0.7485,0.6631
SKU-PER-005,Cedarwood & Argan Nourishing Beard Oil 30ml,Personal Care,8,2024-02-19,42,11970.0,160.0,285.0,33,32,20,36,36,36,30.25,7.04,32.57,6.35,0.195,1.091,0,0.0,0,8,0.823,0.5681
SKU-PER-005,Cedarwood & Argan Nourishing Beard Oil 30ml,Personal Care,9,2024-02-26,55,15675.0,160.0,285.0,42,33,32,20,41,41,31.75,9.03,33.75,6.76,0.2,1.323,0,0.0,0,9,0.8855,0.4647
SKU-PER-005,Cedarwood & Argan Nourishing Beard Oil 30ml,Personal Care,10,2024-03-04,54,13081.5,160.0,285.0,55,42,33,32,33,33,40.5,10.66,35.5,9.96,0.28,1.358,1,0.15,0,10,0.935,0.3546
SKU-PER-005,Cedarwood & Argan Nourishing Beard Oil 30ml,Personal Care,11,2024-03-11,25,7125.0,160.0,285.0,54,55,42,33,33,33,46.0,10.49,38.12,11.8,0.31,1.174,0,0.0,1,11,0.9709,0.2393
SKU-PER-005,Cedarwood & Argan Nourishing Beard Oil 30ml,Personal Care,12,2024-03-18,43,12255.0,160.0,285.0,25,54,55,42,36,36,44.0,13.98,37.12,12.61,0.34,0.568,0,0.0,0,12,0.9927,0.1205
SKU-PER-005,Cedarwood & Argan Nourishing Beard Oil 30ml,Personal Care,13,2024-03-25,82,23370.0,160.0,285.0,43,25,54,55,20,20,44.25,13.94,38.0,12.76,0.336,0.972,0,0.0,0,13,1.0,0.0
SKU-PER-005,Cedarwood & Argan Nourishing Beard Oil 30ml,Personal Care,14,2024-04-01,71,20235.0,160.0,285.0,82,43,25,54,32,32,51.0,23.87,45.75,18.01,0.394,1.608,0,0.0,0,14,0.9927,-0.1205
SKU-PER-005,Cedarwood & Argan Nourishing Beard Oil 30ml,Personal Care,15,2024-04-08,38,10830.0,160.0,285.0,71,82,43,25,33,33,55.25,26.0,50.62,19.01,0.376,1.285,0,0.0,0,15,0.9709,-0.2393
SKU-PER-005,Cedarwood & Argan Nourishing Beard Oil 30ml,Personal Care,16,2024-04-15,43,12255.0,160.0,285.0,38,71,82,43,42,42,58.5,21.36,51.25,18.42,0.359,0.65,0,0.0,0,16,0.935,-0.3546
SKU-PER-005,Cedarwood & Argan Nourishing Beard Oil 30ml,Personal Care,17,2024-04-22,47,11385.75,160.0,285.0,43,38,71,82,55,55,58.5,21.36,51.38,18.35,0.357,0.735,1,0.15,0,17,0.8855,-0.4647
SKU-PER-005,Cedarwood & Argan Nourishing Beard Oil 30ml,Personal Care,18,2024-04-29,39,11115.0,160.0,285.0,47,43,38,71,54,54,49.75,14.64,50.38,18.35,0.364,0.945,0,0.0,1,18,0.823,-0.5681
SKU-PER-005,Cedarwood & Argan Nourishing Beard Oil 30ml,Personal Care,19,2024-05-06,47,13395.0,160.0,285.0,39,47,43,38,25,25,41.75,4.11,48.5,18.69,0.385,0.934,0,0.0,0,19,0.7485,-0.6631
SKU-PER-005,Cedarwood & Argan Nourishing Beard Oil 30ml,Personal Care,20,2024-05-13,43,12255.0,160.0,285.0,47,39,47,43,43,43,44.0,3.83,51.25,16.18,0.316,1.068,0,0.0,0,20,0.6631,-0.7485
SKU-PER-005,Cedarwood & Argan Nourishing Beard Oil 30ml,Personal Care,21,2024-05-20,25,7125.0,160.0,285.0,43,47,39,47,82,82,44.0,3.83,51.25,16.18,0.316,0.977,0,0.0,0,21,0.5681,-0.823
SKU-PER-005,Cedarwood & Argan Nourishing Beard Oil 30ml,Personal Care,22,2024-05-27,63,17955.0,160.0,285.0,25,43,47,39,71,71,38.5,9.57,44.12,12.93,0.293,0.649,0,0.0,0,22,0.4647,-0.8855
SKU-PER-005,Cedarwood & Argan Nourishing Beard Oil 30ml,Personal Care,23,2024-06-03,27,7695.0,160.0,285.0,63,25,43,47,38,38,44.5,15.61,43.12,10.67,0.247,1.416,0,0.0,0,23,0.3546,-0.935
SKU-PER-005,Cedarwood & Argan Nourishing Beard Oil 30ml,Personal Care,24,2024-06-10,51,12354.75,160.0,285.0,27,63,25,43,43,43,39.5,17.62,41.75,12.04,0.288,0.684,1,0.15,0,24,0.2393,-0.9709
SKU-PER-005,Cedarwood & Argan Nourishing Beard Oil 30ml,Personal Care,25,2024-06-17,56,15960.0,160.0,285.0,51,27,63,25,47,47,41.5,18.57,42.75,12.49,0.292,1.229,0,0.0,0,25,0.1205,-0.9927
SKU-PER-005,Cedarwood & Argan Nourishing Beard Oil 30ml,Personal Care,26,2024-06-24,49,13965.0,160.0,285.0,56,51,27,63,39,39,49.25,15.63,43.88,13.3,0.303,1.137,0,0.0,0,26,0.0,-1.0
SKU-PER-005,Cedarwood & Argan Nourishing Beard Oil 30ml,Personal Care,27,2024-07-01,24,6840.0,160.0,285.0,49,56,51,27,47,47,45.75,12.84,45.12,13.25,0.294,1.071,0,0.0,0,27,-0.1205,-0.9927
SKU-PER-005,Cedarwood & Argan Nourishing Beard Oil 30ml,Personal Care,28,2024-07-08,43,12255.0,160.0,285.0,24,49,56,51,43,43,45.0,14.31,42.25,15.14,0.358,0.533,0,0.0,1,28,-0.2393,-0.9709
SKU-PER-005,Cedarwood & Argan Nourishing Beard Oil 30ml,Personal Care,29,2024-07-15,44,12540.0,160.0,285.0,43,24,49,56,25,25,43.0,13.74,42.25,15.14,0.358,1.0,0,0.0,0,29,-0.3546,-0.935
SKU-PER-005,Cedarwood & Argan Nourishing Beard Oil 30ml,Personal Care,30,2024-07-22,5,1425.0,160.0,285.0,44,43,24,49,63,63,40.0,10.98,44.62,13.45,0.301,1.1,0,0.0,0,30,-0.4647,-0.8855
SKU-PER-005,Cedarwood & Argan Nourishing Beard Oil 30ml,Personal Care,31,2024-07-29,63,15261.75,160.0,285.0,5,44,43,24,27,27,29.0,18.46,37.38,17.23,0.461,0.172,1,0.15,0,31,-0.5681,-0.823
SKU-PER-005,Cedarwood & Argan Nourishing Beard Oil 30ml,Personal Care,32,2024-08-05,46,13110.0,160.0,285.0,63,5,44,43,51,51,38.75,24.31,41.88,18.76,0.448,1.626,0,0.0,0,32,-0.6631,-0.7485
SKU-PER-005,Cedarwood & Argan Nourishing Beard Oil 30ml,Personal Care,33,2024-08-12,47,13395.0,160.0,285.0,46,63,5,44,56,56,39.5,24.53,41.25,18.5,0.448,1.165,0,0.0,1,33,-0.7485,-0.6631
SKU-PER-005,Cedarwood & Argan Nourishing Beard Oil 30ml,Personal Care,34,2024-08-19,52,14820.0,160.0,285.0,47,46,63,5,49,49,40.25,24.76,40.12,17.73,0.442,1.168,0,0.0,0,34,-0.823,-0.5681
SKU-PER-005,Cedarwood & Argan Nourishing Beard Oil 30ml,Personal Care,35,2024-08-26,36,10260.0,160.0,285.0,52,47,46,63,24,24,52.0,7.79,40.5,17.98,0.444,1.0,0,0.0,0,35,-0.8855,-0.4647
SKU-PER-005,Cedarwood & Argan Nourishing Beard Oil 30ml,Personal Care,36,2024-09-02,21,5985.0,160.0,285.0,36,52,47,46,43,43,45.25,6.7,42.0,16.87,0.402,0.796,0,0.0,0,36,-0.935,-0.3546
SKU-PER-005,Cedarwood & Argan Nourishing Beard Oil 30ml,Personal Care,37,2024-09-09,35,9975.0,160.0,285.0,21,36,52,47,44,44,39.0,13.74,39.25,18.41,0.469,0.538,0,0.0,0,37,-0.9709,-0.2393
SKU-PER-005,Cedarwood & Argan Nourishing Beard Oil 30ml,Personal Care,38,2024-09-16,27,6540.75,160.0,285.0,35,21,36,52,5,5,36.0,12.68,38.12,18.35,0.481,0.972,1,0.15,0,38,-0.9927,-0.1205
SKU-PER-005,Cedarwood & Argan Nourishing Beard Oil 30ml,Personal Care,39,2024-09-23,16,4560.0,160.0,285.0,27,35,21,36,63,63,29.75,7.09,40.88,13.75,0.336,0.908,0,0.0,0,39,-1.0,-0.0
SKU-PER-005,Cedarwood & Argan Nourishing Beard Oil 30ml,Personal Care,40,2024-09-30,23,6555.0,160.0,285.0,16,27,35,21,46,46,24.75,8.18,35.0,12.96,0.37,0.646,0,0.0,0,40,-0.9927,0.1205
SKU-PER-005,Cedarwood & Argan Nourishing Beard Oil 30ml,Personal Care,41,2024-10-07,85,24225.0,160.0,285.0,23,16,27,35,47,47,25.25,7.93,32.12,12.72,0.396,0.911,0,0.0,1,41,-0.9709,0.2393
SKU-PER-005,Cedarwood & Argan Nourishing Beard Oil 30ml,Personal Care,42,2024-10-14,11,3135.0,160.0,285.0,85,23,16,27,52,52,37.75,31.83,36.88,22.45,0.609,2.252,0,0.0,0,42,-0.935,0.3546
SKU-PER-005,Cedarwood & Argan Nourishing Beard Oil 30ml,Personal Care,43,2024-10-21,18,5130.0,160.0,285.0,11,85,23,16,36,36,33.75,34.52,31.75,23.17,0.73,0.326,0,0.0,0,43,-0.8855,0.4647
SKU-PER-005,Cedarwood & Argan Nourishing Beard Oil 30ml,Personal Care,44,2024-10-28,118,33630.0,160.0,285.0,18,11,85,23,21,21,34.25,34.19,29.5,23.57,0.799,0.526,0,0.0,1,44,-0.823,0.5681
SKU-PER-005,Cedarwood & Argan Nourishing Beard Oil 30ml,Personal Care,45,2024-11-04,31,7509.75,160.0,285.0,118,18,11,85,35,35,58.0,52.08,41.62,38.68,0.929,2.034,1,0.15,0,45,-0.7485,0.6631
SKU-PER-005,Cedarwood & Argan Nourishing Beard Oil 30ml,Personal Care,46,2024-11-11,37,10545.0,160.0,285.0,31,118,18,11,27,27,44.5,49.7,41.12,38.8,0.944,0.697,0,0.0,0,46,-0.6631,0.7485
SKU-PER-005,Cedarwood & Argan Nourishing Beard Oil 30ml,Personal Care,47,2024-11-18,24,6840.0,160.0,285.0,37,31,118,18,16,16,51.0,45.37,42.38,38.44,0.907,0.725,0,0.0,0,47,-0.5681,0.823
SKU-PER-005,Cedarwood & Argan Nourishing Beard Oil 30ml,Personal Care,48,2024-11-25,39,11115.0,160.0,285.0,24,37,31,118,23,23,52.5,43.99,43.38,37.75,0.87,0.457,0,0.0,0,48,-0.4647,0.8855
SKU-PER-005,Cedarwood & Argan Nourishing Beard Oil 30ml,Personal Care,49,2024-12-02,33,9405.0,160.0,285.0,39,24,37,31,85,85,32.75,6.75,45.38,36.94,0.814,1.191,0,0.0,0,49,-0.3546,0.935
SKU-PER-005,Cedarwood & Argan Nourishing Beard Oil 30ml,Personal Care,50,2024-12-09,46,13110.0,160.0,285.0,33,39,24,37,11,11,33.25,6.65,38.88,33.37,0.858,0.992,0,0.0,0,50,-0.2393,0.9709
SKU-PER-005,Cedarwood & Argan Nourishing Beard Oil 30ml,Personal Care,51,2024-12-16,54,15390.0,160.0,285.0,46,33,39,24,18,18,35.5,9.33,43.25,31.43,0.727,1.296,0,0.0,1,51,-0.1205,0.9927
SKU-PER-005,Cedarwood & Argan Nourishing Beard Oil 30ml,Personal Care,52,2024-12-23,45,10901.25,160.0,285.0,54,46,33,39,118,118,43.0,9.06,47.75,29.84,0.625,1.256,1,0.15,0,52,-0.0,1.0
SKU-PER-005,Cedarwood & Argan Nourishing Beard Oil 30ml,Personal Care,53,2024-12-30,10,2850.0,160.0,285.0,45,54,46,33,31,41,44.5,8.66,38.62,9.55,0.247,1.011,0,0.0,0,1,0.1205,0.9927
SKU-PER-005,Cedarwood & Argan Nourishing Beard Oil 30ml,Personal Care,54,2025-01-06,37,10545.0,160.0,285.0,10,45,54,46,37,33,38.75,19.59,36.0,13.86,0.385,0.258,0,0.0,0,2,0.2393,0.9709
SKU-PER-005,Cedarwood & Argan Nourishing Beard Oil 30ml,Personal Care,55,2025-01-13,76,21660.0,160.0,285.0,37,10,45,54,24,33,36.5,18.98,36.0,13.86,0.385,1.014,0,0.0,1,3,0.3546,0.935
SKU-PER-005,Cedarwood & Argan Nourishing Beard Oil 30ml,Personal Care,56,2025-01-20,67,19095.0,160.0,285.0,76,37,10,45,39,36,42.0,27.17,42.5,18.75,0.441,1.81,0,0.0,0,4,0.4647,0.8855
SKU-PER-005,Cedarwood & Argan Nourishing Beard Oil 30ml,Personal Care,57,2025-01-27,78,22230.0,160.0,285.0,67,76,37,10,33,20,47.5,30.05,46.0,20.54,0.446,1.411,0,0.0,0,5,0.5681,0.823
SKU-PER-005,Cedarwood & Argan Nourishing Beard Oil 30ml,Personal Care,58,2025-02-03,43,12255.0,160.0,285.0,78,67,76,37,46,32,64.5,18.95,51.62,22.53,0.436,1.209,0,0.0,0,6,0.6631,0.7485
SKU-PER-005,Cedarwood & Argan Nourishing Beard Oil 30ml,Personal Care,59,2025-02-10,52,12597.0,160.0,285.0,43,78,67,76,54,33,66.0,16.06,51.25,22.66,0.442,0.652,1,0.15,0,7,0.7485,0.6631
SKU-PER-005,Cedarwood & Argan Nourishing Beard Oil 30ml,Personal Care,60,2025-02-17,55,15675.0,160.0,285.0,52,43,78,67,45,42,60.0,15.56,51.0,22.64,0.444,0.867,0,0.0,0,8,0.823,0.5681
SKU-PER-005,Cedarwood & Argan Nourishing Beard Oil 30ml,Personal Care,61,2025-02-24,73,20805.0,160.0,285.0,55,52,43,78,10,55,57.0,14.9,52.25,22.54,0.431,0.965,0,0.0,0,9,0.8855,0.4647
SKU-PER-005,Cedarwood & Argan Nourishing Beard Oil 30ml,Personal Care,62,2025-03-03,89,25365.0,160.0,285.0,73,55,52,43,37,54,55.75,12.58,60.12,15.61,0.26,1.309,0,0.0,0,10,0.935,0.3546
SKU-PER-005,Cedarwood & Argan Nourishing Beard Oil 30ml,Personal Care,63,2025-03-10,24,6840.0,160.0,285.0,89,73,55,52,76,25,67.25,17.21,66.62,15.43,0.232,1.323,0,0.0,1,11,0.9709,0.2393
SKU-PER-005,Cedarwood & Argan Nourishing Beard Oil 30ml,Personal Care,64,2025-03-17,39,11115.0,160.0,285.0,24,89,73,55,67,43,60.25,27.87,60.12,20.9,0.348,0.398,0,0.0,0,12,0.9927,0.1205
SKU-PER-005,Cedarwood & Argan Nourishing Beard Oil 30ml,Personal Care,65,2025-03-24,52,14820.0,160.0,285.0,39,24,89,73,78,82,56.25,29.95,56.62,21.9,0.387,0.693,0,0.0,0,13,1.0,0.0
SKU-PER-005,Cedarwood & Argan Nourishing Beard Oil 30ml,Personal Care,66,2025-03-31,42,10174.5,160.0,285.0,52,39,24,89,43,71,51.0,27.8,53.38,20.13,0.377,1.02,1,0.15,0,14,0.9927,-0.1205
SKU-PER-005,Cedarwood & Argan Nourishing Beard Oil 30ml,Personal Care,67,2025-04-07,32,9120.0,160.0,285.0,42,52,39,24,52,38,39.25,11.59,53.25,20.21,0.38,1.07,0,0.0,0,15,0.9709,-0.2393
SKU-PER-005,Cedarwood & Argan Nourishing Beard Oil 30ml,Personal Care,68,2025-04-14,94,26790.0,160.0,285.0,32,42,52,39,55,43,41.25,8.3,50.75,21.58,0.425,0.776,0,0.0,0,16,0.935,-0.3546
SKU-PER-005,Cedarwood & Argan Nourishing Beard Oil 30ml,Personal Care,69,2025-04-21,60,17100.0,160.0,285.0,94,32,42,52,73,47,55.0,27.25,55.62,26.52,0.477,1.709,0,0.0,0,17,0.8855,-0.4647
SKU-PER-005,Cedarwood & Argan Nourishing Beard Oil 30ml,Personal Care,70,2025-04-28,122,34770.0,160.0,285.0,60,94,32,42,89,39,57.0,27.25,54.0,25.68,0.476,1.053,0,0.0,1,18,0.823,-0.5681
SKU-PER-005,Cedarwood & Argan Nourishing Beard Oil 30ml,Personal Care,71,2025-05-05,59,16815.0,160.0,285.0,122,60,94,32,24,47,77.0,39.28,58.12,33.55,0.577,1.584,0,0.0,0,19,0.7485,-0.6631
SKU-PER-005,Cedarwood & Argan Nourishing Beard Oil 30ml,Personal Care,72,2025-05-12,37,10545.0,160.0,285.0,59,122,60,94,39,43,83.75,30.25,62.5,30.62,0.49,0.704,0,0.0,0,20,0.6631,-0.7485
SKU-PER-005,Cedarwood & Argan Nourishing Beard Oil 30ml,Personal Care,73,2025-05-19,73,17684.25,160.0,285.0,37,59,122,60,52,25,69.5,36.57,62.25,30.85,0.496,0.532,1,0.15,0,21,0.5681,-0.823
SKU-PER-005,Cedarwood & Argan Nourishing Beard Oil 30ml,Personal Care,74,2025-05-26,55,15675.0,160.0,285.0,73,37,59,122,42,63,72.75,36.02,64.88,30.75,0.474,1.003,0,0.0,0,22,0.4647,-0.8855
SKU-PER-005,Cedarwood & Argan Nourishing Beard Oil 30ml,Personal Care,75,2025-06-02,54,15390.0,160.0,285.0,55,73,37,59,32,27,56.0,14.83,66.5,29.69,0.446,0.982,0,0.0,0,23,0.3546,-0.935
SKU-PER-005,Cedarwood & Argan Nourishing Beard Oil 30ml,Personal Care,76,2025-06-09,32,9120.0,160.0,285.0,54,55,73,37,94,51,54.75,14.71,69.25,26.93,0.389,0.986,0,0.0,0,24,0.2393,-0.9709
SKU-PER-005,Cedarwood & Argan Nourishing Beard Oil 30ml,Personal Care,77,2025-06-16,58,16530.0,160.0,285.0,32,54,55,73,60,56,53.5,16.78,61.5,27.7,0.45,0.598,0,0.0,0,25,0.1205,-0.9927
SKU-PER-005,Cedarwood & Argan Nourishing Beard Oil 30ml,Personal Care,78,2025-06-23,29,8265.0,160.0,285.0,58,32,54,55,122,49,49.75,11.95,61.25,27.72,0.453,1.166,0,0.0,0,26,0.0,-1.0
SKU-PER-005,Cedarwood & Argan Nourishing Beard Oil 30ml,Personal Care,79,2025-06-30,36,10260.0,160.0,285.0,29,58,32,54,59,24,43.25,14.86,49.62,15.34,0.309,0.671,0,0.0,0,27,-0.1205,-0.9927
SKU-PER-005,Cedarwood & Argan Nourishing Beard Oil 30ml,Personal Care,80,2025-07-07,64,15504.0,160.0,285.0,36,29,58,32,37,43,38.75,13.15,46.75,15.49,0.331,0.929,1,0.15,1,28,-0.2393,-0.9709
SKU-PER-005,Cedarwood & Argan Nourishing Beard Oil 30ml,Personal Care,81,2025-07-14,55,15675.0,160.0,285.0,64,36,29,58,73,44,46.75,16.88,50.12,15.99,0.319,1.369,0,0.0,0,29,-0.3546,-0.935
SKU-PER-005,Cedarwood & Argan Nourishing Beard Oil 30ml,Personal Care,82,2025-07-21,8,2280.0,160.0,285.0,55,64,36,29,55,5,46.0,16.27,47.88,13.37,0.279,1.196,0,0.0,0,30,-0.4647,-0.8855
SKU-PER-005,Cedarwood & Argan Nourishing Beard Oil 30ml,Personal Care,83,2025-07-28,32,9120.0,160.0,285.0,8,55,64,36,54,63,40.75,24.76,42.0,18.95,0.451,0.196,0,0.0,0,31,-0.5681,-0.823
SKU-PER-005,Cedarwood & Argan Nourishing Beard Oil 30ml,Personal Care,84,2025-08-04,49,13965.0,160.0,285.0,32,8,55,64,32,46,39.75,25.09,39.25,18.55,0.473,0.805,0,0.0,0,32,-0.6631,-0.7485
SKU-PER-005,Cedarwood & Argan Nourishing Beard Oil 30ml,Personal Care,85,2025-08-11,56,15960.0,160.0,285.0,49,32,8,55,58,47,36.0,21.06,41.38,18.58,0.449,1.361,0,0.0,1,33,-0.7485,-0.6631
SKU-PER-005,Cedarwood & Argan Nourishing Beard Oil 30ml,Personal Care,86,2025-08-18,8,2280.0,160.0,285.0,56,49,32,8,29,52,36.25,21.36,41.12,18.33,0.446,1.545,0,0.0,0,34,-0.823,-0.5681
SKU-PER-005,Cedarwood & Argan Nourishing Beard Oil 30ml,Personal Care,87,2025-08-25,30,7267.5,160.0,285.0,8,56,49,32,36,36,36.25,21.36,38.5,21.54,0.559,0.221,1,0.15,0,35,-0.8855,-0.4647
SKU-PER-005,Cedarwood & Argan Nourishing Beard Oil 30ml,Personal Care,88,2025-09-01,43,12255.0,160.0,285.0,30,8,56,49,64,21,35.75,21.52,37.75,21.74,0.576,0.839,0,0.0,0,36,-0.935,-0.3546
SKU-PER-005,Cedarwood & Argan Nourishing Beard Oil 30ml,Personal Care,89,2025-09-08,51,14535.0,160.0,285.0,43,30,8,56,55,35,34.25,20.47,35.12,19.25,0.548,1.255,0,0.0,0,37,-0.9709,-0.2393
SKU-PER-005,Cedarwood & Argan Nourishing Beard Oil 30ml,Personal Care,90,2025-09-15,41,11685.0,160.0,285.0,51,43,30,8,8,27,33.0,18.78,34.62,18.7,0.54,1.545,0,0.0,0,38,-0.9927,-0.1205
SKU-PER-005,Cedarwood & Argan Nourishing Beard Oil 30ml,Personal Care,91,2025-09-22,39,11115.0,160.0,285.0,41,51,43,30,32,16,41.25,8.66,38.75,15.32,0.395,0.994,0,0.0,0,39,-1.0,-0.0
SKU-PER-005,Cedarwood & Argan Nourishing Beard Oil 30ml,Personal Care,92,2025-09-29,31,8835.0,160.0,285.0,39,41,51,43,49,23,43.5,5.26,39.62,15.08,0.381,0.897,0,0.0,0,40,-0.9927,0.1205
SKU-PER-005,Cedarwood & Argan Nourishing Beard Oil 30ml,Personal Care,93,2025-10-06,40,11400.0,160.0,285.0,31,39,41,51,56,85,40.5,8.23,37.38,14.82,0.397,0.765,0,0.0,1,41,-0.9709,0.2393
SKU-PER-005,Cedarwood & Argan Nourishing Beard Oil 30ml,Personal Care,94,2025-10-13,53,12839.25,160.0,285.0,40,31,39,41,8,11,37.75,4.57,35.38,12.91,0.365,1.06,1,0.15,0,42,-0.935,0.3546
SKU-PER-005,Cedarwood & Argan Nourishing Beard Oil 30ml,Personal Care,95,2025-10-20,32,9120.0,160.0,285.0,53,40,31,39,30,18,40.75,9.11,41.0,8.23,0.201,1.301,0,0.0,0,43,-0.8855,0.4647
SKU-PER-005,Cedarwood & Argan Nourishing Beard Oil 30ml,Personal Care,96,2025-10-27,105,29925.0,160.0,285.0,32,53,40,31,43,118,39.0,10.17,41.25,7.87,0.191,0.821,0,0.0,1,44,-0.823,0.5681
SKU-PER-005,Cedarwood & Argan Nourishing Beard Oil 30ml,Personal Care,97,2025-11-03,55,15675.0,160.0,285.0,105,32,53,40,51,31,57.5,32.83,49.0,23.95,0.489,1.826,0,0.0,0,45,-0.7485,0.6631
SKU-PER-005,Cedarwood & Argan Nourishing Beard Oil 30ml,Personal Care,98,2025-11-10,61,17385.0,160.0,285.0,55,105,32,53,41,37,61.25,30.97,49.5,24.04,0.486,0.898,0,0.0,0,46,-0.6631,0.7485
SKU-PER-005,Cedarwood & Argan Nourishing Beard Oil 30ml,Personal Care,99,2025-11-17,25,7125.0,160.0,285.0,61,55,105,32,39,24,63.25,30.51,52.0,24.07,0.463,0.964,0,0.0,0,47,-0.5681,0.823
SKU-PER-005,Cedarwood & Argan Nourishing Beard Oil 30ml,Personal Care,100,2025-11-24,57,16245.0,160.0,285.0,25,61,55,105,31,39,61.5,33.0,50.25,25.61,0.51,0.407,0,0.0,0,48,-0.4647,0.8855
SKU-PER-005,Cedarwood & Argan Nourishing Beard Oil 30ml,Personal Care,101,2025-12-01,34,8236.5,160.0,285.0,57,25,61,55,40,33,49.5,16.52,53.5,24.44,0.457,1.152,1,0.15,0,49,-0.3546,0.935
SKU-PER-005,Cedarwood & Argan Nourishing Beard Oil 30ml,Personal Care,102,2025-12-08,51,14535.0,160.0,285.0,34,57,25,61,53,46,44.25,17.5,52.75,25.0,0.474,0.768,0,0.0,0,50,-0.2393,0.9709
SKU-PER-005,Cedarwood & Argan Nourishing Beard Oil 30ml,Personal Care,103,2025-12-15,26,7410.0,160.0,285.0,51,34,57,25,32,54,41.75,14.82,52.5,25.0,0.476,1.222,0,0.0,1,51,-0.1205,0.9927
SKU-PER-005,Cedarwood & Argan Nourishing Beard Oil 30ml,Personal Care,104,2025-12-22,63,17955.0,160.0,285.0,26,51,34,57,105,45,42.0,14.45,51.75,25.78,0.498,0.619,0,0.0,0,52,-0.0,1.0
SKU-PER-006,Hydrating Rose Water Face Toner Mist 200ml,Personal Care,1,2024-01-01,91,17745.0,110.0,195.0,91,91,91,91,91,91,91.0,0.0,91.0,0.0,0.0,1.0,0,0.0,0,1,0.1205,0.9927
SKU-PER-006,Hydrating Rose Water Face Toner Mist 200ml,Personal Care,2,2024-01-08,127,21050.25,110.0,195.0,91,91,91,91,91,91,91.0,0.0,91.0,0.0,0.0,1.0,1,0.15,0,2,0.2393,0.9709
SKU-PER-006,Hydrating Rose Water Face Toner Mist 200ml,Personal Care,3,2024-01-15,108,21060.0,110.0,195.0,127,91,91,91,91,91,109.0,25.46,109.0,25.46,0.234,1.165,0,0.0,1,3,0.3546,0.935
SKU-PER-006,Hydrating Rose Water Face Toner Mist 200ml,Personal Care,4,2024-01-22,84,16380.0,110.0,195.0,108,127,91,91,91,91,108.67,18.01,108.67,18.01,0.166,0.994,0,0.0,0,4,0.4647,0.8855
SKU-PER-006,Hydrating Rose Water Face Toner Mist 200ml,Personal Care,5,2024-01-29,55,10725.0,110.0,195.0,84,108,127,91,91,91,102.5,19.19,102.5,19.19,0.187,0.82,0,0.0,0,5,0.5681,0.823
SKU-PER-006,Hydrating Rose Water Face Toner Mist 200ml,Personal Care,6,2024-02-05,70,13650.0,110.0,195.0,55,84,108,127,127,127,93.5,31.12,93.0,26.97,0.29,0.588,0,0.0,0,6,0.6631,0.7485
SKU-PER-006,Hydrating Rose Water Face Toner Mist 200ml,Personal Care,7,2024-02-12,74,14430.0,110.0,195.0,70,55,84,108,108,108,79.25,22.53,89.17,25.89,0.29,0.883,0,0.0,0,7,0.7485,0.6631
SKU-PER-006,Hydrating Rose Water Face Toner Mist 200ml,Personal Care,8,2024-02-19,82,15990.0,110.0,195.0,74,70,55,84,84,84,70.75,12.04,87.0,24.32,0.28,1.046,0,0.0,0,8,0.823,0.5681
SKU-PER-006,Hydrating Rose Water Face Toner Mist 200ml,Personal Care,9,2024-02-26,120,19890.0,110.0,195.0,82,74,70,55,91,91,70.25,11.32,86.38,22.58,0.261,1.167,1,0.15,0,9,0.8855,0.4647
SKU-PER-006,Hydrating Rose Water Face Toner Mist 200ml,Personal Care,10,2024-03-04,96,18720.0,110.0,195.0,120,82,74,70,127,127,86.5,22.88,90.0,25.56,0.284,1.387,0,0.0,0,10,0.935,0.3546
SKU-PER-006,Hydrating Rose Water Face Toner Mist 200ml,Personal Care,11,2024-03-11,97,18915.0,110.0,195.0,96,120,82,74,108,108,93.0,20.17,86.12,21.11,0.245,1.032,0,0.0,1,11,0.9709,0.2393
SKU-PER-006,Hydrating Rose Water Face Toner Mist 200ml,Personal Care,12,2024-03-18,105,20475.0,110.0,195.0,97,96,120,82,84,84,98.75,15.73,84.75,19.8,0.234,0.982,0,0.0,0,12,0.9927,0.1205
SKU-PER-006,Hydrating Rose Water Face Toner Mist 200ml,Personal Care,13,2024-03-25,138,26910.0,110.0,195.0,105,97,96,120,55,55,104.5,11.09,87.38,21.04,0.241,1.005,0,0.0,0,13,1.0,0.0
SKU-PER-006,Hydrating Rose Water Face Toner Mist 200ml,Personal Care,14,2024-04-01,88,17160.0,110.0,195.0,138,105,97,96,70,70,109.0,19.75,97.75,23.16,0.237,1.266,0,0.0,0,14,0.9927,-0.1205
SKU-PER-006,Hydrating Rose Water Face Toner Mist 200ml,Personal Care,15,2024-04-08,87,16965.0,110.0,195.0,88,138,105,97,74,74,107.0,21.8,100.0,20.83,0.208,0.822,0,0.0,0,15,0.9709,-0.2393
SKU-PER-006,Hydrating Rose Water Face Toner Mist 200ml,Personal Care,16,2024-04-15,40,6630.0,110.0,195.0,87,88,138,105,82,82,104.5,23.81,101.62,18.94,0.186,0.833,1,0.15,0,16,0.935,-0.3546
SKU-PER-006,Hydrating Rose Water Face Toner Mist 200ml,Personal Care,17,2024-04-22,75,14625.0,110.0,195.0,40,87,88,138,120,120,88.25,40.02,96.38,28.54,0.296,0.453,0,0.0,0,17,0.8855,-0.4647
SKU-PER-006,Hydrating Rose Water Face Toner Mist 200ml,Personal Care,18,2024-04-29,140,27300.0,110.0,195.0,75,40,87,88,96,96,72.5,22.46,90.75,27.64,0.305,1.034,0,0.0,1,18,0.823,-0.5681
SKU-PER-006,Hydrating Rose Water Face Toner Mist 200ml,Personal Care,19,2024-05-06,86,16770.0,110.0,195.0,140,75,40,87,97,97,85.5,41.44,96.25,32.74,0.34,1.637,0,0.0,0,19,0.7485,-0.6631
SKU-PER-006,Hydrating Rose Water Face Toner Mist 200ml,Personal Care,20,2024-05-13,115,22425.0,110.0,195.0,86,140,75,40,105,105,85.25,41.44,94.88,32.93,0.347,1.009,0,0.0,0,20,0.6631,-0.7485
SKU-PER-006,Hydrating Rose Water Face Toner Mist 200ml,Personal Care,21,2024-05-20,116,22620.0,110.0,195.0,115,86,140,75,138,138,104.0,29.34,96.12,33.56,0.349,1.106,0,0.0,0,21,0.5681,-0.823
SKU-PER-006,Hydrating Rose Water Face Toner Mist 200ml,Personal Care,22,2024-05-27,173,33735.0,110.0,195.0,116,115,86,140,88,88,114.25,22.1,93.38,30.39,0.325,1.015,0,0.0,0,22,0.4647,-0.8855
SKU-PER-006,Hydrating Rose Water Face Toner Mist 200ml,Personal Care,23,2024-06-03,124,20553.0,110.0,195.0,173,116,115,86,87,87,122.5,36.43,104.0,41.18,0.396,1.412,1,0.15,0,23,0.3546,-0.935
SKU-PER-006,Hydrating Rose Water Face Toner Mist 200ml,Personal Care,24,2024-06-10,56,10920.0,110.0,195.0,124,173,116,115,40,40,132.0,27.63,108.62,41.08,0.378,0.939,0,0.0,0,24,0.2393,-0.9709
SKU-PER-006,Hydrating Rose Water Face Toner Mist 200ml,Personal Care,25,2024-06-17,87,16965.0,110.0,195.0,56,124,173,116,75,75,117.25,47.98,110.62,37.49,0.339,0.478,0,0.0,0,25,0.1205,-0.9927
SKU-PER-006,Hydrating Rose Water Face Toner Mist 200ml,Personal Care,26,2024-06-24,97,18915.0,110.0,195.0,87,56,124,173,140,140,110.0,50.37,112.12,36.08,0.322,0.791,0,0.0,0,26,0.0,-1.0
SKU-PER-006,Hydrating Rose Water Face Toner Mist 200ml,Personal Care,27,2024-07-01,54,10530.0,110.0,195.0,97,87,56,124,86,86,91.0,28.08,106.75,34.5,0.323,1.066,0,0.0,0,27,-0.1205,-0.9927
SKU-PER-006,Hydrating Rose Water Face Toner Mist 200ml,Personal Care,28,2024-07-08,57,11115.0,110.0,195.0,54,97,87,56,115,115,73.5,21.76,102.75,38.83,0.378,0.735,0,0.0,1,28,-0.2393,-0.9709
SKU-PER-006,Hydrating Rose Water Face Toner Mist 200ml,Personal Care,29,2024-07-15,73,14235.0,110.0,195.0,57,54,97,87,116,116,73.75,21.5,95.5,41.54,0.435,0.773,0,0.0,0,29,-0.3546,-0.935
SKU-PER-006,Hydrating Rose Water Face Toner Mist 200ml,Personal Care,30,2024-07-22,92,15249.0,110.0,195.0,73,57,54,97,173,173,70.25,19.69,90.12,41.29,0.458,1.039,1,0.15,0,30,-0.4647,-0.8855
SKU-PER-006,Hydrating Rose Water Face Toner Mist 200ml,Personal Care,31,2024-07-29,113,22035.0,110.0,195.0,92,73,57,54,124,124,69.0,17.45,80.0,24.63,0.308,1.333,0,0.0,0,31,-0.5681,-0.823
SKU-PER-006,Hydrating Rose Water Face Toner Mist 200ml,Personal Care,32,2024-08-05,96,18720.0,110.0,195.0,113,92,73,57,56,56,83.75,24.19,78.62,21.99,0.28,1.349,0,0.0,0,32,-0.6631,-0.7485
SKU-PER-006,Hydrating Rose Water Face Toner Mist 200ml,Personal Care,33,2024-08-12,91,17745.0,110.0,195.0,96,113,92,73,87,87,93.5,16.42,83.62,20.62,0.247,1.027,0,0.0,1,33,-0.7485,-0.6631
SKU-PER-006,Hydrating Rose Water Face Toner Mist 200ml,Personal Care,34,2024-08-19,90,17550.0,110.0,195.0,91,96,113,92,97,97,98.0,10.23,84.12,20.76,0.247,0.929,0,0.0,0,34,-0.823,-0.5681
SKU-PER-006,Hydrating Rose Water Face Toner Mist 200ml,Personal Care,35,2024-08-26,56,10920.0,110.0,195.0,90,91,96,113,54,54,97.5,10.66,83.25,20.28,0.244,0.923,0,0.0,0,35,-0.8855,-0.4647
SKU-PER-006,Hydrating Rose Water Face Toner Mist 200ml,Personal Care,36,2024-09-02,55,10725.0,110.0,195.0,56,90,91,96,57,57,83.25,18.36,83.5,19.88,0.238,0.673,0,0.0,0,36,-0.935,-0.3546
SKU-PER-006,Hydrating Rose Water Face Toner Mist 200ml,Personal Care,37,2024-09-09,91,15083.25,110.0,195.0,55,56,90,91,73,73,73.0,20.22,83.25,20.27,0.243,0.753,1,0.15,0,37,-0.9709,-0.2393
SKU-PER-006,Hydrating Rose Water Face Toner Mist 200ml,Personal Care,38,2024-09-16,127,24765.0,110.0,195.0,91,55,56,90,92,92,73.0,20.22,85.5,19.96,0.234,1.247,0,0.0,0,38,-0.9927,-0.1205
SKU-PER-006,Hydrating Rose Water Face Toner Mist 200ml,Personal Care,39,2024-09-23,75,14625.0,110.0,195.0,127,91,55,56,113,113,82.25,34.21,89.88,24.83,0.276,1.544,0,0.0,0,39,-1.0,-0.0
SKU-PER-006,Hydrating Rose Water Face Toner Mist 200ml,Personal Care,40,2024-09-30,58,11310.0,110.0,195.0,75,127,91,55,96,96,87.0,30.46,85.12,23.37,0.275,0.862,0,0.0,0,40,-0.9927,0.1205
SKU-PER-006,Hydrating Rose Water Face Toner Mist 200ml,Personal Care,41,2024-10-07,123,23985.0,110.0,195.0,58,75,127,91,91,91,87.75,29.43,80.38,24.67,0.307,0.661,0,0.0,1,41,-0.9709,0.2393
SKU-PER-006,Hydrating Rose Water Face Toner Mist 200ml,Personal Care,42,2024-10-14,117,22815.0,110.0,195.0,123,58,75,127,90,90,95.75,34.52,84.38,28.87,0.342,1.285,0,0.0,0,42,-0.935,0.3546
SKU-PER-006,Hydrating Rose Water Face Toner Mist 200ml,Personal Care,43,2024-10-21,104,20280.0,110.0,195.0,117,123,58,75,56,56,93.25,31.75,87.75,31.12,0.355,1.255,0,0.0,0,43,-0.8855,0.4647
SKU-PER-006,Hydrating Rose Water Face Toner Mist 200ml,Personal Care,44,2024-10-28,172,28509.0,110.0,195.0,104,117,123,58,55,55,100.5,29.42,93.75,28.65,0.306,1.035,1,0.15,1,44,-0.823,0.5681
SKU-PER-006,Hydrating Rose Water Face Toner Mist 200ml,Personal Care,45,2024-11-04,74,14430.0,110.0,195.0,172,104,117,123,91,91,129.0,29.74,108.38,35.16,0.324,1.333,0,0.0,0,45,-0.7485,0.6631
SKU-PER-006,Hydrating Rose Water Face Toner Mist 200ml,Personal Care,46,2024-11-11,74,14430.0,110.0,195.0,74,172,104,117,127,127,116.75,41.0,106.25,36.84,0.347,0.634,0,0.0,0,46,-0.6631,0.7485
SKU-PER-006,Hydrating Rose Water Face Toner Mist 200ml,Personal Care,47,2024-11-18,99,19305.0,110.0,195.0,74,74,172,104,75,75,106.0,46.22,99.62,37.34,0.375,0.698,0,0.0,0,47,-0.5681,0.823
SKU-PER-006,Hydrating Rose Water Face Toner Mist 200ml,Personal Care,48,2024-11-25,92,17940.0,110.0,195.0,99,74,74,172,58,58,104.75,46.36,102.62,36.02,0.351,0.945,0,0.0,0,48,-0.4647,0.8855
SKU-PER-006,Hydrating Rose Water Face Toner Mist 200ml,Personal Care,49,2024-12-02,56,10920.0,110.0,195.0,92,99,74,74,123,123,84.75,12.74,106.88,31.75,0.297,1.086,0,0.0,0,49,-0.3546,0.935
SKU-PER-006,Hydrating Rose Water Face Toner Mist 200ml,Personal Care,50,2024-12-09,60,11700.0,110.0,195.0,56,92,99,74,117,117,80.25,19.29,98.5,35.5,0.36,0.698,0,0.0,0,50,-0.2393,0.9709
SKU-PER-006,Hydrating Rose Water Face Toner Mist 200ml,Personal Care,51,2024-12-16,178,29503.5,110.0,195.0,60,56,92,99,104,104,76.75,21.9,91.38,36.95,0.404,0.782,1,0.15,1,51,-0.1205,0.9927
SKU-PER-006,Hydrating Rose Water Face Toner Mist 200ml,Personal Care,52,2024-12-23,88,17160.0,110.0,195.0,178,60,56,92,172,172,96.5,56.67,100.62,48.13,0.478,1.845,0,0.0,0,52,-0.0,1.0
SKU-PER-006,Hydrating Rose Water Face Toner Mist 200ml,Personal Care,53,2024-12-30,127,24765.0,110.0,195.0,88,178,60,56,74,91,95.5,56.81,90.12,38.55,0.428,0.921,0,0.0,0,1,0.1205,0.9927
SKU-PER-006,Hydrating Rose Water Face Toner Mist 200ml,Personal Care,54,2025-01-06,83,16185.0,110.0,195.0,127,88,178,60,74,127,113.25,51.17,96.75,39.91,0.413,1.121,0,0.0,0,2,0.2393,0.9709
SKU-PER-006,Hydrating Rose Water Face Toner Mist 200ml,Personal Care,55,2025-01-13,120,23400.0,110.0,195.0,83,127,88,178,99,108,119.0,43.98,97.88,39.3,0.402,0.697,0,0.0,1,3,0.3546,0.935
SKU-PER-006,Hydrating Rose Water Face Toner Mist 200ml,Personal Care,56,2025-01-20,103,20085.0,110.0,195.0,120,83,127,88,92,84,104.5,22.22,100.5,40.08,0.399,1.148,0,0.0,0,4,0.4647,0.8855
SKU-PER-006,Hydrating Rose Water Face Toner Mist 200ml,Personal Care,57,2025-01-27,115,22425.0,110.0,195.0,103,120,83,127,56,55,108.25,19.62,101.88,39.93,0.392,0.952,0,0.0,0,5,0.5681,0.823
SKU-PER-006,Hydrating Rose Water Face Toner Mist 200ml,Personal Care,58,2025-02-03,117,19392.75,110.0,195.0,115,103,120,83,60,70,105.25,16.46,109.25,35.45,0.324,1.093,1,0.15,0,6,0.6631,0.7485
SKU-PER-006,Hydrating Rose Water Face Toner Mist 200ml,Personal Care,59,2025-02-10,134,26130.0,110.0,195.0,117,115,103,120,178,74,113.75,7.46,116.38,29.34,0.252,1.029,0,0.0,0,7,0.7485,0.6631
SKU-PER-006,Hydrating Rose Water Face Toner Mist 200ml,Personal Care,60,2025-02-17,140,27300.0,110.0,195.0,134,117,115,103,88,82,117.25,12.76,110.88,18.11,0.163,1.143,0,0.0,0,8,0.823,0.5681
SKU-PER-006,Hydrating Rose Water Face Toner Mist 200ml,Personal Care,61,2025-02-24,82,15990.0,110.0,195.0,140,134,117,115,127,120,126.5,12.4,117.38,18.05,0.154,1.107,0,0.0,0,9,0.8855,0.4647
SKU-PER-006,Hydrating Rose Water Face Toner Mist 200ml,Personal Care,62,2025-03-03,72,14040.0,110.0,195.0,82,140,134,117,83,96,118.25,26.06,111.75,21.34,0.191,0.693,0,0.0,0,10,0.935,0.3546
SKU-PER-006,Hydrating Rose Water Face Toner Mist 200ml,Personal Care,63,2025-03-10,131,25545.0,110.0,195.0,72,82,140,134,120,97,107.0,34.97,110.38,23.68,0.215,0.673,0,0.0,1,11,0.9709,0.2393
SKU-PER-006,Hydrating Rose Water Face Toner Mist 200ml,Personal Care,64,2025-03-17,134,26130.0,110.0,195.0,131,72,82,140,103,105,106.25,34.22,111.75,24.62,0.22,1.233,0,0.0,0,12,0.9927,0.1205
SKU-PER-006,Hydrating Rose Water Face Toner Mist 200ml,Personal Care,65,2025-03-24,180,29835.0,110.0,195.0,134,131,72,82,115,138,104.75,32.33,115.62,25.47,0.22,1.279,1,0.15,0,13,1.0,0.0
SKU-PER-006,Hydrating Rose Water Face Toner Mist 200ml,Personal Care,66,2025-03-31,123,23985.0,110.0,195.0,180,134,131,72,117,88,129.25,44.27,123.75,34.14,0.276,1.393,0,0.0,0,14,0.9927,-0.1205
SKU-PER-006,Hydrating Rose Water Face Toner Mist 200ml,Personal Care,67,2025-04-07,103,20085.0,110.0,195.0,123,180,134,131,134,87,142.0,25.76,124.5,34.03,0.273,0.866,0,0.0,0,15,0.9709,-0.2393
SKU-PER-006,Hydrating Rose Water Face Toner Mist 200ml,Personal Care,68,2025-04-14,146,28470.0,110.0,195.0,103,123,180,134,140,40,135.0,32.63,120.62,34.56,0.286,0.763,0,0.0,0,16,0.935,-0.3546
SKU-PER-006,Hydrating Rose Water Face Toner Mist 200ml,Personal Care,69,2025-04-21,104,20280.0,110.0,195.0,146,103,123,180,82,75,138.0,33.06,121.38,35.1,0.289,1.058,0,0.0,0,17,0.8855,-0.4647
SKU-PER-006,Hydrating Rose Water Face Toner Mist 200ml,Personal Care,70,2025-04-28,173,33735.0,110.0,195.0,104,146,103,123,72,140,119.0,20.22,124.12,32.33,0.26,0.874,0,0.0,1,18,0.823,-0.5681
SKU-PER-006,Hydrating Rose Water Face Toner Mist 200ml,Personal Care,71,2025-05-05,95,18525.0,110.0,195.0,173,104,146,103,131,86,131.5,34.16,136.75,28.56,0.209,1.316,0,0.0,0,19,0.7485,-0.6631
SKU-PER-006,Hydrating Rose Water Face Toner Mist 200ml,Personal Care,72,2025-05-12,153,25359.75,110.0,195.0,95,173,104,146,134,115,129.5,36.54,132.25,32.2,0.244,0.734,1,0.15,0,20,0.6631,-0.7485
SKU-PER-006,Hydrating Rose Water Face Toner Mist 200ml,Personal Care,73,2025-05-19,130,25350.0,110.0,195.0,153,95,173,104,180,116,131.25,37.74,134.62,33.04,0.245,1.166,0,0.0,0,21,0.5681,-0.823
SKU-PER-006,Hydrating Rose Water Face Toner Mist 200ml,Personal Care,74,2025-05-26,119,23205.0,110.0,195.0,130,153,95,173,123,173,137.75,33.48,128.38,27.5,0.214,0.944,0,0.0,0,22,0.4647,-0.8855
SKU-PER-006,Hydrating Rose Water Face Toner Mist 200ml,Personal Care,75,2025-06-02,120,23400.0,110.0,195.0,119,130,153,95,103,124,124.25,24.1,127.88,27.64,0.216,0.958,0,0.0,0,23,0.3546,-0.935
SKU-PER-006,Hydrating Rose Water Face Toner Mist 200ml,Personal Care,76,2025-06-09,74,14430.0,110.0,195.0,120,119,130,153,146,56,130.5,15.8,130.0,26.07,0.201,0.92,0,0.0,0,24,0.2393,-0.9709
SKU-PER-006,Hydrating Rose Water Face Toner Mist 200ml,Personal Care,77,2025-06-16,89,17355.0,110.0,195.0,74,120,119,130,104,87,110.75,25.0,121.0,31.6,0.261,0.668,0,0.0,0,25,0.1205,-0.9927
SKU-PER-006,Hydrating Rose Water Face Toner Mist 200ml,Personal Care,78,2025-06-23,79,15405.0,110.0,195.0,89,74,120,119,173,97,100.5,22.78,119.12,33.16,0.278,0.886,0,0.0,0,26,0.0,-1.0
SKU-PER-006,Hydrating Rose Water Face Toner Mist 200ml,Personal Care,79,2025-06-30,163,27017.25,110.0,195.0,79,89,74,120,95,54,90.5,20.63,107.38,27.51,0.256,0.873,1,0.15,0,27,-0.1205,-0.9927
SKU-PER-006,Hydrating Rose Water Face Toner Mist 200ml,Personal Care,80,2025-07-07,98,19110.0,110.0,195.0,163,79,89,74,153,57,101.25,41.64,115.88,33.08,0.285,1.61,0,0.0,1,28,-0.2393,-0.9709
SKU-PER-006,Hydrating Rose Water Face Toner Mist 200ml,Personal Care,81,2025-07-14,101,19695.0,110.0,195.0,98,163,79,89,130,73,107.25,37.97,109.0,29.82,0.274,0.914,0,0.0,0,29,-0.3546,-0.935
SKU-PER-006,Hydrating Rose Water Face Toner Mist 200ml,Personal Care,82,2025-07-21,106,20670.0,110.0,195.0,101,98,163,79,119,92,110.25,36.49,105.38,28.64,0.272,0.916,0,0.0,0,30,-0.4647,-0.8855
SKU-PER-006,Hydrating Rose Water Face Toner Mist 200ml,Personal Care,83,2025-07-28,120,23400.0,110.0,195.0,106,101,98,163,120,113,117.0,30.84,103.75,28.12,0.271,0.906,0,0.0,0,31,-0.5681,-0.823
SKU-PER-006,Hydrating Rose Water Face Toner Mist 200ml,Personal Care,84,2025-08-04,98,19110.0,110.0,195.0,120,106,101,98,74,96,106.25,9.74,103.75,28.12,0.271,1.129,0,0.0,0,32,-0.6631,-0.7485
SKU-PER-006,Hydrating Rose Water Face Toner Mist 200ml,Personal Care,85,2025-08-11,73,14235.0,110.0,195.0,98,120,106,101,89,91,106.25,9.74,106.75,25.67,0.24,0.922,0,0.0,1,33,-0.7485,-0.6631
SKU-PER-006,Hydrating Rose Water Face Toner Mist 200ml,Personal Care,86,2025-08-18,126,20884.5,110.0,195.0,73,98,120,106,79,90,99.25,19.72,104.75,27.78,0.265,0.736,1,0.15,0,34,-0.823,-0.5681
SKU-PER-006,Hydrating Rose Water Face Toner Mist 200ml,Personal Care,87,2025-08-25,43,8385.0,110.0,195.0,126,73,98,120,163,56,104.25,24.06,110.62,26.5,0.24,1.209,0,0.0,0,35,-0.8855,-0.4647
SKU-PER-006,Hydrating Rose Water Face Toner Mist 200ml,Personal Care,88,2025-09-01,91,17745.0,110.0,195.0,43,126,73,98,98,55,85.0,35.39,95.62,26.58,0.278,0.506,0,0.0,0,36,-0.935,-0.3546
SKU-PER-006,Hydrating Rose Water Face Toner Mist 200ml,Personal Care,89,2025-09-08,126,24570.0,110.0,195.0,91,43,126,73,101,91,83.25,34.7,94.75,26.61,0.281,1.093,0,0.0,0,37,-0.9709,-0.2393
SKU-PER-006,Hydrating Rose Water Face Toner Mist 200ml,Personal Care,90,2025-09-15,90,17550.0,110.0,195.0,126,91,43,126,106,127,96.5,39.3,97.88,28.82,0.294,1.306,0,0.0,0,38,-0.9927,-0.1205
SKU-PER-006,Hydrating Rose Water Face Toner Mist 200ml,Personal Care,91,2025-09-22,85,16575.0,110.0,195.0,90,126,91,43,120,75,87.5,34.06,95.88,28.73,0.3,1.029,0,0.0,0,39,-1.0,-0.0
SKU-PER-006,Hydrating Rose Water Face Toner Mist 200ml,Personal Care,92,2025-09-29,108,21060.0,110.0,195.0,85,90,126,91,98,58,98.0,18.85,91.5,27.16,0.297,0.867,0,0.0,0,40,-0.9927,0.1205
SKU-PER-006,Hydrating Rose Water Face Toner Mist 200ml,Personal Care,93,2025-10-06,150,24862.5,110.0,195.0,108,85,90,126,73,123,102.25,18.66,92.75,27.72,0.299,1.056,1,0.15,1,41,-0.9709,0.2393
SKU-PER-006,Hydrating Rose Water Face Toner Mist 200ml,Personal Care,94,2025-10-13,108,21060.0,110.0,195.0,150,108,85,90,126,117,108.25,29.53,102.38,32.79,0.32,1.386,0,0.0,0,42,-0.935,0.3546
SKU-PER-006,Hydrating Rose Water Face Toner Mist 200ml,Personal Care,95,2025-10-20,92,17940.0,110.0,195.0,108,150,108,85,43,104,112.75,27.1,100.12,31.53,0.315,0.958,0,0.0,0,43,-0.8855,0.4647
SKU-PER-006,Hydrating Rose Water Face Toner Mist 200ml,Personal Care,96,2025-10-27,144,28080.0,110.0,195.0,92,108,150,108,91,172,114.5,24.84,106.25,22.24,0.209,0.803,0,0.0,1,44,-0.823,0.5681
SKU-PER-006,Hydrating Rose Water Face Toner Mist 200ml,Personal Care,97,2025-11-03,101,19695.0,110.0,195.0,144,92,108,150,126,74,123.5,28.02,112.88,24.79,0.22,1.166,0,0.0,0,45,-0.7485,0.6631
SKU-PER-006,Hydrating Rose Water Face Toner Mist 200ml,Personal Care,98,2025-11-10,100,19500.0,110.0,195.0,101,144,92,108,90,74,111.25,22.79,109.75,24.48,0.223,0.908,0,0.0,0,46,-0.6631,0.7485
SKU-PER-006,Hydrating Rose Water Face Toner Mist 200ml,Personal Care,99,2025-11-17,69,13455.0,110.0,195.0,100,101,144,92,85,99,109.25,23.51,111.0,23.56,0.212,0.915,0,0.0,0,47,-0.5681,0.823
SKU-PER-006,Hydrating Rose Water Face Toner Mist 200ml,Personal Care,100,2025-11-24,76,12597.0,110.0,195.0,69,100,101,144,108,92,103.5,30.82,109.0,26.57,0.244,0.667,1,0.15,0,48,-0.4647,0.8855
SKU-PER-006,Hydrating Rose Water Face Toner Mist 200ml,Personal Care,101,2025-12-01,80,15600.0,110.0,195.0,76,69,100,101,150,56,86.5,16.42,105.0,29.04,0.277,0.879,0,0.0,0,49,-0.3546,0.935
SKU-PER-006,Hydrating Rose Water Face Toner Mist 200ml,Personal Care,102,2025-12-08,91,17745.0,110.0,195.0,80,76,69,100,108,60,81.25,13.3,96.25,23.57,0.245,0.985,0,0.0,0,50,-0.2393,0.9709
SKU-PER-006,Hydrating Rose Water Face Toner Mist 200ml,Personal Care,103,2025-12-15,172,33540.0,110.0,195.0,91,80,76,69,92,178,79.0,9.2,94.12,23.12,0.246,1.152,0,0.0,1,51,-0.1205,0.9927
SKU-PER-006,Hydrating Rose Water Face Toner Mist 200ml,Personal Care,104,2025-12-22,66,12870.0,110.0,195.0,172,91,80,76,144,88,104.75,45.28,104.12,35.86,0.344,1.642,0,0.0,0,52,-0.0,1.0
SKU-SNK-001,Peri Peri Roasted Foxnut Makhana 150g,Snacks & Packaged Foods,1,2024-01-01,144,27216.0,115.0,189.0,144,144,144,144,144,144,144.0,0.0,144.0,0.0,0.0,1.0,0,0.0,0,1,0.1205,0.9927
SKU-SNK-001,Peri Peri Roasted Foxnut Makhana 150g,Snacks & Packaged Foods,2,2024-01-08,177,33453.0,115.0,189.0,144,144,144,144,144,144,144.0,0.0,144.0,0.0,0.0,1.0,0,0.0,0,2,0.2393,0.9709
SKU-SNK-001,Peri Peri Roasted Foxnut Makhana 150g,Snacks & Packaged Foods,3,2024-01-15,170,32130.0,115.0,189.0,177,144,144,144,144,144,160.5,23.33,160.5,23.33,0.145,1.103,0,0.0,1,3,0.3546,0.935
SKU-SNK-001,Peri Peri Roasted Foxnut Makhana 150g,Snacks & Packaged Foods,4,2024-01-22,163,30807.0,115.0,189.0,170,177,144,144,144,144,163.67,17.39,163.67,17.39,0.106,1.039,0,0.0,0,4,0.4647,0.8855
SKU-SNK-001,Peri Peri Roasted Foxnut Makhana 150g,Snacks & Packaged Foods,5,2024-01-29,182,34398.0,115.0,189.0,163,170,177,144,144,144,163.5,14.2,163.5,14.2,0.087,0.997,0,0.0,0,5,0.5681,0.823
SKU-SNK-001,Peri Peri Roasted Foxnut Makhana 150g,Snacks & Packaged Foods,6,2024-02-05,252,40483.8,115.0,189.0,182,163,170,177,177,177,173.0,8.29,167.2,14.82,0.089,1.052,1,0.15,0,6,0.6631,0.7485
SKU-SNK-001,Peri Peri Roasted Foxnut Makhana 150g,Snacks & Packaged Foods,7,2024-02-12,228,43092.0,115.0,189.0,252,182,163,170,170,170,191.75,40.93,181.33,37.07,0.204,1.314,0,0.0,0,7,0.7485,0.6631
SKU-SNK-001,Peri Peri Roasted Foxnut Makhana 150g,Snacks & Packaged Foods,8,2024-02-19,198,37422.0,115.0,189.0,228,252,182,163,163,163,206.25,40.93,188.0,38.16,0.203,1.105,0,0.0,0,8,0.823,0.5681
SKU-SNK-001,Peri Peri Roasted Foxnut Makhana 150g,Snacks & Packaged Foods,9,2024-02-26,214,40446.0,115.0,189.0,198,228,252,182,144,144,215.0,31.18,189.25,35.51,0.188,0.921,0,0.0,0,9,0.8855,0.4647
SKU-SNK-001,Peri Peri Roasted Foxnut Makhana 150g,Snacks & Packaged Foods,10,2024-03-04,121,22869.0,115.0,189.0,214,198,228,252,177,177,223.0,22.89,198.0,31.12,0.157,0.96,0,0.0,0,10,0.935,0.3546
SKU-SNK-001,Peri Peri Roasted Foxnut Makhana 150g,Snacks & Packaged Foods,11,2024-03-11,138,26082.0,115.0,189.0,121,214,198,228,170,170,190.25,47.77,191.0,41.19,0.216,0.636,0,0.0,1,11,0.9709,0.2393
SKU-SNK-001,Peri Peri Roasted Foxnut Makhana 150g,Snacks & Packaged Foods,12,2024-03-18,186,35154.0,115.0,189.0,138,121,214,198,163,163,167.75,45.18,187.0,44.9,0.24,0.823,0,0.0,0,12,0.9927,0.1205
SKU-SNK-001,Peri Peri Roasted Foxnut Makhana 150g,Snacks & Packaged Foods,13,2024-03-25,184,29559.6,115.0,189.0,186,138,121,214,182,182,164.75,42.84,189.88,43.87,0.231,1.129,1,0.15,0,13,1.0,0.0
SKU-SNK-001,Peri Peri Roasted Foxnut Makhana 150g,Snacks & Packaged Foods,14,2024-04-01,126,23814.0,115.0,189.0,184,186,138,121,252,252,157.25,32.8,190.12,43.83,0.231,1.17,0,0.0,0,14,0.9927,-0.1205
SKU-SNK-001,Peri Peri Roasted Foxnut Makhana 150g,Snacks & Packaged Foods,15,2024-04-08,107,20223.0,115.0,189.0,126,184,186,138,228,228,158.5,31.0,174.38,40.96,0.235,0.795,0,0.0,0,15,0.9709,-0.2393
SKU-SNK-001,Peri Peri Roasted Foxnut Makhana 150g,Snacks & Packaged Foods,16,2024-04-15,159,30051.0,115.0,189.0,107,126,184,186,198,198,150.75,40.31,159.25,40.67,0.255,0.71,0,0.0,0,16,0.935,-0.3546
SKU-SNK-001,Peri Peri Roasted Foxnut Makhana 150g,Snacks & Packaged Foods,17,2024-04-22,162,30618.0,115.0,189.0,159,107,126,184,214,214,144.0,34.24,154.38,37.58,0.243,1.104,0,0.0,0,17,0.8855,-0.4647
SKU-SNK-001,Peri Peri Roasted Foxnut Makhana 150g,Snacks & Packaged Foods,18,2024-04-29,198,37422.0,115.0,189.0,162,159,107,126,121,121,138.5,26.59,147.88,29.4,0.199,1.17,0,0.0,1,18,0.823,-0.5681
SKU-SNK-001,Peri Peri Roasted Foxnut Makhana 150g,Snacks & Packaged Foods,19,2024-05-06,152,28728.0,115.0,189.0,198,162,159,107,138,138,156.5,37.46,157.5,31.85,0.202,1.265,0,0.0,0,19,0.7485,-0.6631
SKU-SNK-001,Peri Peri Roasted Foxnut Makhana 150g,Snacks & Packaged Foods,20,2024-05-13,239,38395.35,115.0,189.0,152,198,162,159,186,186,167.75,20.6,159.25,31.0,0.195,0.906,1,0.15,0,20,0.6631,-0.7485
SKU-SNK-001,Peri Peri Roasted Foxnut Makhana 150g,Snacks & Packaged Foods,21,2024-05-20,136,25704.0,115.0,189.0,239,152,198,162,184,184,187.75,39.47,165.88,41.44,0.25,1.273,0,0.0,0,21,0.5681,-0.823
SKU-SNK-001,Peri Peri Roasted Foxnut Makhana 150g,Snacks & Packaged Foods,22,2024-05-27,108,20412.0,115.0,189.0,136,239,152,198,126,126,181.25,46.61,159.88,41.91,0.262,0.75,0,0.0,0,22,0.4647,-0.8855
SKU-SNK-001,Peri Peri Roasted Foxnut Makhana 150g,Snacks & Packaged Foods,23,2024-06-03,63,11907.0,115.0,189.0,108,136,239,152,107,107,158.75,56.51,157.62,44.4,0.282,0.68,0,0.0,0,23,0.3546,-0.935
SKU-SNK-001,Peri Peri Roasted Foxnut Makhana 150g,Snacks & Packaged Foods,24,2024-06-10,201,37989.0,115.0,189.0,63,108,136,239,159,159,136.5,74.66,152.12,53.38,0.351,0.462,0,0.0,0,24,0.2393,-0.9709
SKU-SNK-001,Peri Peri Roasted Foxnut Makhana 150g,Snacks & Packaged Foods,25,2024-06-17,74,13986.0,115.0,189.0,201,63,108,136,162,162,127.0,57.78,157.38,56.15,0.357,1.583,0,0.0,0,25,0.1205,-0.9927
SKU-SNK-001,Peri Peri Roasted Foxnut Makhana 150g,Snacks & Packaged Foods,26,2024-06-24,148,27972.0,115.0,189.0,74,201,63,108,198,198,111.5,62.67,146.38,63.28,0.432,0.664,0,0.0,0,26,0.0,-1.0
SKU-SNK-001,Peri Peri Roasted Foxnut Makhana 150g,Snacks & Packaged Foods,27,2024-07-01,218,35021.7,115.0,189.0,148,74,201,63,152,152,121.5,65.07,140.12,59.83,0.427,1.218,1,0.15,0,27,-0.1205,-0.9927
SKU-SNK-001,Peri Peri Roasted Foxnut Makhana 150g,Snacks & Packaged Foods,28,2024-07-08,170,32130.0,115.0,189.0,218,148,74,201,239,239,160.25,64.77,148.38,65.94,0.444,1.36,0,0.0,1,28,-0.2393,-0.9709
SKU-SNK-001,Peri Peri Roasted Foxnut Makhana 150g,Snacks & Packaged Foods,29,2024-07-15,141,26649.0,115.0,189.0,170,218,148,74,136,136,152.5,59.94,139.75,56.18,0.402,1.115,0,0.0,0,29,-0.3546,-0.935
SKU-SNK-001,Peri Peri Roasted Foxnut Makhana 150g,Snacks & Packaged Foods,30,2024-07-22,147,27783.0,115.0,189.0,141,170,218,148,108,108,169.25,34.77,140.38,56.16,0.4,0.833,0,0.0,0,30,-0.4647,-0.8855
SKU-SNK-001,Peri Peri Roasted Foxnut Makhana 150g,Snacks & Packaged Foods,31,2024-07-29,257,48573.0,115.0,189.0,147,141,170,218,63,63,169.0,34.98,145.25,54.62,0.376,0.87,0,0.0,0,31,-0.5681,-0.823
SKU-SNK-001,Peri Peri Roasted Foxnut Makhana 150g,Snacks & Packaged Foods,32,2024-08-05,159,30051.0,115.0,189.0,257,147,141,170,201,201,178.75,53.64,169.5,55.94,0.33,1.438,0,0.0,0,32,-0.6631,-0.7485
SKU-SNK-001,Peri Peri Roasted Foxnut Makhana 150g,Snacks & Packaged Foods,33,2024-08-12,173,32697.0,115.0,189.0,159,257,147,141,74,74,176.0,54.52,164.25,54.51,0.332,0.903,0,0.0,1,33,-0.7485,-0.6631
SKU-SNK-001,Peri Peri Roasted Foxnut Makhana 150g,Snacks & Packaged Foods,34,2024-08-19,174,27953.1,115.0,189.0,173,159,257,147,148,148,184.0,49.81,176.62,40.54,0.23,0.94,1,0.15,0,34,-0.823,-0.5681
SKU-SNK-001,Peri Peri Roasted Foxnut Makhana 150g,Snacks & Packaged Foods,35,2024-08-26,167,31563.0,115.0,189.0,174,173,159,257,218,218,190.75,44.69,179.88,38.93,0.216,0.912,0,0.0,0,35,-0.8855,-0.4647
SKU-SNK-001,Peri Peri Roasted Foxnut Makhana 150g,Snacks & Packaged Foods,36,2024-09-02,128,24192.0,115.0,189.0,167,174,173,159,170,170,168.25,6.9,173.5,35.85,0.207,0.993,0,0.0,0,36,-0.935,-0.3546
SKU-SNK-001,Peri Peri Roasted Foxnut Makhana 150g,Snacks & Packaged Foods,37,2024-09-09,197,37233.0,115.0,189.0,128,167,174,173,141,141,160.5,21.89,168.25,39.34,0.234,0.798,0,0.0,0,37,-0.9709,-0.2393
SKU-SNK-001,Peri Peri Roasted Foxnut Makhana 150g,Snacks & Packaged Foods,38,2024-09-16,157,29673.0,115.0,189.0,197,128,167,174,147,147,166.5,28.69,175.25,38.78,0.221,1.183,0,0.0,0,38,-0.9927,-0.1205
SKU-SNK-001,Peri Peri Roasted Foxnut Makhana 150g,Snacks & Packaged Foods,39,2024-09-23,167,31563.0,115.0,189.0,157,197,128,167,257,257,162.25,28.46,176.5,37.89,0.215,0.968,0,0.0,0,39,-1.0,-0.0
SKU-SNK-001,Peri Peri Roasted Foxnut Makhana 150g,Snacks & Packaged Foods,40,2024-09-30,132,24948.0,115.0,189.0,167,157,197,128,159,159,162.25,28.46,165.25,19.44,0.118,1.029,0,0.0,0,40,-0.9927,0.1205
SKU-SNK-001,Peri Peri Roasted Foxnut Makhana 150g,Snacks & Packaged Foods,41,2024-10-07,171,27471.15,115.0,189.0,132,167,157,197,173,173,163.25,26.89,161.88,22.74,0.141,0.809,1,0.15,1,41,-0.9709,0.2393
SKU-SNK-001,Peri Peri Roasted Foxnut Makhana 150g,Snacks & Packaged Foods,42,2024-10-14,242,45738.0,115.0,189.0,171,132,167,157,174,174,156.75,17.52,161.62,22.61,0.14,1.091,0,0.0,0,42,-0.935,0.3546
SKU-SNK-001,Peri Peri Roasted Foxnut Makhana 150g,Snacks & Packaged Foods,43,2024-10-21,183,34587.0,115.0,189.0,242,171,132,167,167,167,178.0,46.12,170.12,36.47,0.214,1.36,0,0.0,0,43,-0.8855,0.4647
SKU-SNK-001,Peri Peri Roasted Foxnut Makhana 150g,Snacks & Packaged Foods,44,2024-10-28,179,33831.0,115.0,189.0,183,242,171,132,128,128,182.0,45.54,172.12,36.71,0.213,1.005,0,0.0,1,44,-0.823,0.5681
SKU-SNK-001,Peri Peri Roasted Foxnut Makhana 150g,Snacks & Packaged Foods,45,2024-11-04,221,41769.0,115.0,189.0,179,183,242,171,197,197,193.75,32.55,178.5,32.09,0.18,0.924,0,0.0,0,45,-0.7485,0.6631
SKU-SNK-001,Peri Peri Roasted Foxnut Makhana 150g,Snacks & Packaged Foods,46,2024-11-11,137,25893.0,115.0,189.0,221,179,183,242,157,157,206.25,30.43,181.5,35.05,0.193,1.072,0,0.0,0,46,-0.6631,0.7485
SKU-SNK-001,Peri Peri Roasted Foxnut Makhana 150g,Snacks & Packaged Foods,47,2024-11-18,201,37989.0,115.0,189.0,137,221,179,183,167,167,180.0,34.35,179.0,37.66,0.21,0.761,0,0.0,0,47,-0.5681,0.823
SKU-SNK-001,Peri Peri Roasted Foxnut Makhana 150g,Snacks & Packaged Foods,48,2024-11-25,188,30202.2,115.0,189.0,201,137,221,179,132,132,184.5,36.01,183.25,38.03,0.208,1.089,1,0.15,0,48,-0.4647,0.8855
SKU-SNK-001,Peri Peri Roasted Foxnut Makhana 150g,Snacks & Packaged Foods,49,2024-12-02,194,36666.0,115.0,189.0,188,201,137,221,171,171,186.75,35.84,190.25,31.91,0.168,1.007,0,0.0,0,49,-0.3546,0.935
SKU-SNK-001,Peri Peri Roasted Foxnut Makhana 150g,Snacks & Packaged Foods,50,2024-12-09,264,49896.0,115.0,189.0,194,188,201,137,242,242,180.0,29.15,193.12,30.95,0.16,1.078,0,0.0,0,50,-0.2393,0.9709
SKU-SNK-001,Peri Peri Roasted Foxnut Makhana 150g,Snacks & Packaged Foods,51,2024-12-16,191,36099.0,115.0,189.0,264,194,188,201,183,183,211.75,35.24,195.88,36.41,0.186,1.247,0,0.0,1,51,-0.1205,0.9927
SKU-SNK-001,Peri Peri Roasted Foxnut Makhana 150g,Snacks & Packaged Foods,52,2024-12-23,184,34776.0,115.0,189.0,191,264,194,188,179,179,209.25,36.58,196.88,36.12,0.183,0.913,0,0.0,0,52,-0.0,1.0
SKU-SNK-001,Peri Peri Roasted Foxnut Makhana 150g,Snacks & Packaged Foods,53,2024-12-30,198,37422.0,115.0,189.0,184,191,264,194,221,144,208.25,37.4,197.5,35.81,0.181,0.884,0,0.0,0,1,0.1205,0.9927
SKU-SNK-001,Peri Peri Roasted Foxnut Makhana 150g,Snacks & Packaged Foods,54,2025-01-06,204,38556.0,115.0,189.0,198,184,191,264,137,177,209.25,36.94,194.62,34.55,0.178,0.946,0,0.0,0,2,0.2393,0.9709
SKU-SNK-001,Peri Peri Roasted Foxnut Makhana 150g,Snacks & Packaged Foods,55,2025-01-13,351,56388.15,115.0,189.0,204,198,184,191,201,170,194.25,8.66,203.0,25.53,0.126,1.05,1,0.15,1,3,0.3546,0.935
SKU-SNK-001,Peri Peri Roasted Foxnut Makhana 150g,Snacks & Packaged Foods,56,2025-01-20,196,37044.0,115.0,189.0,351,204,198,184,188,163,234.25,78.28,221.75,58.12,0.262,1.498,0,0.0,0,4,0.4647,0.8855
SKU-SNK-001,Peri Peri Roasted Foxnut Makhana 150g,Snacks & Packaged Foods,57,2025-01-27,241,45549.0,115.0,189.0,196,351,204,198,194,182,237.25,75.91,222.75,57.53,0.258,0.826,0,0.0,0,5,0.5681,0.823
SKU-SNK-001,Peri Peri Roasted Foxnut Makhana 150g,Snacks & Packaged Foods,58,2025-02-03,287,54243.0,115.0,189.0,241,196,351,204,264,252,248.0,71.41,228.62,56.56,0.247,0.972,0,0.0,0,6,0.6631,0.7485
SKU-SNK-001,Peri Peri Roasted Foxnut Makhana 150g,Snacks & Packaged Foods,59,2025-02-10,190,35910.0,115.0,189.0,287,241,196,351,191,228,268.75,66.23,231.5,59.14,0.255,1.068,0,0.0,0,7,0.7485,0.6631
SKU-SNK-001,Peri Peri Roasted Foxnut Makhana 150g,Snacks & Packaged Foods,60,2025-02-17,261,49329.0,115.0,189.0,190,287,241,196,184,198,228.5,45.16,231.38,59.24,0.256,0.832,0,0.0,0,8,0.823,0.5681
SKU-SNK-001,Peri Peri Roasted Foxnut Makhana 150g,Snacks & Packaged Foods,61,2025-02-24,275,51975.0,115.0,189.0,261,190,287,241,198,214,244.75,41.07,241.0,56.64,0.235,1.066,0,0.0,0,9,0.8855,0.4647
SKU-SNK-001,Peri Peri Roasted Foxnut Makhana 150g,Snacks & Packaged Foods,62,2025-03-03,326,52371.9,115.0,189.0,275,261,190,287,204,121,253.25,43.48,250.62,54.81,0.219,1.086,1,0.15,0,10,0.935,0.3546
SKU-SNK-001,Peri Peri Roasted Foxnut Makhana 150g,Snacks & Packaged Foods,63,2025-03-10,282,53298.0,115.0,189.0,326,275,261,190,351,138,263.0,56.11,265.88,56.91,0.214,1.24,0,0.0,1,11,0.9709,0.2393
SKU-SNK-001,Peri Peri Roasted Foxnut Makhana 150g,Snacks & Packaged Foods,64,2025-03-17,154,29106.0,115.0,189.0,282,326,275,261,196,186,286.0,28.06,257.25,46.43,0.18,0.986,0,0.0,0,12,0.9927,0.1205
SKU-SNK-001,Peri Peri Roasted Foxnut Makhana 150g,Snacks & Packaged Foods,65,2025-03-24,218,41202.0,115.0,189.0,154,282,326,275,241,184,259.25,73.71,252.0,55.78,0.221,0.594,0,0.0,0,13,1.0,0.0
SKU-SNK-001,Peri Peri Roasted Foxnut Makhana 150g,Snacks & Packaged Foods,66,2025-03-31,166,31374.0,115.0,189.0,218,154,282,326,287,126,245.0,75.14,249.12,57.01,0.229,0.89,0,0.0,0,14,0.9927,-0.1205
SKU-SNK-001,Peri Peri Roasted Foxnut Makhana 150g,Snacks & Packaged Foods,67,2025-04-07,301,56889.0,115.0,189.0,166,218,154,282,190,107,205.0,58.37,234.0,61.4,0.262,0.81,0,0.0,0,15,0.9709,-0.2393
SKU-SNK-001,Peri Peri Roasted Foxnut Makhana 150g,Snacks & Packaged Foods,68,2025-04-14,248,46872.0,115.0,189.0,301,166,218,154,261,159,209.75,66.87,247.88,62.57,0.252,1.435,0,0.0,0,16,0.935,-0.3546
SKU-SNK-001,Peri Peri Roasted Foxnut Makhana 150g,Snacks & Packaged Foods,69,2025-04-21,224,35985.6,115.0,189.0,248,301,166,218,275,162,233.25,56.46,246.25,62.35,0.253,1.063,1,0.15,0,17,0.8855,-0.4647
SKU-SNK-001,Peri Peri Roasted Foxnut Makhana 150g,Snacks & Packaged Foods,70,2025-04-28,276,52164.0,115.0,189.0,224,248,301,166,326,198,234.75,56.0,239.88,61.59,0.257,0.954,0,0.0,1,18,0.823,-0.5681
SKU-SNK-001,Peri Peri Roasted Foxnut Makhana 150g,Snacks & Packaged Foods,71,2025-05-05,153,28917.0,115.0,189.0,276,224,248,301,282,152,262.25,33.45,233.62,53.63,0.23,1.052,0,0.0,0,19,0.7485,-0.6631
SKU-SNK-001,Peri Peri Roasted Foxnut Makhana 150g,Snacks & Packaged Foods,72,2025-05-12,208,39312.0,115.0,189.0,153,276,224,248,154,239,225.25,52.65,217.5,56.33,0.259,0.679,0,0.0,0,20,0.6631,-0.7485
SKU-SNK-001,Peri Peri Roasted Foxnut Makhana 150g,Snacks & Packaged Foods,73,2025-05-19,178,33642.0,115.0,189.0,208,153,276,224,218,136,215.25,50.65,224.25,50.58,0.226,0.966,0,0.0,0,21,0.5681,-0.823
SKU-SNK-001,Peri Peri Roasted Foxnut Makhana 150g,Snacks & Packaged Foods,74,2025-05-26,136,25704.0,115.0,189.0,178,208,153,276,166,108,203.75,53.16,219.25,53.19,0.243,0.874,0,0.0,0,22,0.4647,-0.8855
SKU-SNK-001,Peri Peri Roasted Foxnut Makhana 150g,Snacks & Packaged Foods,75,2025-06-02,274,51786.0,115.0,189.0,136,178,208,153,301,63,168.75,31.34,215.5,58.29,0.271,0.806,0,0.0,0,23,0.3546,-0.935
SKU-SNK-001,Peri Peri Roasted Foxnut Makhana 150g,Snacks & Packaged Foods,76,2025-06-09,245,39359.25,115.0,189.0,274,136,178,208,248,201,199.0,58.07,212.12,53.2,0.251,1.377,1,0.15,0,24,0.2393,-0.9709
SKU-SNK-001,Peri Peri Roasted Foxnut Makhana 150g,Snacks & Packaged Foods,77,2025-06-16,241,45549.0,115.0,189.0,245,274,136,178,224,74,208.25,62.74,211.75,52.92,0.25,1.176,0,0.0,0,25,0.1205,-0.9927
SKU-SNK-001,Peri Peri Roasted Foxnut Makhana 150g,Snacks & Packaged Foods,78,2025-06-23,148,27972.0,115.0,189.0,241,245,274,136,276,148,224.0,60.48,213.88,53.81,0.252,1.076,0,0.0,0,26,0.0,-1.0
SKU-SNK-001,Peri Peri Roasted Foxnut Makhana 150g,Snacks & Packaged Foods,79,2025-06-30,147,27783.0,115.0,189.0,148,241,245,274,153,218,227.0,54.68,197.88,51.69,0.261,0.652,0,0.0,0,27,-0.1205,-0.9927
SKU-SNK-001,Peri Peri Roasted Foxnut Makhana 150g,Snacks & Packaged Foods,80,2025-07-07,103,19467.0,115.0,189.0,147,148,241,245,208,170,195.25,55.16,197.12,52.47,0.266,0.753,0,0.0,1,28,-0.2393,-0.9709
SKU-SNK-001,Peri Peri Roasted Foxnut Makhana 150g,Snacks & Packaged Foods,81,2025-07-14,197,37233.0,115.0,189.0,103,147,148,241,178,141,159.75,58.09,184.0,61.69,0.335,0.645,0,0.0,0,29,-0.3546,-0.935
SKU-SNK-001,Peri Peri Roasted Foxnut Makhana 150g,Snacks & Packaged Foods,82,2025-07-21,164,30996.0,115.0,189.0,197,103,147,148,136,147,148.75,38.4,186.38,61.79,0.332,1.324,0,0.0,0,30,-0.4647,-0.8855
SKU-SNK-001,Peri Peri Roasted Foxnut Makhana 150g,Snacks & Packaged Foods,83,2025-07-28,184,29559.6,115.0,189.0,164,197,103,147,274,257,152.75,39.13,189.88,59.27,0.312,1.074,1,0.15,0,31,-0.5681,-0.823
SKU-SNK-001,Peri Peri Roasted Foxnut Makhana 150g,Snacks & Packaged Foods,84,2025-08-04,183,34587.0,115.0,189.0,184,164,197,103,245,159,162.0,41.61,178.62,48.6,0.272,1.136,0,0.0,0,32,-0.6631,-0.7485
SKU-SNK-001,Peri Peri Roasted Foxnut Makhana 150g,Snacks & Packaged Foods,85,2025-08-11,314,59346.0,115.0,189.0,183,184,164,197,241,173,182.0,13.59,170.88,40.83,0.239,1.005,0,0.0,1,33,-0.7485,-0.6631
SKU-SNK-001,Peri Peri Roasted Foxnut Makhana 150g,Snacks & Packaged Foods,86,2025-08-18,217,41013.0,115.0,189.0,314,183,184,164,148,174,211.25,69.12,180.0,61.61,0.342,1.486,0,0.0,0,34,-0.823,-0.5681
SKU-SNK-001,Peri Peri Roasted Foxnut Makhana 150g,Snacks & Packaged Foods,87,2025-08-25,119,22491.0,115.0,189.0,217,314,183,184,147,167,224.5,61.72,188.62,61.32,0.325,0.967,0,0.0,0,35,-0.8855,-0.4647
SKU-SNK-001,Peri Peri Roasted Foxnut Makhana 150g,Snacks & Packaged Foods,88,2025-09-01,248,46872.0,115.0,189.0,119,217,314,183,103,128,208.25,81.37,185.12,64.74,0.35,0.571,0,0.0,0,36,-0.935,-0.3546
SKU-SNK-001,Peri Peri Roasted Foxnut Makhana 150g,Snacks & Packaged Foods,89,2025-09-08,136,25704.0,115.0,189.0,248,119,217,314,197,197,224.5,81.14,203.25,58.45,0.288,1.105,0,0.0,0,37,-0.9709,-0.2393
SKU-SNK-001,Peri Peri Roasted Foxnut Makhana 150g,Snacks & Packaged Foods,90,2025-09-15,312,50122.8,115.0,189.0,136,248,119,217,164,157,180.0,62.32,195.62,63.17,0.323,0.756,1,0.15,0,38,-0.9927,-0.1205
SKU-SNK-001,Peri Peri Roasted Foxnut Makhana 150g,Snacks & Packaged Foods,91,2025-09-22,70,13230.0,115.0,189.0,312,136,248,119,184,167,203.75,92.1,214.12,73.43,0.343,1.531,0,0.0,0,39,-1.0,-0.0
SKU-SNK-001,Peri Peri Roasted Foxnut Makhana 150g,Snacks & Packaged Foods,92,2025-09-29,178,33642.0,115.0,189.0,70,312,136,248,183,132,191.5,108.87,199.88,89.43,0.447,0.366,0,0.0,0,40,-0.9927,0.1205
SKU-SNK-001,Peri Peri Roasted Foxnut Makhana 150g,Snacks & Packaged Foods,93,2025-10-06,286,54054.0,115.0,189.0,178,70,312,136,314,171,174.0,102.18,199.25,89.58,0.45,1.023,0,0.0,1,41,-0.9709,0.2393
SKU-SNK-001,Peri Peri Roasted Foxnut Makhana 150g,Snacks & Packaged Foods,94,2025-10-13,205,38745.0,115.0,189.0,286,178,70,312,217,242,211.5,110.75,195.75,84.88,0.434,1.352,0,0.0,0,42,-0.935,0.3546
SKU-SNK-001,Peri Peri Roasted Foxnut Makhana 150g,Snacks & Packaged Foods,95,2025-10-20,250,47250.0,115.0,189.0,205,286,178,70,119,183,184.75,89.21,194.25,84.55,0.435,1.11,0,0.0,0,43,-0.8855,0.4647
SKU-SNK-001,Peri Peri Roasted Foxnut Makhana 150g,Snacks & Packaged Foods,96,2025-10-27,469,88641.0,115.0,189.0,250,205,286,178,248,179,229.75,47.84,210.62,80.49,0.382,1.088,0,0.0,1,44,-0.823,0.5681
SKU-SNK-001,Peri Peri Roasted Foxnut Makhana 150g,Snacks & Packaged Foods,97,2025-11-03,297,47713.05,115.0,189.0,469,250,205,286,136,221,302.5,115.84,238.25,122.24,0.513,1.55,1,0.15,0,45,-0.7485,0.6631
SKU-SNK-001,Peri Peri Roasted Foxnut Makhana 150g,Snacks & Packaged Foods,98,2025-11-10,282,53298.0,115.0,189.0,297,469,250,205,312,137,305.25,115.45,258.38,116.1,0.449,0.973,0,0.0,0,46,-0.6631,0.7485
SKU-SNK-001,Peri Peri Roasted Foxnut Makhana 150g,Snacks & Packaged Foods,99,2025-11-17,255,48195.0,115.0,189.0,282,297,469,250,70,201,324.5,98.31,254.62,114.6,0.45,0.869,0,0.0,0,47,-0.5681,0.823
SKU-SNK-001,Peri Peri Roasted Foxnut Makhana 150g,Snacks & Packaged Foods,100,2025-11-24,186,35154.0,115.0,189.0,255,282,297,469,178,188,325.75,97.07,277.75,87.48,0.315,0.783,0,0.0,0,48,-0.4647,0.8855
SKU-SNK-001,Peri Peri Roasted Foxnut Makhana 150g,Snacks & Packaged Foods,101,2025-12-01,165,31185.0,115.0,189.0,186,255,282,297,286,194,255.0,49.17,278.75,86.21,0.309,0.729,0,0.0,0,49,-0.3546,0.935
SKU-SNK-001,Peri Peri Roasted Foxnut Makhana 150g,Snacks & Packaged Foods,102,2025-12-08,228,43092.0,115.0,189.0,165,186,255,282,205,264,222.0,55.48,263.62,94.93,0.36,0.743,0,0.0,0,50,-0.2393,0.9709
SKU-SNK-001,Peri Peri Roasted Foxnut Makhana 150g,Snacks & Packaged Foods,103,2025-12-15,323,61047.0,115.0,189.0,228,165,186,255,250,191,208.5,40.58,266.5,93.23,0.35,1.094,0,0.0,1,51,-0.1205,0.9927
SKU-SNK-001,Peri Peri Roasted Foxnut Makhana 150g,Snacks & Packaged Foods,104,2025-12-22,218,35021.7,115.0,189.0,323,228,165,186,469,184,225.5,70.08,275.62,94.94,0.344,1.432,1,0.15,0,52,-0.0,1.0
SKU-SNK-002,Dark Chocolate Quinoa Granola 400g,Snacks & Packaged Foods,1,2024-01-01,96,33504.0,220.0,349.0,96,96,96,96,96,96,96.0,0.0,96.0,0.0,0.0,1.0,0,0.0,0,1,0.1205,0.9927
SKU-SNK-002,Dark Chocolate Quinoa Granola 400g,Snacks & Packaged Foods,2,2024-01-08,88,30712.0,220.0,349.0,96,96,96,96,96,96,96.0,0.0,96.0,0.0,0.0,1.0,0,0.0,0,2,0.2393,0.9709
SKU-SNK-002,Dark Chocolate Quinoa Granola 400g,Snacks & Packaged Foods,3,2024-01-15,82,24325.3,220.0,349.0,88,96,96,96,96,96,92.0,5.66,92.0,5.66,0.061,0.957,1,0.15,1,3,0.3546,0.935
SKU-SNK-002,Dark Chocolate Quinoa Granola 400g,Snacks & Packaged Foods,4,2024-01-22,93,32457.0,220.0,349.0,82,88,96,96,96,96,88.67,7.02,88.67,7.02,0.079,0.925,0,0.0,0,4,0.4647,0.8855
SKU-SNK-002,Dark Chocolate Quinoa Granola 400g,Snacks & Packaged Foods,5,2024-01-29,61,21289.0,220.0,349.0,93,82,88,96,96,96,89.75,6.13,89.75,6.13,0.068,1.036,0,0.0,0,5,0.5681,0.823
SKU-SNK-002,Dark Chocolate Quinoa Granola 400g,Snacks & Packaged Foods,6,2024-02-05,41,14309.0,220.0,349.0,61,93,82,88,88,88,81.0,14.07,84.0,13.91,0.166,0.753,0,0.0,0,6,0.6631,0.7485
SKU-SNK-002,Dark Chocolate Quinoa Granola 400g,Snacks & Packaged Foods,7,2024-02-12,80,27920.0,220.0,349.0,41,61,93,82,82,82,69.25,23.04,76.83,21.52,0.28,0.592,0,0.0,0,7,0.7485,0.6631
SKU-SNK-002,Dark Chocolate Quinoa Granola 400g,Snacks & Packaged Foods,8,2024-02-19,65,22685.0,220.0,349.0,80,41,61,93,93,93,68.75,22.69,77.29,19.68,0.255,1.164,0,0.0,0,8,0.823,0.5681
SKU-SNK-002,Dark Chocolate Quinoa Granola 400g,Snacks & Packaged Foods,9,2024-02-26,106,36994.0,220.0,349.0,65,80,41,61,96,96,61.75,16.07,75.75,18.73,0.247,1.053,0,0.0,0,9,0.8855,0.4647
SKU-SNK-002,Dark Chocolate Quinoa Granola 400g,Snacks & Packaged Foods,10,2024-03-04,74,21952.1,220.0,349.0,106,65,80,41,88,88,73.0,27.24,77.0,20.52,0.267,1.452,1,0.15,0,10,0.935,0.3546
SKU-SNK-002,Dark Chocolate Quinoa Granola 400g,Snacks & Packaged Foods,11,2024-03-11,135,47115.0,220.0,349.0,74,106,65,80,82,82,81.25,17.61,75.25,20.04,0.266,0.911,0,0.0,1,11,0.9709,0.2393
SKU-SNK-002,Dark Chocolate Quinoa Granola 400g,Snacks & Packaged Foods,12,2024-03-18,146,50954.0,220.0,349.0,135,74,106,65,93,93,95.0,31.95,81.88,29.24,0.357,1.421,0,0.0,0,12,0.9927,0.1205
SKU-SNK-002,Dark Chocolate Quinoa Granola 400g,Snacks & Packaged Foods,13,2024-03-25,107,37343.0,220.0,349.0,146,135,74,106,61,61,115.25,32.26,88.5,37.08,0.419,1.267,0,0.0,0,13,1.0,0.0
SKU-SNK-002,Dark Chocolate Quinoa Granola 400g,Snacks & Packaged Foods,14,2024-04-01,88,30712.0,220.0,349.0,107,146,135,74,41,41,115.5,32.17,94.25,35.74,0.379,0.926,0,0.0,0,14,0.9927,-0.1205
SKU-SNK-002,Dark Chocolate Quinoa Granola 400g,Snacks & Packaged Foods,15,2024-04-08,79,27571.0,220.0,349.0,88,107,146,135,80,80,119.0,26.39,100.12,28.96,0.289,0.739,0,0.0,0,15,0.9709,-0.2393
SKU-SNK-002,Dark Chocolate Quinoa Granola 400g,Snacks & Packaged Foods,16,2024-04-15,149,52001.0,220.0,349.0,79,88,107,146,65,65,105.0,29.72,100.0,29.06,0.291,0.752,0,0.0,0,16,0.935,-0.3546
SKU-SNK-002,Dark Chocolate Quinoa Granola 400g,Snacks & Packaged Foods,17,2024-04-22,140,41531.0,220.0,349.0,149,79,88,107,106,106,105.75,31.11,110.5,29.78,0.269,1.409,1,0.15,0,17,0.8855,-0.4647
SKU-SNK-002,Dark Chocolate Quinoa Granola 400g,Snacks & Packaged Foods,18,2024-04-29,41,14309.0,220.0,349.0,140,149,79,88,74,74,114.0,35.6,114.75,31.42,0.274,1.228,0,0.0,1,18,0.823,-0.5681
SKU-SNK-002,Dark Chocolate Quinoa Granola 400g,Snacks & Packaged Foods,19,2024-05-06,90,31410.0,220.0,349.0,41,140,149,79,135,135,102.25,51.32,110.62,38.83,0.351,0.401,0,0.0,0,19,0.7485,-0.6631
SKU-SNK-002,Dark Chocolate Quinoa Granola 400g,Snacks & Packaged Foods,20,2024-05-13,115,40135.0,220.0,349.0,90,41,140,149,146,146,105.0,49.94,105.0,38.05,0.362,0.857,0,0.0,0,20,0.6631,-0.7485
SKU-SNK-002,Dark Chocolate Quinoa Granola 400g,Snacks & Packaged Foods,21,2024-05-20,67,23383.0,220.0,349.0,115,90,41,140,107,107,96.5,42.26,101.12,34.7,0.343,1.192,0,0.0,0,21,0.5681,-0.823
SKU-SNK-002,Dark Chocolate Quinoa Granola 400g,Snacks & Packaged Foods,22,2024-05-27,160,55840.0,220.0,349.0,67,115,90,41,88,88,78.25,31.64,96.12,36.57,0.38,0.856,0,0.0,0,22,0.4647,-0.8855
SKU-SNK-002,Dark Chocolate Quinoa Granola 400g,Snacks & Packaged Foods,23,2024-06-03,84,29316.0,220.0,349.0,160,67,115,90,79,79,108.0,39.82,105.12,42.64,0.406,1.481,0,0.0,0,23,0.3546,-0.935
SKU-SNK-002,Dark Chocolate Quinoa Granola 400g,Snacks & Packaged Foods,24,2024-06-10,156,46277.4,220.0,349.0,84,160,67,115,149,149,106.5,40.83,105.75,42.24,0.399,0.789,1,0.15,0,24,0.2393,-0.9709
SKU-SNK-002,Dark Chocolate Quinoa Granola 400g,Snacks & Packaged Foods,25,2024-06-17,96,33504.0,220.0,349.0,156,84,160,67,140,140,116.75,48.16,106.62,43.32,0.406,1.336,0,0.0,0,25,0.1205,-0.9927
SKU-SNK-002,Dark Chocolate Quinoa Granola 400g,Snacks & Packaged Foods,26,2024-06-24,95,33155.0,220.0,349.0,96,156,84,160,41,41,124.0,39.6,101.12,41.22,0.408,0.774,0,0.0,0,26,0.0,-1.0
SKU-SNK-002,Dark Chocolate Quinoa Granola 400g,Snacks & Packaged Foods,27,2024-07-01,132,46068.0,220.0,349.0,95,96,156,84,90,90,107.75,32.62,107.88,33.7,0.312,0.882,0,0.0,0,27,-0.1205,-0.9927
SKU-SNK-002,Dark Chocolate Quinoa Granola 400g,Snacks & Packaged Foods,28,2024-07-08,60,20940.0,220.0,349.0,132,95,96,156,115,115,119.75,29.67,113.12,33.79,0.299,1.102,0,0.0,1,28,-0.2393,-0.9709
SKU-SNK-002,Dark Chocolate Quinoa Granola 400g,Snacks & Packaged Foods,29,2024-07-15,139,48511.0,220.0,349.0,60,132,95,96,67,67,95.75,29.4,106.25,38.61,0.363,0.627,0,0.0,0,29,-0.3546,-0.935
SKU-SNK-002,Dark Chocolate Quinoa Granola 400g,Snacks & Packaged Foods,30,2024-07-22,113,39437.0,220.0,349.0,139,60,132,95,160,160,106.5,36.52,115.25,36.48,0.317,1.305,0,0.0,0,30,-0.4647,-0.8855
SKU-SNK-002,Dark Chocolate Quinoa Granola 400g,Snacks & Packaged Foods,31,2024-07-29,81,24028.65,220.0,349.0,113,139,60,132,84,84,111.0,35.73,109.38,31.72,0.29,1.018,1,0.15,0,31,-0.5681,-0.823
SKU-SNK-002,Dark Chocolate Quinoa Granola 400g,Snacks & Packaged Foods,32,2024-08-05,52,18148.0,220.0,349.0,81,113,139,60,156,156,98.25,34.83,109.0,32.08,0.294,0.824,0,0.0,0,32,-0.6631,-0.7485
SKU-SNK-002,Dark Chocolate Quinoa Granola 400g,Snacks & Packaged Foods,33,2024-08-12,78,27222.0,220.0,349.0,52,81,113,139,96,96,96.25,37.85,96.0,31.38,0.327,0.54,0,0.0,1,33,-0.7485,-0.6631
SKU-SNK-002,Dark Chocolate Quinoa Granola 400g,Snacks & Packaged Foods,34,2024-08-19,67,23383.0,220.0,349.0,78,52,81,113,95,95,81.0,24.99,93.75,32.02,0.342,0.963,0,0.0,0,34,-0.823,-0.5681
SKU-SNK-002,Dark Chocolate Quinoa Granola 400g,Snacks & Packaged Foods,35,2024-08-26,108,37692.0,220.0,349.0,67,78,52,81,132,132,69.5,13.13,90.25,33.36,0.37,0.964,0,0.0,0,35,-0.8855,-0.4647
SKU-SNK-002,Dark Chocolate Quinoa Granola 400g,Snacks & Packaged Foods,36,2024-09-02,83,28967.0,220.0,349.0,108,67,78,52,60,60,76.25,23.7,87.25,29.98,0.344,1.416,0,0.0,0,36,-0.935,-0.3546
SKU-SNK-002,Dark Chocolate Quinoa Granola 400g,Snacks & Packaged Foods,37,2024-09-09,95,33155.0,220.0,349.0,83,108,67,78,139,139,84.0,17.34,90.12,28.03,0.311,0.988,0,0.0,0,37,-0.9709,-0.2393
SKU-SNK-002,Dark Chocolate Quinoa Granola 400g,Snacks & Packaged Foods,38,2024-09-16,137,40641.05,220.0,349.0,95,83,108,67,113,113,88.25,17.46,84.62,20.33,0.24,1.076,1,0.15,0,38,-0.9927,-0.1205
SKU-SNK-002,Dark Chocolate Quinoa Granola 400g,Snacks & Packaged Foods,39,2024-09-23,63,21987.0,220.0,349.0,137,95,83,108,81,81,105.75,23.2,87.62,26.08,0.298,1.296,0,0.0,0,39,-1.0,-0.0
SKU-SNK-002,Dark Chocolate Quinoa Granola 400g,Snacks & Packaged Foods,40,2024-09-30,65,22685.0,220.0,349.0,63,137,95,83,52,52,94.5,31.26,85.38,27.47,0.322,0.667,0,0.0,0,40,-0.9927,0.1205
SKU-SNK-002,Dark Chocolate Quinoa Granola 400g,Snacks & Packaged Foods,41,2024-10-07,158,55142.0,220.0,349.0,65,63,137,95,78,78,90.0,34.58,87.0,25.53,0.293,0.722,0,0.0,1,41,-0.9709,0.2393
SKU-SNK-002,Dark Chocolate Quinoa Granola 400g,Snacks & Packaged Foods,42,2024-10-14,86,30014.0,220.0,349.0,158,65,63,137,67,67,105.75,48.97,97.0,35.3,0.364,1.494,0,0.0,0,42,-0.935,0.3546
SKU-SNK-002,Dark Chocolate Quinoa Granola 400g,Snacks & Packaged Foods,43,2024-10-21,80,27920.0,220.0,349.0,86,158,65,63,108,108,93.0,44.56,99.38,33.59,0.338,0.925,0,0.0,0,43,-0.8855,0.4647
SKU-SNK-002,Dark Chocolate Quinoa Granola 400g,Snacks & Packaged Foods,44,2024-10-28,162,56538.0,220.0,349.0,80,86,158,65,83,83,97.25,41.45,95.88,34.02,0.355,0.823,0,0.0,1,44,-0.823,0.5681
SKU-SNK-002,Dark Chocolate Quinoa Granola 400g,Snacks & Packaged Foods,45,2024-11-04,194,57550.1,220.0,349.0,162,80,86,158,95,95,121.5,44.55,105.75,40.58,0.384,1.333,1,0.15,0,45,-0.7485,0.6631
SKU-SNK-002,Dark Chocolate Quinoa Granola 400g,Snacks & Packaged Foods,46,2024-11-11,83,28967.0,220.0,349.0,194,162,80,86,137,137,130.5,56.44,118.12,50.67,0.429,1.487,0,0.0,0,46,-0.6631,0.7485
SKU-SNK-002,Dark Chocolate Quinoa Granola 400g,Snacks & Packaged Foods,47,2024-11-18,90,31410.0,220.0,349.0,83,194,162,80,63,63,129.75,57.24,111.38,51.39,0.461,0.64,0,0.0,0,47,-0.5681,0.823
SKU-SNK-002,Dark Chocolate Quinoa Granola 400g,Snacks & Packaged Foods,48,2024-11-25,69,24081.0,220.0,349.0,90,83,194,162,65,65,132.25,54.49,114.75,48.57,0.423,0.681,0,0.0,0,48,-0.4647,0.8855
SKU-SNK-002,Dark Chocolate Quinoa Granola 400g,Snacks & Packaged Foods,49,2024-12-02,100,34900.0,220.0,349.0,69,90,83,194,158,158,109.0,57.34,115.25,48.0,0.417,0.633,0,0.0,0,49,-0.3546,0.935
SKU-SNK-002,Dark Chocolate Quinoa Granola 400g,Snacks & Packaged Foods,50,2024-12-09,86,30014.0,220.0,349.0,100,69,90,83,86,86,85.5,13.03,108.0,44.9,0.416,1.17,0,0.0,0,50,-0.2393,0.9709
SKU-SNK-002,Dark Chocolate Quinoa Granola 400g,Snacks & Packaged Foods,51,2024-12-16,82,28618.0,220.0,349.0,86,100,69,90,80,80,86.25,12.92,108.0,44.9,0.416,0.997,0,0.0,1,51,-0.1205,0.9927
SKU-SNK-002,Dark Chocolate Quinoa Granola 400g,Snacks & Packaged Foods,52,2024-12-23,221,65559.65,220.0,349.0,82,86,100,69,162,162,84.25,12.76,108.25,44.73,0.413,0.973,1,0.15,0,52,-0.0,1.0
SKU-SNK-002,Dark Chocolate Quinoa Granola 400g,Snacks & Packaged Foods,53,2024-12-30,42,14658.0,220.0,349.0,221,82,86,100,194,96,122.25,66.28,115.62,57.81,0.5,1.808,0,0.0,0,1,0.1205,0.9927
SKU-SNK-002,Dark Chocolate Quinoa Granola 400g,Snacks & Packaged Foods,54,2025-01-06,133,46417.0,220.0,349.0,42,221,82,86,83,88,107.75,78.07,96.62,53.16,0.55,0.39,0,0.0,0,2,0.2393,0.9709
SKU-SNK-002,Dark Chocolate Quinoa Granola 400g,Snacks & Packaged Foods,55,2025-01-13,216,75384.0,220.0,349.0,133,42,221,82,90,82,119.5,77.24,102.88,54.26,0.527,1.113,0,0.0,1,3,0.3546,0.935
SKU-SNK-002,Dark Chocolate Quinoa Granola 400g,Snacks & Packaged Foods,56,2025-01-20,121,42229.0,220.0,349.0,216,133,42,221,69,93,153.0,84.29,118.62,66.82,0.563,1.412,0,0.0,0,4,0.4647,0.8855
SKU-SNK-002,Dark Chocolate Quinoa Granola 400g,Snacks & Packaged Foods,57,2025-01-27,147,51303.0,220.0,349.0,121,216,133,42,100,61,128.0,71.21,125.12,63.76,0.51,0.945,0,0.0,0,5,0.5681,0.823
SKU-SNK-002,Dark Chocolate Quinoa Granola 400g,Snacks & Packaged Foods,58,2025-02-03,122,42578.0,220.0,349.0,147,121,216,133,86,41,154.25,42.52,131.0,63.28,0.483,0.953,0,0.0,0,6,0.6631,0.7485
SKU-SNK-002,Dark Chocolate Quinoa Granola 400g,Snacks & Packaged Foods,59,2025-02-10,199,59033.35,220.0,349.0,122,147,121,216,82,80,151.5,44.65,135.5,60.86,0.449,0.805,1,0.15,0,7,0.7485,0.6631
SKU-SNK-002,Dark Chocolate Quinoa Granola 400g,Snacks & Packaged Foods,60,2025-02-17,88,30712.0,220.0,349.0,199,122,147,121,221,65,147.25,36.54,150.12,60.22,0.401,1.351,0,0.0,0,8,0.823,0.5681
SKU-SNK-002,Dark Chocolate Quinoa Granola 400g,Snacks & Packaged Foods,61,2025-02-24,74,25826.0,220.0,349.0,88,199,122,147,42,106,139.0,46.74,133.5,56.07,0.42,0.633,0,0.0,0,9,0.8855,0.4647
SKU-SNK-002,Dark Chocolate Quinoa Granola 400g,Snacks & Packaged Foods,62,2025-03-03,132,46068.0,220.0,349.0,74,88,199,122,133,74,120.75,55.92,137.5,49.35,0.359,0.613,0,0.0,0,10,0.935,0.3546
SKU-SNK-002,Dark Chocolate Quinoa Granola 400g,Snacks & Packaged Foods,63,2025-03-10,200,69800.0,220.0,349.0,132,74,88,199,216,135,123.25,56.22,137.38,49.37,0.359,1.071,0,0.0,1,11,0.9709,0.2393
SKU-SNK-002,Dark Chocolate Quinoa Granola 400g,Snacks & Packaged Foods,64,2025-03-17,130,45370.0,220.0,349.0,200,132,74,88,121,146,123.5,56.67,135.38,45.93,0.339,1.619,0,0.0,0,12,0.9927,0.1205
SKU-SNK-002,Dark Chocolate Quinoa Granola 400g,Snacks & Packaged Foods,65,2025-03-24,90,31410.0,220.0,349.0,130,200,132,74,147,107,134.0,51.56,136.5,45.64,0.334,0.97,0,0.0,0,13,1.0,0.0
SKU-SNK-002,Dark Chocolate Quinoa Granola 400g,Snacks & Packaged Foods,66,2025-03-31,213,63186.45,220.0,349.0,90,130,200,132,122,88,138.0,45.64,129.38,48.15,0.372,0.652,1,0.15,0,14,0.9927,-0.1205
SKU-SNK-002,Dark Chocolate Quinoa Granola 400g,Snacks & Packaged Foods,67,2025-04-07,100,34900.0,220.0,349.0,213,90,130,200,199,79,158.25,58.3,140.75,56.23,0.399,1.346,0,0.0,0,15,0.9709,-0.2393
SKU-SNK-002,Dark Chocolate Quinoa Granola 400g,Snacks & Packaged Foods,68,2025-04-14,73,25477.0,220.0,349.0,100,213,90,130,88,149,133.25,55.82,128.38,52.33,0.408,0.75,0,0.0,0,16,0.935,-0.3546
SKU-SNK-002,Dark Chocolate Quinoa Granola 400g,Snacks & Packaged Foods,69,2025-04-21,119,41531.0,220.0,349.0,73,100,213,90,74,140,119.0,63.65,126.5,54.22,0.429,0.613,0,0.0,0,17,0.8855,-0.4647
SKU-SNK-002,Dark Chocolate Quinoa Granola 400g,Snacks & Packaged Foods,70,2025-04-28,88,30712.0,220.0,349.0,119,73,100,213,132,41,126.25,60.84,132.12,50.18,0.38,0.943,0,0.0,1,18,0.823,-0.5681
SKU-SNK-002,Dark Chocolate Quinoa Granola 400g,Snacks & Packaged Foods,71,2025-05-05,152,53048.0,220.0,349.0,88,119,73,100,200,90,95.0,19.44,126.62,52.55,0.415,0.926,0,0.0,0,19,0.7485,-0.6631
SKU-SNK-002,Dark Chocolate Quinoa Granola 400g,Snacks & Packaged Foods,72,2025-05-12,116,40484.0,220.0,349.0,152,88,119,73,130,115,108.0,35.03,120.62,45.2,0.375,1.407,0,0.0,0,20,0.6631,-0.7485
SKU-SNK-002,Dark Chocolate Quinoa Granola 400g,Snacks & Packaged Foods,73,2025-05-19,181,53693.65,220.0,349.0,116,152,88,119,90,67,118.75,26.2,118.88,45.06,0.379,0.977,1,0.15,0,21,0.5681,-0.823
SKU-SNK-002,Dark Chocolate Quinoa Granola 400g,Snacks & Packaged Foods,74,2025-05-26,125,43625.0,220.0,349.0,181,116,152,88,213,160,134.25,40.71,130.25,48.11,0.369,1.348,0,0.0,0,22,0.4647,-0.8855
SKU-SNK-002,Dark Chocolate Quinoa Granola 400g,Snacks & Packaged Foods,75,2025-06-02,93,32457.0,220.0,349.0,125,181,116,152,100,84,143.5,29.31,119.25,34.67,0.291,0.871,0,0.0,0,23,0.3546,-0.935
SKU-SNK-002,Dark Chocolate Quinoa Granola 400g,Snacks & Packaged Foods,76,2025-06-09,112,39088.0,220.0,349.0,93,125,181,116,73,156,128.75,37.35,118.38,35.31,0.298,0.722,0,0.0,0,24,0.2393,-0.9709
SKU-SNK-002,Dark Chocolate Quinoa Granola 400g,Snacks & Packaged Foods,77,2025-06-16,96,33504.0,220.0,349.0,112,93,125,181,119,96,127.75,37.85,123.25,30.52,0.248,0.877,0,0.0,0,25,0.1205,-0.9927
SKU-SNK-002,Dark Chocolate Quinoa Granola 400g,Snacks & Packaged Foods,78,2025-06-23,93,32457.0,220.0,349.0,96,112,93,125,88,95,106.5,14.89,120.38,32.02,0.266,0.901,0,0.0,0,26,0.0,-1.0
SKU-SNK-002,Dark Chocolate Quinoa Granola 400g,Snacks & Packaged Foods,79,2025-06-30,48,16752.0,220.0,349.0,93,96,112,93,152,132,98.5,9.11,121.0,31.34,0.259,0.944,0,0.0,0,27,-0.1205,-0.9927
SKU-SNK-002,Dark Chocolate Quinoa Granola 400g,Snacks & Packaged Foods,80,2025-07-07,181,53693.65,220.0,349.0,48,93,96,112,116,60,87.25,27.46,108.0,37.59,0.348,0.55,1,0.15,1,28,-0.2393,-0.9709
SKU-SNK-002,Dark Chocolate Quinoa Granola 400g,Snacks & Packaged Foods,81,2025-07-14,76,26524.0,220.0,349.0,181,48,93,96,181,139,104.5,55.52,116.12,45.71,0.394,1.732,0,0.0,0,29,-0.3546,-0.935
SKU-SNK-002,Dark Chocolate Quinoa Granola 400g,Snacks & Packaged Foods,82,2025-07-21,128,44672.0,220.0,349.0,76,181,48,93,125,113,99.5,57.41,103.0,39.01,0.379,0.764,0,0.0,0,30,-0.4647,-0.8855
SKU-SNK-002,Dark Chocolate Quinoa Granola 400g,Snacks & Packaged Foods,83,2025-07-28,123,42927.0,220.0,349.0,128,76,181,48,93,81,108.25,58.74,103.38,39.26,0.38,1.182,0,0.0,0,31,-0.5681,-0.823
SKU-SNK-002,Dark Chocolate Quinoa Granola 400g,Snacks & Packaged Foods,84,2025-08-04,106,36994.0,220.0,349.0,123,128,76,181,112,52,127.0,42.95,107.12,39.56,0.369,0.969,0,0.0,0,32,-0.6631,-0.7485
SKU-SNK-002,Dark Chocolate Quinoa Granola 400g,Snacks & Packaged Foods,85,2025-08-11,144,50256.0,220.0,349.0,106,123,128,76,96,78,108.25,23.47,106.38,39.51,0.371,0.979,0,0.0,1,33,-0.7485,-0.6631
SKU-SNK-002,Dark Chocolate Quinoa Granola 400g,Snacks & Packaged Foods,86,2025-08-18,58,20242.0,220.0,349.0,144,106,123,128,93,67,125.25,15.65,112.38,41.32,0.368,1.15,0,0.0,0,34,-0.823,-0.5681
SKU-SNK-002,Dark Chocolate Quinoa Granola 400g,Snacks & Packaged Foods,87,2025-08-25,91,26995.15,220.0,349.0,58,144,106,123,48,108,107.75,36.63,108.0,45.32,0.42,0.538,1,0.15,0,35,-0.8855,-0.4647
SKU-SNK-002,Dark Chocolate Quinoa Granola 400g,Snacks & Packaged Foods,88,2025-09-01,144,50256.0,220.0,349.0,91,58,144,106,181,83,99.75,35.67,113.38,39.34,0.347,0.912,0,0.0,0,36,-0.935,-0.3546
SKU-SNK-002,Dark Chocolate Quinoa Granola 400g,Snacks & Packaged Foods,89,2025-09-08,83,28967.0,220.0,349.0,144,91,58,144,76,95,109.25,42.33,108.75,31.69,0.291,1.318,0,0.0,0,37,-0.9709,-0.2393
SKU-SNK-002,Dark Chocolate Quinoa Granola 400g,Snacks & Packaged Foods,90,2025-09-15,123,42927.0,220.0,349.0,83,144,91,58,128,137,94.0,36.18,109.62,30.74,0.28,0.883,0,0.0,0,38,-0.9927,-0.1205
SKU-SNK-002,Dark Chocolate Quinoa Granola 400g,Snacks & Packaged Foods,91,2025-09-22,167,58283.0,220.0,349.0,123,83,144,91,123,63,110.25,28.37,109.0,30.36,0.279,1.116,0,0.0,0,39,-1.0,-0.0
SKU-SNK-002,Dark Chocolate Quinoa Granola 400g,Snacks & Packaged Foods,92,2025-09-29,132,46068.0,220.0,349.0,167,123,83,144,106,65,129.25,35.69,114.5,36.6,0.32,1.292,0,0.0,0,40,-0.9927,0.1205
SKU-SNK-002,Dark Chocolate Quinoa Granola 400g,Snacks & Packaged Foods,93,2025-10-06,163,56887.0,220.0,349.0,132,167,123,83,144,158,126.25,34.52,117.75,36.89,0.313,1.046,0,0.0,1,41,-0.9709,0.2393
SKU-SNK-002,Dark Chocolate Quinoa Granola 400g,Snacks & Packaged Foods,94,2025-10-13,165,48947.25,220.0,349.0,163,132,167,123,58,86,146.25,22.02,120.12,39.35,0.328,1.115,1,0.15,0,42,-0.935,0.3546
SKU-SNK-002,Dark Chocolate Quinoa Granola 400g,Snacks & Packaged Foods,95,2025-10-20,108,37692.0,220.0,349.0,165,163,132,167,91,80,156.75,16.58,133.5,32.87,0.246,1.053,0,0.0,0,43,-0.8855,0.4647
SKU-SNK-002,Dark Chocolate Quinoa Granola 400g,Snacks & Packaged Foods,96,2025-10-27,220,76780.0,220.0,349.0,108,165,163,132,144,162,142.0,27.24,135.62,30.17,0.222,0.761,0,0.0,1,44,-0.823,0.5681
SKU-SNK-002,Dark Chocolate Quinoa Granola 400g,Snacks & Packaged Foods,97,2025-11-03,90,31410.0,220.0,349.0,220,108,165,163,83,194,164.0,45.73,145.12,42.59,0.293,1.341,0,0.0,0,45,-0.7485,0.6631
SKU-SNK-002,Dark Chocolate Quinoa Granola 400g,Snacks & Packaged Foods,98,2025-11-10,107,37343.0,220.0,349.0,90,220,108,165,123,83,145.75,58.93,146.0,41.18,0.282,0.617,0,0.0,0,46,-0.6631,0.7485
SKU-SNK-002,Dark Chocolate Quinoa Granola 400g,Snacks & Packaged Foods,99,2025-11-17,129,45021.0,220.0,349.0,107,90,220,108,167,90,131.25,59.74,144.0,42.82,0.297,0.815,0,0.0,0,47,-0.5681,0.823
SKU-SNK-002,Dark Chocolate Quinoa Granola 400g,Snacks & Packaged Foods,100,2025-11-24,101,35249.0,220.0,349.0,129,107,90,220,132,69,136.5,57.91,139.25,42.0,0.302,0.945,0,0.0,0,48,-0.4647,0.8855
SKU-SNK-002,Dark Chocolate Quinoa Granola 400g,Snacks & Packaged Foods,101,2025-12-01,121,35894.65,220.0,349.0,101,129,107,90,163,100,106.75,16.42,135.38,44.14,0.326,0.946,1,0.15,0,49,-0.3546,0.935
SKU-SNK-002,Dark Chocolate Quinoa Granola 400g,Snacks & Packaged Foods,102,2025-12-08,152,53048.0,220.0,349.0,121,101,129,107,165,86,114.5,12.79,130.12,42.86,0.329,1.057,0,0.0,0,50,-0.2393,0.9709
SKU-SNK-002,Dark Chocolate Quinoa Granola 400g,Snacks & Packaged Foods,103,2025-12-15,219,76431.0,220.0,349.0,152,121,101,129,108,82,125.75,21.09,128.5,41.58,0.324,1.209,0,0.0,1,51,-0.1205,0.9927
SKU-SNK-002,Dark Chocolate Quinoa Granola 400g,Snacks & Packaged Foods,104,2025-12-22,141,49209.0,220.0,349.0,219,152,121,101,220,221,148.25,51.62,142.38,51.17,0.359,1.477,0,0.0,0,52,-0.0,1.0
SKU-SNK-003,Multigrain Roasted Nachos 200g,Snacks & Packaged Foods,1,2024-01-01,130,12870.0,60.0,99.0,130,130,130,130,130,130,130.0,0.0,130.0,0.0,0.0,1.0,0,0.0,0,1,0.1205,0.9927
SKU-SNK-003,Multigrain Roasted Nachos 200g,Snacks & Packaged Foods,2,2024-01-08,200,19800.0,60.0,99.0,130,130,130,130,130,130,130.0,0.0,130.0,0.0,0.0,1.0,0,0.0,0,2,0.2393,0.9709
SKU-SNK-003,Multigrain Roasted Nachos 200g,Snacks & Packaged Foods,3,2024-01-15,166,16434.0,60.0,99.0,200,130,130,130,130,130,165.0,49.5,165.0,49.5,0.3,1.212,0,0.0,1,3,0.3546,0.935
SKU-SNK-003,Multigrain Roasted Nachos 200g,Snacks & Packaged Foods,4,2024-01-22,259,21794.85,60.0,99.0,166,200,130,130,130,130,165.33,35.0,165.33,35.0,0.212,1.004,1,0.15,0,4,0.4647,0.8855
SKU-SNK-003,Multigrain Roasted Nachos 200g,Snacks & Packaged Foods,5,2024-01-29,212,20988.0,60.0,99.0,259,166,200,130,130,130,188.75,54.87,188.75,54.87,0.291,1.372,0,0.0,0,5,0.5681,0.823
SKU-SNK-003,Multigrain Roasted Nachos 200g,Snacks & Packaged Foods,6,2024-02-05,202,19998.0,60.0,99.0,212,259,166,200,200,200,209.25,38.47,193.4,48.64,0.251,1.013,0,0.0,0,6,0.6631,0.7485
SKU-SNK-003,Multigrain Roasted Nachos 200g,Snacks & Packaged Foods,7,2024-02-12,184,18216.0,60.0,99.0,202,212,259,166,166,166,209.75,38.32,194.83,43.65,0.224,0.963,0,0.0,0,7,0.7485,0.6631
SKU-SNK-003,Multigrain Roasted Nachos 200g,Snacks & Packaged Foods,8,2024-02-19,172,17028.0,60.0,99.0,184,202,212,259,259,259,214.25,32.0,193.29,40.05,0.207,0.859,0,0.0,0,8,0.823,0.5681
SKU-SNK-003,Multigrain Roasted Nachos 200g,Snacks & Packaged Foods,9,2024-02-26,207,20493.0,60.0,99.0,172,184,202,212,130,130,192.5,17.92,190.62,37.84,0.198,0.894,0,0.0,0,9,0.8855,0.4647
SKU-SNK-003,Multigrain Roasted Nachos 200g,Snacks & Packaged Foods,10,2024-03-04,195,19305.0,60.0,99.0,207,172,184,202,200,200,191.25,16.19,200.25,28.97,0.145,1.082,0,0.0,0,10,0.935,0.3546
SKU-SNK-003,Multigrain Roasted Nachos 200g,Snacks & Packaged Foods,11,2024-03-11,344,28947.6,60.0,99.0,195,207,172,184,166,166,189.5,14.98,199.62,29.03,0.145,1.029,1,0.15,1,11,0.9709,0.2393
SKU-SNK-003,Multigrain Roasted Nachos 200g,Snacks & Packaged Foods,12,2024-03-18,172,17028.0,60.0,99.0,344,195,207,172,259,259,229.5,77.7,221.88,55.61,0.251,1.499,0,0.0,0,12,0.9927,0.1205
SKU-SNK-003,Multigrain Roasted Nachos 200g,Snacks & Packaged Foods,13,2024-03-25,168,16632.0,60.0,99.0,172,344,195,207,212,212,229.5,77.7,211.0,55.82,0.265,0.749,0,0.0,0,13,1.0,0.0
SKU-SNK-003,Multigrain Roasted Nachos 200g,Snacks & Packaged Foods,14,2024-04-01,234,23166.0,60.0,99.0,168,172,344,195,202,202,219.75,83.68,205.5,57.84,0.281,0.765,0,0.0,0,14,0.9927,-0.1205
SKU-SNK-003,Multigrain Roasted Nachos 200g,Snacks & Packaged Foods,15,2024-04-08,250,24750.0,60.0,99.0,234,168,172,344,184,184,229.5,82.1,209.5,58.67,0.28,1.02,0,0.0,0,15,0.9709,-0.2393
SKU-SNK-003,Multigrain Roasted Nachos 200g,Snacks & Packaged Foods,16,2024-04-15,101,9999.0,60.0,99.0,250,234,168,172,172,172,206.0,42.11,217.75,59.21,0.272,1.214,0,0.0,0,16,0.935,-0.3546
SKU-SNK-003,Multigrain Roasted Nachos 200g,Snacks & Packaged Foods,17,2024-04-22,220,21780.0,60.0,99.0,101,250,234,168,207,207,188.25,68.14,208.88,71.16,0.341,0.537,0,0.0,0,17,0.8855,-0.4647
SKU-SNK-003,Multigrain Roasted Nachos 200g,Snacks & Packaged Foods,18,2024-04-29,290,24403.5,60.0,99.0,220,101,250,234,195,195,201.25,67.95,210.5,71.26,0.339,1.093,1,0.15,1,18,0.823,-0.5681
SKU-SNK-003,Multigrain Roasted Nachos 200g,Snacks & Packaged Foods,19,2024-05-06,270,26730.0,60.0,99.0,290,220,101,250,344,344,215.25,81.39,222.38,76.06,0.342,1.347,0,0.0,0,19,0.7485,-0.6631
SKU-SNK-003,Multigrain Roasted Nachos 200g,Snacks & Packaged Foods,20,2024-05-13,274,27126.0,60.0,99.0,270,290,220,101,172,172,220.25,84.78,213.12,62.43,0.293,1.226,0,0.0,0,20,0.6631,-0.7485
SKU-SNK-003,Multigrain Roasted Nachos 200g,Snacks & Packaged Foods,21,2024-05-20,213,21087.0,60.0,99.0,274,270,290,220,168,168,263.5,30.26,225.88,63.25,0.28,1.04,0,0.0,0,21,0.5681,-0.823
SKU-SNK-003,Multigrain Roasted Nachos 200g,Snacks & Packaged Foods,22,2024-05-27,124,12276.0,60.0,99.0,213,274,270,290,234,234,261.75,33.63,231.5,59.24,0.256,0.814,0,0.0,0,22,0.4647,-0.8855
SKU-SNK-003,Multigrain Roasted Nachos 200g,Snacks & Packaged Foods,23,2024-06-03,220,21780.0,60.0,99.0,124,213,274,270,250,250,220.25,69.95,217.75,70.31,0.323,0.563,0,0.0,0,23,0.3546,-0.935
SKU-SNK-003,Multigrain Roasted Nachos 200g,Snacks & Packaged Foods,24,2024-06-10,148,14652.0,60.0,99.0,220,124,213,274,101,101,207.75,62.13,214.0,69.13,0.323,1.059,0,0.0,0,24,0.2393,-0.9709
SKU-SNK-003,Multigrain Roasted Nachos 200g,Snacks & Packaged Foods,25,2024-06-17,252,21205.8,60.0,99.0,148,220,124,213,220,220,176.25,47.58,219.88,59.48,0.271,0.84,1,0.15,0,25,0.1205,-0.9927
SKU-SNK-003,Multigrain Roasted Nachos 200g,Snacks & Packaged Foods,26,2024-06-24,228,22572.0,60.0,99.0,252,148,220,124,290,290,186.0,60.0,223.88,60.56,0.27,1.355,0,0.0,0,26,0.0,-1.0
SKU-SNK-003,Multigrain Roasted Nachos 200g,Snacks & Packaged Foods,27,2024-07-01,176,17424.0,60.0,99.0,228,252,148,220,270,270,212.0,44.78,216.12,54.55,0.252,1.075,0,0.0,0,27,-0.1205,-0.9927
SKU-SNK-003,Multigrain Roasted Nachos 200g,Snacks & Packaged Foods,28,2024-07-08,187,18513.0,60.0,99.0,176,228,252,148,274,274,201.0,47.48,204.38,51.32,0.251,0.876,0,0.0,1,28,-0.2393,-0.9709
SKU-SNK-003,Multigrain Roasted Nachos 200g,Snacks & Packaged Foods,29,2024-07-15,237,23463.0,60.0,99.0,187,176,228,252,213,213,210.75,35.45,193.5,43.0,0.222,0.887,0,0.0,0,29,-0.3546,-0.935
SKU-SNK-003,Multigrain Roasted Nachos 200g,Snacks & Packaged Foods,30,2024-07-22,182,18018.0,60.0,99.0,237,187,176,228,124,124,207.0,30.01,196.5,45.33,0.231,1.145,0,0.0,0,30,-0.4647,-0.8855
SKU-SNK-003,Multigrain Roasted Nachos 200g,Snacks & Packaged Foods,31,2024-07-29,231,22869.0,60.0,99.0,182,237,187,176,220,220,195.5,28.03,203.75,35.69,0.175,0.931,0,0.0,0,31,-0.5681,-0.823
SKU-SNK-003,Multigrain Roasted Nachos 200g,Snacks & Packaged Foods,32,2024-08-05,178,14978.7,60.0,99.0,231,182,237,187,148,148,209.25,28.76,205.12,36.61,0.178,1.104,1,0.15,0,32,-0.6631,-0.7485
SKU-SNK-003,Multigrain Roasted Nachos 200g,Snacks & Packaged Foods,33,2024-08-12,259,25641.0,60.0,99.0,178,231,182,237,252,252,207.0,31.32,208.88,31.03,0.149,0.86,0,0.0,1,33,-0.7485,-0.6631
SKU-SNK-003,Multigrain Roasted Nachos 200g,Snacks & Packaged Foods,34,2024-08-19,153,15147.0,60.0,99.0,259,178,231,182,228,228,212.5,39.26,209.75,32.49,0.155,1.219,0,0.0,0,34,-0.823,-0.5681
SKU-SNK-003,Multigrain Roasted Nachos 200g,Snacks & Packaged Foods,35,2024-08-26,177,17523.0,60.0,99.0,153,259,178,231,176,176,205.25,48.39,200.38,36.98,0.185,0.745,0,0.0,0,35,-0.8855,-0.4647
SKU-SNK-003,Multigrain Roasted Nachos 200g,Snacks & Packaged Foods,36,2024-09-02,139,13761.0,60.0,99.0,177,153,259,178,187,187,191.75,46.3,200.5,36.89,0.184,0.923,0,0.0,0,36,-0.935,-0.3546
SKU-SNK-003,Multigrain Roasted Nachos 200g,Snacks & Packaged Foods,37,2024-09-09,187,18513.0,60.0,99.0,139,177,153,259,237,237,182.0,53.68,194.5,42.82,0.22,0.764,0,0.0,0,37,-0.9709,-0.2393
SKU-SNK-003,Multigrain Roasted Nachos 200g,Snacks & Packaged Foods,38,2024-09-16,182,18018.0,60.0,99.0,187,139,177,153,182,182,164.0,21.94,188.25,39.23,0.208,1.14,0,0.0,0,38,-0.9927,-0.1205
SKU-SNK-003,Multigrain Roasted Nachos 200g,Snacks & Packaged Foods,39,2024-09-23,217,18260.55,60.0,99.0,182,187,139,177,231,231,171.25,21.88,188.25,39.23,0.208,1.063,1,0.15,0,39,-1.0,-0.0
SKU-SNK-003,Multigrain Roasted Nachos 200g,Snacks & Packaged Foods,40,2024-09-30,193,19107.0,60.0,99.0,217,182,187,139,178,178,181.25,32.13,186.5,37.32,0.2,1.197,0,0.0,0,40,-0.9927,0.1205
SKU-SNK-003,Multigrain Roasted Nachos 200g,Snacks & Packaged Foods,41,2024-10-07,333,32967.0,60.0,99.0,193,217,182,187,259,259,194.75,15.5,188.38,37.21,0.198,0.991,0,0.0,1,41,-0.9709,0.2393
SKU-SNK-003,Multigrain Roasted Nachos 200g,Snacks & Packaged Foods,42,2024-10-14,180,17820.0,60.0,99.0,333,193,217,182,153,153,231.25,69.39,197.62,59.68,0.302,1.44,0,0.0,0,42,-0.935,0.3546
SKU-SNK-003,Multigrain Roasted Nachos 200g,Snacks & Packaged Foods,43,2024-10-21,173,17127.0,60.0,99.0,180,333,193,217,177,177,230.75,69.87,201.0,57.52,0.286,0.78,0,0.0,0,43,-0.8855,0.4647
SKU-SNK-003,Multigrain Roasted Nachos 200g,Snacks & Packaged Foods,44,2024-10-28,475,47025.0,60.0,99.0,173,180,333,193,139,139,219.75,75.95,200.5,57.78,0.288,0.787,0,0.0,1,44,-0.823,0.5681
SKU-SNK-003,Multigrain Roasted Nachos 200g,Snacks & Packaged Foods,45,2024-11-04,182,18018.0,60.0,99.0,475,173,180,333,187,187,290.25,143.6,242.5,107.45,0.443,1.637,0,0.0,0,45,-0.7485,0.6631
SKU-SNK-003,Multigrain Roasted Nachos 200g,Snacks & Packaged Foods,46,2024-11-11,197,16577.55,60.0,99.0,182,475,173,180,182,182,252.5,148.38,241.88,107.84,0.446,0.721,1,0.15,0,46,-0.6631,0.7485
SKU-SNK-003,Multigrain Roasted Nachos 200g,Snacks & Packaged Foods,47,2024-11-18,208,20592.0,60.0,99.0,197,182,475,173,217,217,256.75,145.84,243.75,106.77,0.438,0.767,0,0.0,0,47,-0.5681,0.823
SKU-SNK-003,Multigrain Roasted Nachos 200g,Snacks & Packaged Foods,48,2024-11-25,227,22473.0,60.0,99.0,208,197,182,475,193,193,265.5,140.07,242.62,107.14,0.442,0.783,0,0.0,0,48,-0.4647,0.8855
SKU-SNK-003,Multigrain Roasted Nachos 200g,Snacks & Packaged Foods,49,2024-12-02,163,16137.0,60.0,99.0,227,208,197,182,333,333,203.5,18.95,246.88,105.55,0.428,1.115,0,0.0,0,49,-0.3546,0.935
SKU-SNK-003,Multigrain Roasted Nachos 200g,Snacks & Packaged Foods,50,2024-12-09,198,19602.0,60.0,99.0,163,227,208,197,180,180,198.75,26.86,225.62,102.81,0.456,0.82,0,0.0,0,50,-0.2393,0.9709
SKU-SNK-003,Multigrain Roasted Nachos 200g,Snacks & Packaged Foods,51,2024-12-16,276,27324.0,60.0,99.0,198,163,227,208,173,173,199.0,26.85,227.88,101.87,0.447,0.995,0,0.0,1,51,-0.1205,0.9927
SKU-SNK-003,Multigrain Roasted Nachos 200g,Snacks & Packaged Foods,52,2024-12-23,176,17424.0,60.0,99.0,276,198,163,227,475,475,216.0,47.8,240.75,100.44,0.417,1.278,0,0.0,0,52,-0.0,1.0
SKU-SNK-003,Multigrain Roasted Nachos 200g,Snacks & Packaged Foods,53,2024-12-30,301,25329.15,60.0,99.0,176,276,198,163,182,130,203.25,50.61,203.38,35.38,0.174,0.866,1,0.15,0,1,0.1205,0.9927
SKU-SNK-003,Multigrain Roasted Nachos 200g,Snacks & Packaged Foods,54,2025-01-06,211,20889.0,60.0,99.0,301,176,276,198,197,200,237.75,60.16,218.25,47.9,0.219,1.266,0,0.0,0,2,0.2393,0.9709
SKU-SNK-003,Multigrain Roasted Nachos 200g,Snacks & Packaged Foods,55,2025-01-13,223,22077.0,60.0,99.0,211,301,176,276,208,166,241.0,57.59,220.0,47.27,0.215,0.876,0,0.0,1,3,0.3546,0.935
SKU-SNK-003,Multigrain Roasted Nachos 200g,Snacks & Packaged Foods,56,2025-01-20,170,16830.0,60.0,99.0,223,211,301,176,227,259,227.75,52.75,221.88,47.02,0.212,0.979,0,0.0,0,4,0.4647,0.8855
SKU-SNK-003,Multigrain Roasted Nachos 200g,Snacks & Packaged Foods,57,2025-01-27,192,19008.0,60.0,99.0,170,223,211,301,163,212,226.25,54.76,214.75,50.34,0.234,0.751,0,0.0,0,5,0.5681,0.823
SKU-SNK-003,Multigrain Roasted Nachos 200g,Snacks & Packaged Foods,58,2025-02-03,298,29502.0,60.0,99.0,192,170,223,211,198,202,199.0,23.17,218.38,47.01,0.215,0.965,0,0.0,0,6,0.6631,0.7485
SKU-SNK-003,Multigrain Roasted Nachos 200g,Snacks & Packaged Foods,59,2025-02-10,273,27027.0,60.0,99.0,298,192,170,223,276,184,220.75,55.9,230.88,53.65,0.232,1.35,0,0.0,0,7,0.7485,0.6631
SKU-SNK-003,Multigrain Roasted Nachos 200g,Snacks & Packaged Foods,60,2025-02-17,392,32986.8,60.0,99.0,273,298,192,170,176,172,233.25,61.85,230.5,53.29,0.231,1.17,1,0.15,0,8,0.823,0.5681
SKU-SNK-003,Multigrain Roasted Nachos 200g,Snacks & Packaged Foods,61,2025-02-24,254,25146.0,60.0,99.0,392,273,298,192,301,207,288.75,82.37,257.5,72.86,0.283,1.358,0,0.0,0,9,0.8855,0.4647
SKU-SNK-003,Multigrain Roasted Nachos 200g,Snacks & Packaged Foods,62,2025-03-03,216,21384.0,60.0,99.0,254,392,273,298,211,195,304.25,61.21,251.62,70.72,0.281,0.835,0,0.0,0,10,0.935,0.3546
SKU-SNK-003,Multigrain Roasted Nachos 200g,Snacks & Packaged Foods,63,2025-03-10,403,39897.0,60.0,99.0,216,254,392,273,223,344,283.75,75.96,252.25,70.33,0.279,0.761,0,0.0,1,11,0.9709,0.2393
SKU-SNK-003,Multigrain Roasted Nachos 200g,Snacks & Packaged Foods,64,2025-03-17,303,29997.0,60.0,99.0,403,216,254,392,170,172,316.25,95.2,274.75,86.55,0.315,1.274,0,0.0,0,12,0.9927,0.1205
SKU-SNK-003,Multigrain Roasted Nachos 200g,Snacks & Packaged Foods,65,2025-03-24,196,19404.0,60.0,99.0,303,403,216,254,192,168,294.0,80.92,291.38,75.65,0.26,1.031,0,0.0,0,13,1.0,0.0
SKU-SNK-003,Multigrain Roasted Nachos 200g,Snacks & Packaged Foods,66,2025-03-31,270,26730.0,60.0,99.0,196,303,403,216,298,234,279.5,94.53,291.88,74.9,0.257,0.701,0,0.0,0,14,0.9927,-0.1205
SKU-SNK-003,Multigrain Roasted Nachos 200g,Snacks & Packaged Foods,67,2025-04-07,382,32145.3,60.0,99.0,270,196,303,403,273,250,293.0,85.9,288.38,75.23,0.261,0.922,1,0.15,0,15,0.9709,-0.2393
SKU-SNK-003,Multigrain Roasted Nachos 200g,Snacks & Packaged Foods,68,2025-04-14,188,18612.0,60.0,99.0,382,270,196,303,392,101,287.75,77.13,302.0,81.65,0.27,1.328,0,0.0,0,16,0.935,-0.3546
SKU-SNK-003,Multigrain Roasted Nachos 200g,Snacks & Packaged Foods,69,2025-04-21,237,23463.0,60.0,99.0,188,382,270,196,254,220,259.0,89.93,276.5,81.38,0.294,0.726,0,0.0,0,17,0.8855,-0.4647
SKU-SNK-003,Multigrain Roasted Nachos 200g,Snacks & Packaged Foods,70,2025-04-28,244,24156.0,60.0,99.0,237,188,382,270,216,290,269.25,82.37,274.38,82.27,0.3,0.88,0,0.0,1,18,0.823,-0.5681
SKU-SNK-003,Multigrain Roasted Nachos 200g,Snacks & Packaged Foods,71,2025-05-05,172,17028.0,60.0,99.0,244,237,188,382,403,270,262.75,83.31,277.88,79.99,0.288,0.929,0,0.0,0,19,0.7485,-0.6631
SKU-SNK-003,Multigrain Roasted Nachos 200g,Snacks & Packaged Foods,72,2025-05-12,268,26532.0,60.0,99.0,172,244,237,188,303,274,210.25,35.65,249.0,69.36,0.279,0.818,0,0.0,0,20,0.6631,-0.7485
SKU-SNK-003,Multigrain Roasted Nachos 200g,Snacks & Packaged Foods,73,2025-05-19,240,23760.0,60.0,99.0,268,172,244,237,196,213,230.25,41.04,244.62,66.51,0.272,1.164,0,0.0,0,21,0.5681,-0.823
SKU-SNK-003,Multigrain Roasted Nachos 200g,Snacks & Packaged Foods,74,2025-05-26,290,24403.5,60.0,99.0,240,268,172,244,270,124,231.0,41.23,250.12,63.67,0.255,1.039,1,0.15,0,22,0.4647,-0.8855
SKU-SNK-003,Multigrain Roasted Nachos 200g,Snacks & Packaged Foods,75,2025-06-02,220,21780.0,60.0,99.0,290,240,268,172,382,220,242.5,51.26,252.62,64.95,0.257,1.196,0,0.0,0,23,0.3546,-0.935
SKU-SNK-003,Multigrain Roasted Nachos 200g,Snacks & Packaged Foods,76,2025-06-09,251,24849.0,60.0,99.0,220,290,240,268,188,148,254.5,30.78,232.38,38.86,0.167,0.864,0,0.0,0,24,0.2393,-0.9709
SKU-SNK-003,Multigrain Roasted Nachos 200g,Snacks & Packaged Foods,77,2025-06-16,172,17028.0,60.0,99.0,251,220,290,240,237,252,250.25,29.44,240.25,34.75,0.145,1.003,0,0.0,0,25,0.1205,-0.9927
SKU-SNK-003,Multigrain Roasted Nachos 200g,Snacks & Packaged Foods,78,2025-06-23,224,22176.0,60.0,99.0,172,251,220,290,244,228,233.25,49.88,232.12,42.38,0.183,0.737,0,0.0,0,26,0.0,-1.0
SKU-SNK-003,Multigrain Roasted Nachos 200g,Snacks & Packaged Foods,79,2025-06-30,195,19305.0,60.0,99.0,224,172,251,220,172,176,216.75,32.86,229.62,42.17,0.184,1.033,0,0.0,0,27,-0.1205,-0.9927
SKU-SNK-003,Multigrain Roasted Nachos 200g,Snacks & Packaged Foods,80,2025-07-07,193,19107.0,60.0,99.0,195,224,172,251,268,187,210.5,34.38,232.5,38.28,0.165,0.926,0,0.0,1,28,-0.2393,-0.9709
SKU-SNK-003,Multigrain Roasted Nachos 200g,Snacks & Packaged Foods,81,2025-07-14,275,23141.25,60.0,99.0,193,195,224,172,240,237,196.0,21.37,223.12,37.52,0.168,0.985,1,0.15,0,29,-0.3546,-0.935
SKU-SNK-003,Multigrain Roasted Nachos 200g,Snacks & Packaged Foods,82,2025-07-21,155,15345.0,60.0,99.0,275,193,195,224,290,182,221.75,38.22,227.5,41.59,0.183,1.24,0,0.0,0,30,-0.4647,-0.8855
SKU-SNK-003,Multigrain Roasted Nachos 200g,Snacks & Packaged Foods,83,2025-07-28,198,19602.0,60.0,99.0,155,275,193,195,220,231,204.5,50.47,210.62,39.97,0.19,0.758,0,0.0,0,31,-0.5681,-0.823
SKU-SNK-003,Multigrain Roasted Nachos 200g,Snacks & Packaged Foods,84,2025-08-04,127,12573.0,60.0,99.0,198,155,275,193,251,178,205.25,50.31,207.88,39.99,0.192,0.965,0,0.0,0,32,-0.6631,-0.7485
SKU-SNK-003,Multigrain Roasted Nachos 200g,Snacks & Packaged Foods,85,2025-08-11,261,25839.0,60.0,99.0,127,198,155,275,172,259,188.75,64.49,192.38,44.64,0.232,0.673,0,0.0,1,33,-0.7485,-0.6631
SKU-SNK-003,Multigrain Roasted Nachos 200g,Snacks & Packaged Foods,86,2025-08-18,161,15939.0,60.0,99.0,261,127,198,155,224,153,185.25,58.33,203.5,49.65,0.244,1.409,0,0.0,0,34,-0.823,-0.5681
SKU-SNK-003,Multigrain Roasted Nachos 200g,Snacks & Packaged Foods,87,2025-08-25,229,22671.0,60.0,99.0,161,261,127,198,195,177,186.75,57.37,195.62,50.91,0.26,0.862,0,0.0,0,35,-0.8855,-0.4647
SKU-SNK-003,Multigrain Roasted Nachos 200g,Snacks & Packaged Foods,88,2025-09-01,222,18681.3,60.0,99.0,229,161,261,127,193,139,194.5,61.35,199.88,52.26,0.261,1.177,1,0.15,0,36,-0.935,-0.3546
SKU-SNK-003,Multigrain Roasted Nachos 200g,Snacks & Packaged Foods,89,2025-09-08,201,19899.0,60.0,99.0,222,229,161,261,275,187,218.25,41.77,203.5,52.71,0.259,1.017,0,0.0,0,37,-0.9709,-0.2393
SKU-SNK-003,Multigrain Roasted Nachos 200g,Snacks & Packaged Foods,90,2025-09-15,156,15444.0,60.0,99.0,201,222,229,161,155,182,203.25,30.58,194.25,44.18,0.227,0.989,0,0.0,0,38,-0.9927,-0.1205
SKU-SNK-003,Multigrain Roasted Nachos 200g,Snacks & Packaged Foods,91,2025-09-22,208,20592.0,60.0,99.0,156,201,222,229,198,217,202.0,32.89,194.38,44.05,0.227,0.772,0,0.0,0,39,-1.0,-0.0
SKU-SNK-003,Multigrain Roasted Nachos 200g,Snacks & Packaged Foods,92,2025-09-29,118,11682.0,60.0,99.0,208,156,201,222,127,193,196.75,28.54,195.62,44.31,0.227,1.057,0,0.0,0,40,-0.9927,0.1205
SKU-SNK-003,Multigrain Roasted Nachos 200g,Snacks & Packaged Foods,93,2025-10-06,280,27720.0,60.0,99.0,118,208,156,201,261,333,170.75,42.04,194.5,46.37,0.238,0.691,0,0.0,1,41,-0.9709,0.2393
SKU-SNK-003,Multigrain Roasted Nachos 200g,Snacks & Packaged Foods,94,2025-10-13,186,18414.0,60.0,99.0,280,118,208,156,161,180,190.5,70.15,196.88,50.56,0.257,1.47,0,0.0,0,42,-0.935,0.3546
SKU-SNK-003,Multigrain Roasted Nachos 200g,Snacks & Packaged Foods,95,2025-10-20,234,19691.1,60.0,99.0,186,280,118,208,229,173,198.0,66.75,200.0,48.76,0.244,0.939,1,0.15,0,43,-0.8855,0.4647
SKU-SNK-003,Multigrain Roasted Nachos 200g,Snacks & Packaged Foods,96,2025-10-27,320,31680.0,60.0,99.0,234,186,280,118,222,475,204.5,69.27,200.62,49.22,0.245,1.144,0,0.0,1,44,-0.823,0.5681
SKU-SNK-003,Multigrain Roasted Nachos 200g,Snacks & Packaged Foods,97,2025-11-03,179,17721.0,60.0,99.0,320,234,186,280,201,182,255.0,57.88,212.88,64.97,0.305,1.255,0,0.0,0,45,-0.7485,0.6631
SKU-SNK-003,Multigrain Roasted Nachos 200g,Snacks & Packaged Foods,98,2025-11-10,249,24651.0,60.0,99.0,179,320,234,186,156,197,229.75,64.94,210.12,66.01,0.314,0.779,0,0.0,0,46,-0.6631,0.7485
SKU-SNK-003,Multigrain Roasted Nachos 200g,Snacks & Packaged Foods,99,2025-11-17,153,15147.0,60.0,99.0,249,179,320,234,208,208,245.5,58.07,221.75,63.24,0.285,1.014,0,0.0,0,47,-0.5681,0.823
SKU-SNK-003,Multigrain Roasted Nachos 200g,Snacks & Packaged Foods,100,2025-11-24,266,26334.0,60.0,99.0,153,249,179,320,118,227,225.25,75.06,214.88,67.78,0.315,0.679,0,0.0,0,48,-0.4647,0.8855
SKU-SNK-003,Multigrain Roasted Nachos 200g,Snacks & Packaged Foods,101,2025-12-01,223,22077.0,60.0,99.0,266,153,249,179,280,163,211.75,54.33,233.38,56.88,0.244,1.256,0,0.0,0,49,-0.3546,0.935
SKU-SNK-003,Multigrain Roasted Nachos 200g,Snacks & Packaged Foods,102,2025-12-08,375,31556.25,60.0,99.0,223,266,153,249,186,198,222.75,49.75,226.25,53.69,0.237,1.001,1,0.15,0,50,-0.2393,0.9709
SKU-SNK-003,Multigrain Roasted Nachos 200g,Snacks & Packaged Foods,103,2025-12-15,235,23265.0,60.0,99.0,375,223,266,153,234,276,254.25,93.0,249.88,71.93,0.288,1.475,0,0.0,1,51,-0.1205,0.9927
SKU-SNK-003,Multigrain Roasted Nachos 200g,Snacks & Packaged Foods,104,2025-12-22,119,11781.0,60.0,99.0,235,375,223,266,320,176,274.75,69.25,250.0,71.9,0.288,0.855,0,0.0,0,52,-0.0,1.0
SKU-SNK-004,Handcrafted Kaju Katli Gift Box 500g,Snacks & Packaged Foods,1,2024-01-01,13,7787.0,390.0,599.0,13,13,13,13,13,13,13.0,0.0,13.0,0.0,0.0,1.0,0,0.0,0,1,0.1205,0.9927
SKU-SNK-004,Handcrafted Kaju Katli Gift Box 500g,Snacks & Packaged Foods,2,2024-01-08,33,19767.0,390.0,599.0,13,13,13,13,13,13,13.0,0.0,13.0,0.0,0.0,1.0,0,0.0,0,2,0.2393,0.9709
SKU-SNK-004,Handcrafted Kaju Katli Gift Box 500g,Snacks & Packaged Foods,3,2024-01-15,153,77899.95,390.0,599.0,33,13,13,13,13,13,23.0,14.14,23.0,14.14,0.615,1.435,1,0.15,1,3,0.3546,0.935
SKU-SNK-004,Handcrafted Kaju Katli Gift Box 500g,Snacks & Packaged Foods,4,2024-01-22,23,13777.0,390.0,599.0,153,33,13,13,13,13,66.33,75.72,66.33,75.72,1.141,2.307,0,0.0,0,4,0.4647,0.8855
SKU-SNK-004,Handcrafted Kaju Katli Gift Box 500g,Snacks & Packaged Foods,5,2024-01-29,42,25158.0,390.0,599.0,23,153,33,13,13,13,55.5,65.51,55.5,65.51,1.18,0.414,0,0.0,0,5,0.5681,0.823
SKU-SNK-004,Handcrafted Kaju Katli Gift Box 500g,Snacks & Packaged Foods,6,2024-02-05,34,20366.0,390.0,599.0,42,23,153,33,33,33,62.75,60.67,52.8,57.05,1.081,0.669,0,0.0,0,6,0.6631,0.7485
SKU-SNK-004,Handcrafted Kaju Katli Gift Box 500g,Snacks & Packaged Foods,7,2024-02-12,88,52712.0,390.0,599.0,34,42,23,153,153,153,63.0,60.5,49.67,51.6,1.039,0.54,0,0.0,0,7,0.7485,0.6631
SKU-SNK-004,Handcrafted Kaju Katli Gift Box 500g,Snacks & Packaged Foods,8,2024-02-19,54,32346.0,390.0,599.0,88,34,42,23,23,23,46.75,28.58,55.14,49.29,0.894,1.882,0,0.0,0,8,0.823,0.5681
SKU-SNK-004,Handcrafted Kaju Katli Gift Box 500g,Snacks & Packaged Foods,9,2024-02-26,19,11381.0,390.0,599.0,54,88,34,42,13,13,54.5,23.8,55.0,45.63,0.83,0.991,0,0.0,0,9,0.8855,0.4647
SKU-SNK-004,Handcrafted Kaju Katli Gift Box 500g,Snacks & Packaged Foods,10,2024-03-04,5,2545.75,390.0,599.0,19,54,88,34,33,33,48.75,29.84,55.75,44.89,0.805,0.39,1,0.15,0,10,0.935,0.3546
SKU-SNK-004,Handcrafted Kaju Katli Gift Box 500g,Snacks & Packaged Foods,11,2024-03-11,86,51514.0,390.0,599.0,5,19,54,88,153,153,41.5,37.22,52.25,47.9,0.917,0.12,0,0.0,1,11,0.9709,0.2393
SKU-SNK-004,Handcrafted Kaju Katli Gift Box 500g,Snacks & Packaged Foods,12,2024-03-18,5,2995.0,390.0,599.0,86,5,19,54,23,23,41.0,36.4,43.88,30.45,0.694,2.098,0,0.0,0,12,0.9927,0.1205
SKU-SNK-004,Handcrafted Kaju Katli Gift Box 500g,Snacks & Packaged Foods,13,2024-03-25,75,44925.0,390.0,599.0,5,86,5,19,42,42,28.75,38.73,41.62,32.79,0.788,0.174,0,0.0,0,13,1.0,0.0
SKU-SNK-004,Handcrafted Kaju Katli Gift Box 500g,Snacks & Packaged Foods,14,2024-04-01,100,59900.0,390.0,599.0,75,5,86,5,34,34,42.75,43.82,45.75,34.85,0.762,1.754,0,0.0,0,14,0.9927,-0.1205
SKU-SNK-004,Handcrafted Kaju Katli Gift Box 500g,Snacks & Packaged Foods,15,2024-04-08,18,10782.0,390.0,599.0,100,75,5,86,88,88,66.5,42.26,54.0,39.21,0.726,1.504,0,0.0,0,15,0.9709,-0.2393
SKU-SNK-004,Handcrafted Kaju Katli Gift Box 500g,Snacks & Packaged Foods,16,2024-04-15,30,17970.0,390.0,599.0,18,100,75,5,54,54,49.5,45.36,45.25,38.34,0.847,0.364,0,0.0,0,16,0.935,-0.3546
SKU-SNK-004,Handcrafted Kaju Katli Gift Box 500g,Snacks & Packaged Foods,17,2024-04-22,64,32585.6,390.0,599.0,30,18,100,75,19,19,55.75,38.37,42.25,38.5,0.911,0.538,1,0.15,0,17,0.8855,-0.4647
SKU-SNK-004,Handcrafted Kaju Katli Gift Box 500g,Snacks & Packaged Foods,18,2024-04-29,49,29351.0,390.0,599.0,64,30,18,100,5,5,53.0,36.9,47.88,37.9,0.792,1.208,0,0.0,1,18,0.823,-0.5681
SKU-SNK-004,Handcrafted Kaju Katli Gift Box 500g,Snacks & Packaged Foods,19,2024-05-06,91,54509.0,390.0,599.0,49,64,30,18,86,86,40.25,20.34,53.38,33.76,0.632,1.217,0,0.0,0,19,0.7485,-0.6631
SKU-SNK-004,Handcrafted Kaju Katli Gift Box 500g,Snacks & Packaged Foods,20,2024-05-13,53,31747.0,390.0,599.0,91,49,64,30,5,5,58.5,25.75,54.0,34.48,0.639,1.556,0,0.0,0,20,0.6631,-0.7485
SKU-SNK-004,Handcrafted Kaju Katli Gift Box 500g,Snacks & Packaged Foods,21,2024-05-20,60,35940.0,390.0,599.0,53,91,49,64,75,75,64.25,18.93,60.0,28.38,0.473,0.825,0,0.0,0,21,0.5681,-0.823
SKU-SNK-004,Handcrafted Kaju Katli Gift Box 500g,Snacks & Packaged Foods,22,2024-05-27,7,4193.0,390.0,599.0,60,53,91,49,100,100,63.25,19.05,58.12,27.73,0.477,0.949,0,0.0,0,22,0.4647,-0.8855
SKU-SNK-004,Handcrafted Kaju Katli Gift Box 500g,Snacks & Packaged Foods,23,2024-06-03,68,40732.0,390.0,599.0,7,60,53,91,18,18,52.75,34.68,46.5,27.16,0.584,0.133,0,0.0,0,23,0.3546,-0.935
SKU-SNK-004,Handcrafted Kaju Katli Gift Box 500g,Snacks & Packaged Foods,24,2024-06-10,93,47350.95,390.0,599.0,68,7,60,53,30,30,47.0,27.36,52.75,25.35,0.481,1.447,1,0.15,0,24,0.2393,-0.9709
SKU-SNK-004,Handcrafted Kaju Katli Gift Box 500g,Snacks & Packaged Foods,25,2024-06-17,35,20965.0,390.0,599.0,93,68,7,60,64,64,57.0,36.18,60.62,27.01,0.445,1.632,0,0.0,0,25,0.1205,-0.9927
SKU-SNK-004,Handcrafted Kaju Katli Gift Box 500g,Snacks & Packaged Foods,26,2024-06-24,27,16173.0,390.0,599.0,35,93,68,7,49,49,50.75,37.62,57.0,28.4,0.498,0.69,0,0.0,0,26,0.0,-1.0
SKU-SNK-004,Handcrafted Kaju Katli Gift Box 500g,Snacks & Packaged Foods,27,2024-07-01,82,49118.0,390.0,599.0,27,35,93,68,91,91,55.75,30.52,54.25,30.29,0.558,0.484,0,0.0,0,27,-0.1205,-0.9927
SKU-SNK-004,Handcrafted Kaju Katli Gift Box 500g,Snacks & Packaged Foods,28,2024-07-08,52,31148.0,390.0,599.0,82,27,35,93,53,53,59.25,33.09,53.12,28.86,0.543,1.384,0,0.0,1,28,-0.2393,-0.9709
SKU-SNK-004,Handcrafted Kaju Katli Gift Box 500g,Snacks & Packaged Foods,29,2024-07-15,41,24559.0,390.0,599.0,52,82,27,35,60,60,49.0,24.34,53.0,28.86,0.545,1.061,0,0.0,0,29,-0.3546,-0.935
SKU-SNK-004,Handcrafted Kaju Katli Gift Box 500g,Snacks & Packaged Foods,30,2024-07-22,60,35940.0,390.0,599.0,41,52,82,27,7,7,50.5,23.36,50.62,28.99,0.573,0.812,0,0.0,0,30,-0.4647,-0.8855
SKU-SNK-004,Handcrafted Kaju Katli Gift Box 500g,Snacks & Packaged Foods,31,2024-07-29,61,31058.15,390.0,599.0,60,41,52,82,68,68,58.75,17.35,57.25,23.04,0.402,1.021,1,0.15,0,31,-0.5681,-0.823
SKU-SNK-004,Handcrafted Kaju Katli Gift Box 500g,Snacks & Packaged Foods,32,2024-08-05,51,30549.0,390.0,599.0,61,60,41,52,93,93,53.5,9.26,56.38,22.7,0.403,1.14,0,0.0,0,32,-0.6631,-0.7485
SKU-SNK-004,Handcrafted Kaju Katli Gift Box 500g,Snacks & Packaged Foods,33,2024-08-12,98,58702.0,390.0,599.0,51,61,60,41,35,35,53.25,9.32,51.12,17.22,0.337,0.958,0,0.0,1,33,-0.7485,-0.6631
SKU-SNK-004,Handcrafted Kaju Katli Gift Box 500g,Snacks & Packaged Foods,34,2024-08-19,56,33544.0,390.0,599.0,98,51,61,60,27,27,67.5,20.82,59.0,22.41,0.38,1.452,0,0.0,0,34,-0.823,-0.5681
SKU-SNK-004,Handcrafted Kaju Katli Gift Box 500g,Snacks & Packaged Foods,35,2024-08-26,38,22762.0,390.0,599.0,56,98,51,61,82,82,66.5,21.39,62.62,18.5,0.295,0.842,0,0.0,0,35,-0.8855,-0.4647
SKU-SNK-004,Handcrafted Kaju Katli Gift Box 500g,Snacks & Packaged Foods,36,2024-09-02,82,49118.0,390.0,599.0,38,56,98,51,52,52,60.75,25.97,57.12,18.46,0.323,0.626,0,0.0,0,36,-0.935,-0.3546
SKU-SNK-004,Handcrafted Kaju Katli Gift Box 500g,Snacks & Packaged Foods,37,2024-09-09,5,2995.0,390.0,599.0,82,38,56,98,41,41,68.5,26.7,60.88,20.23,0.332,1.197,0,0.0,0,37,-0.9709,-0.2393
SKU-SNK-004,Handcrafted Kaju Katli Gift Box 500g,Snacks & Packaged Foods,38,2024-09-16,72,36658.8,390.0,599.0,5,82,38,56,60,60,45.25,32.35,56.38,27.85,0.494,0.11,1,0.15,0,38,-0.9927,-0.1205
SKU-SNK-004,Handcrafted Kaju Katli Gift Box 500g,Snacks & Packaged Foods,39,2024-09-23,34,20366.0,390.0,599.0,72,5,82,38,61,61,49.25,35.0,57.88,28.39,0.491,1.462,0,0.0,0,39,-1.0,-0.0
SKU-SNK-004,Handcrafted Kaju Katli Gift Box 500g,Snacks & Packaged Foods,40,2024-09-30,78,46722.0,390.0,599.0,34,72,5,82,51,51,48.25,35.48,54.5,29.55,0.542,0.705,0,0.0,0,40,-0.9927,0.1205
SKU-SNK-004,Handcrafted Kaju Katli Gift Box 500g,Snacks & Packaged Foods,41,2024-10-07,73,43727.0,390.0,599.0,78,34,72,5,98,98,47.25,34.25,57.88,30.61,0.529,1.651,0,0.0,1,41,-0.9709,0.2393
SKU-SNK-004,Handcrafted Kaju Katli Gift Box 500g,Snacks & Packaged Foods,42,2024-10-14,88,52712.0,390.0,599.0,73,78,34,72,56,56,64.25,20.34,54.75,27.0,0.493,1.136,0,0.0,0,42,-0.935,0.3546
SKU-SNK-004,Handcrafted Kaju Katli Gift Box 500g,Snacks & Packaged Foods,43,2024-10-21,24,14376.0,390.0,599.0,88,73,78,34,38,38,68.25,23.67,58.75,29.47,0.502,1.289,0,0.0,0,43,-0.8855,0.4647
SKU-SNK-004,Handcrafted Kaju Katli Gift Box 500g,Snacks & Packaged Foods,44,2024-10-28,5,2995.0,390.0,599.0,24,88,73,78,82,82,65.75,28.52,57.0,31.24,0.548,0.365,0,0.0,1,44,-0.823,0.5681
SKU-SNK-004,Handcrafted Kaju Katli Gift Box 500g,Snacks & Packaged Foods,45,2024-11-04,36,18329.4,390.0,599.0,5,24,88,73,5,5,47.5,39.37,47.38,34.16,0.721,0.105,1,0.15,0,45,-0.7485,0.6631
SKU-SNK-004,Handcrafted Kaju Katli Gift Box 500g,Snacks & Packaged Foods,46,2024-11-11,27,16173.0,390.0,599.0,36,5,24,88,72,72,38.25,35.54,51.25,30.19,0.589,0.941,0,0.0,0,46,-0.6631,0.7485
SKU-SNK-004,Handcrafted Kaju Katli Gift Box 500g,Snacks & Packaged Foods,47,2024-11-18,58,34742.0,390.0,599.0,27,36,5,24,34,34,23.0,13.04,45.62,29.97,0.657,1.174,0,0.0,0,47,-0.5681,0.823
SKU-SNK-004,Handcrafted Kaju Katli Gift Box 500g,Snacks & Packaged Foods,48,2024-11-25,62,37138.0,390.0,599.0,58,27,36,5,78,78,31.5,21.95,48.62,29.84,0.614,1.841,0,0.0,0,48,-0.4647,0.8855
SKU-SNK-004,Handcrafted Kaju Katli Gift Box 500g,Snacks & Packaged Foods,49,2024-12-02,51,30549.0,390.0,599.0,62,58,27,36,73,73,45.75,16.94,46.62,28.07,0.602,1.355,0,0.0,0,49,-0.3546,0.935
SKU-SNK-004,Handcrafted Kaju Katli Gift Box 500g,Snacks & Packaged Foods,50,2024-12-09,52,31148.0,390.0,599.0,51,62,58,27,88,88,49.5,15.67,43.88,26.13,0.596,1.03,0,0.0,0,50,-0.2393,0.9709
SKU-SNK-004,Handcrafted Kaju Katli Gift Box 500g,Snacks & Packaged Foods,51,2024-12-16,90,53910.0,390.0,599.0,52,51,62,58,24,24,55.75,5.19,39.38,19.77,0.502,0.933,0,0.0,1,51,-0.1205,0.9927
SKU-SNK-004,Handcrafted Kaju Katli Gift Box 500g,Snacks & Packaged Foods,52,2024-12-23,92,46841.8,390.0,599.0,90,52,51,62,5,5,63.75,18.19,47.62,25.4,0.533,1.412,1,0.15,0,52,-0.0,1.0
SKU-SNK-004,Handcrafted Kaju Katli Gift Box 500g,Snacks & Packaged Foods,53,2024-12-30,74,44326.0,390.0,599.0,92,90,52,51,36,13,71.25,22.82,58.5,23.07,0.394,1.291,0,0.0,0,1,0.1205,0.9927
SKU-SNK-004,Handcrafted Kaju Katli Gift Box 500g,Snacks & Packaged Foods,54,2025-01-06,49,29351.0,390.0,599.0,74,92,90,52,27,33,77.0,18.51,63.25,21.64,0.342,0.961,0,0.0,0,2,0.2393,0.9709
SKU-SNK-004,Handcrafted Kaju Katli Gift Box 500g,Snacks & Packaged Foods,55,2025-01-13,106,63494.0,390.0,599.0,49,74,92,90,58,153,76.25,19.87,66.0,17.35,0.263,0.643,0,0.0,1,3,0.3546,0.935
SKU-SNK-004,Handcrafted Kaju Katli Gift Box 500g,Snacks & Packaged Foods,56,2025-01-20,64,38336.0,390.0,599.0,106,49,74,92,62,23,80.25,24.61,72.0,21.89,0.304,1.321,0,0.0,0,4,0.4647,0.8855
SKU-SNK-004,Handcrafted Kaju Katli Gift Box 500g,Snacks & Packaged Foods,57,2025-01-27,57,34143.0,390.0,599.0,64,106,49,74,51,42,73.25,24.13,72.25,21.77,0.301,0.874,0,0.0,0,5,0.5681,0.823
SKU-SNK-004,Handcrafted Kaju Katli Gift Box 500g,Snacks & Packaged Foods,58,2025-02-03,112,67088.0,390.0,599.0,57,64,106,49,52,34,69.0,25.42,73.0,21.02,0.288,0.826,0,0.0,0,6,0.6631,0.7485
SKU-SNK-004,Handcrafted Kaju Katli Gift Box 500g,Snacks & Packaged Foods,59,2025-02-10,58,29530.7,390.0,599.0,112,57,64,106,90,88,84.75,28.25,80.5,23.07,0.287,1.322,1,0.15,0,7,0.7485,0.6631
SKU-SNK-004,Handcrafted Kaju Katli Gift Box 500g,Snacks & Packaged Foods,60,2025-02-17,25,14975.0,390.0,599.0,58,112,57,64,92,54,72.75,26.35,76.5,23.94,0.313,0.797,0,0.0,0,8,0.823,0.5681
SKU-SNK-004,Handcrafted Kaju Katli Gift Box 500g,Snacks & Packaged Foods,61,2025-02-24,5,2995.0,390.0,599.0,25,58,112,57,74,19,63.0,36.08,68.12,28.94,0.425,0.397,0,0.0,0,9,0.8855,0.4647
SKU-SNK-004,Handcrafted Kaju Katli Gift Box 500g,Snacks & Packaged Foods,62,2025-03-03,76,45524.0,390.0,599.0,5,25,58,112,49,5,50.0,46.75,59.5,36.29,0.61,0.1,0,0.0,0,10,0.935,0.3546
SKU-SNK-004,Handcrafted Kaju Katli Gift Box 500g,Snacks & Packaged Foods,63,2025-03-10,81,48519.0,390.0,599.0,76,5,25,58,106,86,41.0,31.97,62.88,36.43,0.579,1.854,0,0.0,1,11,0.9709,0.2393
SKU-SNK-004,Handcrafted Kaju Katli Gift Box 500g,Snacks & Packaged Foods,64,2025-03-17,91,54509.0,390.0,599.0,81,76,5,25,64,5,46.75,37.62,59.75,33.12,0.554,1.733,0,0.0,0,12,0.9927,0.1205
SKU-SNK-004,Handcrafted Kaju Katli Gift Box 500g,Snacks & Packaged Foods,65,2025-03-24,83,49717.0,390.0,599.0,91,81,76,5,57,75,63.25,39.33,63.12,34.94,0.554,1.439,0,0.0,0,13,1.0,0.0
SKU-SNK-004,Handcrafted Kaju Katli Gift Box 500g,Snacks & Packaged Foods,66,2025-03-31,5,2545.75,390.0,599.0,83,91,81,76,112,100,82.75,6.24,66.38,35.5,0.535,1.003,1,0.15,0,14,0.9927,-0.1205
SKU-SNK-004,Handcrafted Kaju Katli Gift Box 500g,Snacks & Packaged Foods,67,2025-04-07,16,9584.0,390.0,599.0,5,83,91,81,58,18,65.0,40.23,53.0,36.0,0.679,0.077,0,0.0,0,15,0.9709,-0.2393
SKU-SNK-004,Handcrafted Kaju Katli Gift Box 500g,Snacks & Packaged Foods,68,2025-04-14,91,54509.0,390.0,599.0,16,5,83,91,25,30,48.75,44.51,47.75,38.17,0.799,0.328,0,0.0,0,16,0.935,-0.3546
SKU-SNK-004,Handcrafted Kaju Katli Gift Box 500g,Snacks & Packaged Foods,69,2025-04-21,102,61098.0,390.0,599.0,91,16,5,83,5,64,48.75,44.51,56.0,39.65,0.708,1.867,0,0.0,0,17,0.8855,-0.4647
SKU-SNK-004,Handcrafted Kaju Katli Gift Box 500g,Snacks & Packaged Foods,70,2025-04-28,13,7787.0,390.0,599.0,102,91,16,5,76,49,53.5,50.06,68.12,36.54,0.536,1.907,0,0.0,1,18,0.823,-0.5681
SKU-SNK-004,Handcrafted Kaju Katli Gift Box 500g,Snacks & Packaged Foods,71,2025-05-05,64,38336.0,390.0,599.0,13,102,91,16,81,91,55.5,47.57,60.25,41.1,0.682,0.234,0,0.0,0,19,0.7485,-0.6631
SKU-SNK-004,Handcrafted Kaju Katli Gift Box 500g,Snacks & Packaged Foods,72,2025-05-12,70,41930.0,390.0,599.0,64,13,102,91,91,53,67.5,39.69,58.12,40.31,0.693,0.948,0,0.0,0,20,0.6631,-0.7485
SKU-SNK-004,Handcrafted Kaju Katli Gift Box 500g,Snacks & Packaged Foods,73,2025-05-19,151,76881.65,390.0,599.0,70,64,13,102,83,60,62.25,36.83,55.5,38.5,0.694,1.124,1,0.15,0,21,0.5681,-0.823
SKU-SNK-004,Handcrafted Kaju Katli Gift Box 500g,Snacks & Packaged Foods,74,2025-05-26,47,28153.0,390.0,599.0,151,70,64,13,5,7,74.5,57.05,64.0,50.94,0.796,2.027,0,0.0,0,22,0.4647,-0.8855
SKU-SNK-004,Handcrafted Kaju Katli Gift Box 500g,Snacks & Packaged Foods,75,2025-06-02,80,47920.0,390.0,599.0,47,151,70,64,16,68,83.0,46.37,69.25,45.91,0.663,0.566,0,0.0,0,23,0.3546,-0.935
SKU-SNK-004,Handcrafted Kaju Katli Gift Box 500g,Snacks & Packaged Foods,76,2025-06-09,101,60499.0,390.0,599.0,80,47,151,70,91,93,87.0,44.85,77.25,40.57,0.525,0.92,0,0.0,0,24,0.2393,-0.9709
SKU-SNK-004,Handcrafted Kaju Katli Gift Box 500g,Snacks & Packaged Foods,77,2025-06-16,34,20366.0,390.0,599.0,101,80,47,151,102,35,94.75,43.59,78.5,41.2,0.525,1.066,0,0.0,0,25,0.1205,-0.9927
SKU-SNK-004,Handcrafted Kaju Katli Gift Box 500g,Snacks & Packaged Foods,78,2025-06-23,79,47321.0,390.0,599.0,34,101,80,47,13,27,65.5,30.58,70.0,42.65,0.609,0.519,0,0.0,0,26,0.0,-1.0
SKU-SNK-004,Handcrafted Kaju Katli Gift Box 500g,Snacks & Packaged Foods,79,2025-06-30,118,70682.0,390.0,599.0,79,34,101,80,64,82,73.5,28.22,78.25,35.9,0.459,1.075,0,0.0,0,27,-0.1205,-0.9927
SKU-SNK-004,Handcrafted Kaju Katli Gift Box 500g,Snacks & Packaged Foods,80,2025-07-07,56,28512.4,390.0,599.0,118,79,34,101,70,52,83.0,36.36,85.0,37.86,0.445,1.422,1,0.15,1,28,-0.2393,-0.9709
SKU-SNK-004,Handcrafted Kaju Katli Gift Box 500g,Snacks & Packaged Foods,81,2025-07-14,6,3594.0,390.0,599.0,56,118,79,34,151,41,71.75,35.89,83.25,38.96,0.468,0.78,0,0.0,0,29,-0.3546,-0.935
SKU-SNK-004,Handcrafted Kaju Katli Gift Box 500g,Snacks & Packaged Foods,82,2025-07-21,31,18569.0,390.0,599.0,6,56,118,79,47,60,64.75,46.79,65.12,36.59,0.562,0.093,0,0.0,0,30,-0.4647,-0.8855
SKU-SNK-004,Handcrafted Kaju Katli Gift Box 500g,Snacks & Packaged Foods,83,2025-07-28,25,14975.0,390.0,599.0,31,6,56,118,80,61,52.75,48.05,63.12,38.13,0.604,0.588,0,0.0,0,31,-0.5681,-0.823
SKU-SNK-004,Handcrafted Kaju Katli Gift Box 500g,Snacks & Packaged Foods,84,2025-08-04,64,38336.0,390.0,599.0,25,31,6,56,101,51,29.5,20.63,56.25,39.58,0.704,0.847,0,0.0,0,32,-0.6631,-0.7485
SKU-SNK-004,Handcrafted Kaju Katli Gift Box 500g,Snacks & Packaged Foods,85,2025-08-11,74,44326.0,390.0,599.0,64,25,31,6,34,98,31.5,24.15,51.62,35.56,0.689,2.032,0,0.0,1,33,-0.7485,-0.6631
SKU-SNK-004,Handcrafted Kaju Katli Gift Box 500g,Snacks & Packaged Foods,86,2025-08-18,6,3594.0,390.0,599.0,74,64,25,31,79,56,48.5,24.15,56.62,35.54,0.628,1.526,0,0.0,0,34,-0.823,-0.5681
SKU-SNK-004,Handcrafted Kaju Katli Gift Box 500g,Snacks & Packaged Foods,87,2025-08-25,72,36658.8,390.0,599.0,6,74,64,25,118,38,42.25,32.11,47.5,38.25,0.805,0.142,1,0.15,0,35,-0.8855,-0.4647
SKU-SNK-004,Handcrafted Kaju Katli Gift Box 500g,Snacks & Packaged Foods,88,2025-09-01,5,2995.0,390.0,599.0,72,6,74,64,56,82,54.0,32.29,41.75,28.3,0.678,1.333,0,0.0,0,36,-0.935,-0.3546
SKU-SNK-004,Handcrafted Kaju Katli Gift Box 500g,Snacks & Packaged Foods,89,2025-09-08,40,23960.0,390.0,599.0,5,72,6,74,6,5,39.25,38.98,35.38,30.3,0.857,0.127,0,0.0,0,37,-0.9709,-0.2393
SKU-SNK-004,Handcrafted Kaju Katli Gift Box 500g,Snacks & Packaged Foods,90,2025-09-15,19,11381.0,390.0,599.0,40,5,72,6,31,72,30.75,31.95,39.62,27.88,0.704,1.301,0,0.0,0,38,-0.9927,-0.1205
SKU-SNK-004,Handcrafted Kaju Katli Gift Box 500g,Snacks & Packaged Foods,91,2025-09-22,57,34143.0,390.0,599.0,19,40,5,72,25,34,34.0,29.13,38.12,28.72,0.753,0.559,0,0.0,0,39,-1.0,-0.0
SKU-SNK-004,Handcrafted Kaju Katli Gift Box 500g,Snacks & Packaged Foods,92,2025-09-29,52,31148.0,390.0,599.0,57,19,40,5,64,78,30.25,22.91,42.12,28.86,0.685,1.884,0,0.0,0,40,-0.9927,0.1205
SKU-SNK-004,Handcrafted Kaju Katli Gift Box 500g,Snacks & Packaged Foods,93,2025-10-06,142,85058.0,390.0,599.0,52,57,19,40,74,73,42.0,16.91,40.62,27.86,0.686,1.238,0,0.0,1,41,-0.9709,0.2393
SKU-SNK-004,Handcrafted Kaju Katli Gift Box 500g,Snacks & Packaged Foods,94,2025-10-13,67,34113.05,390.0,599.0,142,52,57,19,6,88,67.5,52.45,49.12,44.75,0.911,2.104,1,0.15,0,42,-0.935,0.3546
SKU-SNK-004,Handcrafted Kaju Katli Gift Box 500g,Snacks & Packaged Foods,95,2025-10-20,57,34143.0,390.0,599.0,67,142,52,57,72,24,79.5,42.13,56.75,41.42,0.73,0.843,0,0.0,0,43,-0.8855,0.4647
SKU-SNK-004,Handcrafted Kaju Katli Gift Box 500g,Snacks & Packaged Foods,96,2025-10-27,156,93444.0,390.0,599.0,57,67,142,52,5,5,79.5,42.13,54.88,40.97,0.747,0.717,0,0.0,1,44,-0.823,0.5681
SKU-SNK-004,Handcrafted Kaju Katli Gift Box 500g,Snacks & Packaged Foods,97,2025-11-03,64,38336.0,390.0,599.0,156,57,67,142,40,36,105.5,50.72,73.75,48.76,0.661,1.479,0,0.0,0,45,-0.7485,0.6631
SKU-SNK-004,Handcrafted Kaju Katli Gift Box 500g,Snacks & Packaged Foods,98,2025-11-10,36,21564.0,390.0,599.0,64,156,57,67,19,27,86.0,46.85,76.75,47.09,0.614,0.744,0,0.0,0,46,-0.6631,0.7485
SKU-SNK-004,Handcrafted Kaju Katli Gift Box 500g,Snacks & Packaged Foods,99,2025-11-17,33,19767.0,390.0,599.0,36,64,156,57,57,58,78.25,53.18,78.88,44.42,0.563,0.46,0,0.0,0,47,-0.5681,0.823
SKU-SNK-004,Handcrafted Kaju Katli Gift Box 500g,Snacks & Packaged Foods,100,2025-11-24,5,2995.0,390.0,599.0,33,36,64,156,52,62,72.25,57.55,75.88,46.85,0.618,0.457,0,0.0,0,48,-0.4647,0.8855
SKU-SNK-004,Handcrafted Kaju Katli Gift Box 500g,Snacks & Packaged Foods,101,2025-12-01,73,37167.95,390.0,599.0,5,33,36,64,142,51,34.5,24.12,70.0,52.84,0.755,0.145,1,0.15,0,49,-0.3546,0.935
SKU-SNK-004,Handcrafted Kaju Katli Gift Box 500g,Snacks & Packaged Foods,102,2025-12-08,5,2995.0,390.0,599.0,73,5,33,36,67,52,36.75,27.91,61.38,44.36,0.723,1.986,0,0.0,0,50,-0.2393,0.9709
SKU-SNK-004,Handcrafted Kaju Katli Gift Box 500g,Snacks & Packaged Foods,103,2025-12-15,144,86256.0,390.0,599.0,5,73,5,33,57,90,29.0,32.17,53.62,48.46,0.904,0.172,0,0.0,1,51,-0.1205,0.9927
SKU-SNK-004,Handcrafted Kaju Katli Gift Box 500g,Snacks & Packaged Foods,104,2025-12-22,5,2995.0,390.0,599.0,144,5,73,5,156,92,56.75,66.41,64.5,58.13,0.901,2.537,0,0.0,0,52,-0.0,1.0
SKU-SNK-005,Baked Oats Digestive Biscuits 300g,Snacks & Packaged Foods,1,2024-01-01,217,14756.0,50.0,80.0,217,217,217,217,217,217,217.0,0.0,217.0,0.0,0.0,1.0,1,0.15,0,1,0.1205,0.9927
SKU-SNK-005,Baked Oats Digestive Biscuits 300g,Snacks & Packaged Foods,2,2024-01-08,124,9920.0,50.0,80.0,217,217,217,217,217,217,217.0,0.0,217.0,0.0,0.0,1.0,0,0.0,0,2,0.2393,0.9709
SKU-SNK-005,Baked Oats Digestive Biscuits 300g,Snacks & Packaged Foods,3,2024-01-15,190,15200.0,50.0,80.0,124,217,217,217,217,217,170.5,65.76,170.5,65.76,0.386,0.727,0,0.0,1,3,0.3546,0.935
SKU-SNK-005,Baked Oats Digestive Biscuits 300g,Snacks & Packaged Foods,4,2024-01-22,157,12560.0,50.0,80.0,190,124,217,217,217,217,177.0,47.84,177.0,47.84,0.27,1.073,0,0.0,0,4,0.4647,0.8855
SKU-SNK-005,Baked Oats Digestive Biscuits 300g,Snacks & Packaged Foods,5,2024-01-29,185,14800.0,50.0,80.0,157,190,124,217,217,217,172.0,40.32,172.0,40.32,0.234,0.913,0,0.0,0,5,0.5681,0.823
SKU-SNK-005,Baked Oats Digestive Biscuits 300g,Snacks & Packaged Foods,6,2024-02-05,162,12960.0,50.0,80.0,185,157,190,124,124,124,164.0,30.36,174.6,35.4,0.203,1.128,0,0.0,0,6,0.6631,0.7485
SKU-SNK-005,Baked Oats Digestive Biscuits 300g,Snacks & Packaged Foods,7,2024-02-12,122,9760.0,50.0,80.0,162,185,157,190,190,190,173.5,16.42,172.5,32.08,0.186,0.934,0,0.0,0,7,0.7485,0.6631
SKU-SNK-005,Baked Oats Digestive Biscuits 300g,Snacks & Packaged Foods,8,2024-02-19,208,14144.0,50.0,80.0,122,162,185,157,157,157,156.5,26.03,165.29,34.96,0.211,0.78,1,0.15,0,8,0.823,0.5681
SKU-SNK-005,Baked Oats Digestive Biscuits 300g,Snacks & Packaged Foods,9,2024-02-26,157,12560.0,50.0,80.0,208,122,162,185,217,217,169.25,36.67,170.62,35.71,0.209,1.229,0,0.0,0,9,0.8855,0.4647
SKU-SNK-005,Baked Oats Digestive Biscuits 300g,Snacks & Packaged Foods,10,2024-03-04,127,10160.0,50.0,80.0,157,208,122,162,124,124,162.25,35.31,163.12,30.5,0.187,0.968,0,0.0,0,10,0.935,0.3546
SKU-SNK-005,Baked Oats Digestive Biscuits 300g,Snacks & Packaged Foods,11,2024-03-11,210,16800.0,50.0,80.0,127,157,208,122,190,190,153.5,39.48,163.5,29.97,0.183,0.827,0,0.0,1,11,0.9709,0.2393
SKU-SNK-005,Baked Oats Digestive Biscuits 300g,Snacks & Packaged Foods,12,2024-03-18,125,10000.0,50.0,80.0,210,127,157,208,157,157,175.5,40.58,166.0,33.16,0.2,1.197,0,0.0,0,12,0.9927,0.1205
SKU-SNK-005,Baked Oats Digestive Biscuits 300g,Snacks & Packaged Foods,13,2024-03-25,132,10560.0,50.0,80.0,125,210,127,157,185,185,154.75,39.63,162.0,36.19,0.223,0.808,0,0.0,0,13,1.0,0.0
SKU-SNK-005,Baked Oats Digestive Biscuits 300g,Snacks & Packaged Foods,14,2024-04-01,162,12960.0,50.0,80.0,132,125,210,127,162,162,148.5,41.11,155.38,36.23,0.233,0.889,0,0.0,0,14,0.9927,-0.1205
SKU-SNK-005,Baked Oats Digestive Biscuits 300g,Snacks & Packaged Foods,15,2024-04-08,235,15980.0,50.0,80.0,162,132,125,210,122,122,157.25,38.66,155.38,36.23,0.233,1.03,1,0.15,0,15,0.9709,-0.2393
SKU-SNK-005,Baked Oats Digestive Biscuits 300g,Snacks & Packaged Foods,16,2024-04-15,171,13680.0,50.0,80.0,235,162,132,125,208,208,163.5,50.3,169.5,42.79,0.252,1.437,0,0.0,0,16,0.935,-0.3546
SKU-SNK-005,Baked Oats Digestive Biscuits 300g,Snacks & Packaged Foods,17,2024-04-22,214,17120.0,50.0,80.0,171,235,162,132,157,157,175.0,43.34,164.88,39.94,0.242,0.977,0,0.0,0,17,0.8855,-0.4647
SKU-SNK-005,Baked Oats Digestive Biscuits 300g,Snacks & Packaged Foods,18,2024-04-29,146,11680.0,50.0,80.0,214,171,235,162,127,127,195.5,34.76,172.0,43.28,0.252,1.095,0,0.0,1,18,0.823,-0.5681
SKU-SNK-005,Baked Oats Digestive Biscuits 300g,Snacks & Packaged Foods,19,2024-05-06,112,8960.0,50.0,80.0,146,214,171,235,210,210,191.5,40.37,174.38,40.91,0.235,0.762,0,0.0,0,19,0.7485,-0.6631
SKU-SNK-005,Baked Oats Digestive Biscuits 300g,Snacks & Packaged Foods,20,2024-05-13,148,11840.0,50.0,80.0,112,146,214,171,125,125,160.75,42.95,162.12,43.32,0.267,0.697,0,0.0,0,20,0.6631,-0.7485
SKU-SNK-005,Baked Oats Digestive Biscuits 300g,Snacks & Packaged Foods,21,2024-05-20,154,12320.0,50.0,80.0,148,112,146,214,132,132,155.0,42.66,165.0,41.22,0.25,0.955,0,0.0,0,21,0.5681,-0.823
SKU-SNK-005,Baked Oats Digestive Biscuits 300g,Snacks & Packaged Foods,22,2024-05-27,218,14824.0,50.0,80.0,154,148,112,146,162,162,140.0,18.97,167.75,39.4,0.235,1.1,1,0.15,0,22,0.4647,-0.8855
SKU-SNK-005,Baked Oats Digestive Biscuits 300g,Snacks & Packaged Foods,23,2024-06-03,141,11280.0,50.0,80.0,218,154,148,112,235,235,158.0,44.09,174.75,43.04,0.246,1.38,0,0.0,0,23,0.3546,-0.935
SKU-SNK-005,Baked Oats Digestive Biscuits 300g,Snacks & Packaged Foods,24,2024-06-10,181,14480.0,50.0,80.0,141,218,154,148,171,171,165.25,35.57,163.0,36.59,0.224,0.853,0,0.0,0,24,0.2393,-0.9709
SKU-SNK-005,Baked Oats Digestive Biscuits 300g,Snacks & Packaged Foods,25,2024-06-17,126,10080.0,50.0,80.0,181,141,218,154,214,214,173.5,34.02,164.25,37.07,0.226,1.043,0,0.0,0,25,0.1205,-0.9927
SKU-SNK-005,Baked Oats Digestive Biscuits 300g,Snacks & Packaged Foods,26,2024-06-24,160,12800.0,50.0,80.0,126,181,141,218,146,146,166.5,41.44,153.25,33.03,0.216,0.757,0,0.0,0,26,0.0,-1.0
SKU-SNK-005,Baked Oats Digestive Biscuits 300g,Snacks & Packaged Foods,27,2024-07-01,160,12800.0,50.0,80.0,160,126,181,141,112,112,152.0,23.82,155.0,32.96,0.213,1.053,0,0.0,0,27,-0.1205,-0.9927
SKU-SNK-005,Baked Oats Digestive Biscuits 300g,Snacks & Packaged Foods,28,2024-07-08,161,12880.0,50.0,80.0,160,160,126,181,148,148,156.75,22.77,161.0,28.02,0.174,1.021,0,0.0,1,28,-0.2393,-0.9709
SKU-SNK-005,Baked Oats Digestive Biscuits 300g,Snacks & Packaged Foods,29,2024-07-15,181,12308.0,50.0,80.0,161,160,160,126,154,154,151.75,17.17,162.62,27.53,0.169,1.061,1,0.15,0,29,-0.3546,-0.935
SKU-SNK-005,Baked Oats Digestive Biscuits 300g,Snacks & Packaged Foods,30,2024-07-22,186,14880.0,50.0,80.0,181,161,160,160,218,218,165.5,10.34,166.0,27.97,0.168,1.094,0,0.0,0,30,-0.4647,-0.8855
SKU-SNK-005,Baked Oats Digestive Biscuits 300g,Snacks & Packaged Foods,31,2024-07-29,122,9760.0,50.0,80.0,186,181,161,160,141,141,172.0,13.44,162.0,20.85,0.129,1.081,0,0.0,0,31,-0.5681,-0.823
SKU-SNK-005,Baked Oats Digestive Biscuits 300g,Snacks & Packaged Foods,32,2024-08-05,138,11040.0,50.0,80.0,122,186,181,161,181,181,162.5,29.08,159.62,24.37,0.153,0.751,0,0.0,0,32,-0.6631,-0.7485
SKU-SNK-005,Baked Oats Digestive Biscuits 300g,Snacks & Packaged Foods,33,2024-08-12,177,14160.0,50.0,80.0,138,122,186,181,126,126,156.75,31.64,154.25,23.72,0.154,0.88,0,0.0,1,33,-0.7485,-0.6631
SKU-SNK-005,Baked Oats Digestive Biscuits 300g,Snacks & Packaged Foods,34,2024-08-19,136,10880.0,50.0,80.0,177,138,122,186,160,160,155.75,30.66,160.62,21.82,0.136,1.136,0,0.0,0,34,-0.823,-0.5681
SKU-SNK-005,Baked Oats Digestive Biscuits 300g,Snacks & Packaged Foods,35,2024-08-26,130,10400.0,50.0,80.0,136,177,138,122,160,160,143.25,23.6,157.62,23.5,0.149,0.949,0,0.0,0,35,-0.8855,-0.4647
SKU-SNK-005,Baked Oats Digestive Biscuits 300g,Snacks & Packaged Foods,36,2024-09-02,151,10268.0,50.0,80.0,130,136,177,138,161,161,145.25,21.44,153.88,25.39,0.165,0.895,1,0.15,0,36,-0.935,-0.3546
SKU-SNK-005,Baked Oats Digestive Biscuits 300g,Snacks & Packaged Foods,37,2024-09-09,152,12160.0,50.0,80.0,151,130,136,177,181,181,148.5,20.95,152.62,25.23,0.165,1.017,0,0.0,0,37,-0.9709,-0.2393
SKU-SNK-005,Baked Oats Digestive Biscuits 300g,Snacks & Packaged Foods,38,2024-09-16,116,9280.0,50.0,80.0,152,151,130,136,186,186,142.25,10.97,149.0,22.51,0.151,1.069,0,0.0,0,38,-0.9927,-0.1205
SKU-SNK-005,Baked Oats Digestive Biscuits 300g,Snacks & Packaged Foods,39,2024-09-23,112,8960.0,50.0,80.0,116,152,151,130,122,122,137.25,17.42,140.25,19.47,0.139,0.845,0,0.0,0,39,-1.0,-0.0
SKU-SNK-005,Baked Oats Digestive Biscuits 300g,Snacks & Packaged Foods,40,2024-09-30,144,11520.0,50.0,80.0,112,116,152,151,138,138,132.75,21.72,139.0,21.06,0.152,0.844,0,0.0,0,40,-0.9927,0.1205
SKU-SNK-005,Baked Oats Digestive Biscuits 300g,Snacks & Packaged Foods,41,2024-10-07,167,13360.0,50.0,80.0,144,112,116,152,177,177,131.0,19.97,139.75,21.13,0.151,1.099,0,0.0,1,41,-0.9709,0.2393
SKU-SNK-005,Baked Oats Digestive Biscuits 300g,Snacks & Packaged Foods,42,2024-10-14,122,9760.0,50.0,80.0,167,144,112,116,136,136,134.75,25.79,138.5,18.78,0.136,1.239,0,0.0,0,42,-0.935,0.3546
SKU-SNK-005,Baked Oats Digestive Biscuits 300g,Snacks & Packaged Foods,43,2024-10-21,213,14484.0,50.0,80.0,122,167,144,112,130,130,136.25,24.47,136.75,19.67,0.144,0.895,1,0.15,0,43,-0.8855,0.4647
SKU-SNK-005,Baked Oats Digestive Biscuits 300g,Snacks & Packaged Foods,44,2024-10-28,193,15440.0,50.0,80.0,213,122,167,144,151,151,161.5,38.94,147.12,32.99,0.224,1.319,0,0.0,1,44,-0.823,0.5681
SKU-SNK-005,Baked Oats Digestive Biscuits 300g,Snacks & Packaged Foods,45,2024-11-04,133,10640.0,50.0,80.0,193,213,122,167,152,152,173.75,39.31,152.38,36.81,0.242,1.111,0,0.0,0,45,-0.7485,0.6631
SKU-SNK-005,Baked Oats Digestive Biscuits 300g,Snacks & Packaged Foods,46,2024-11-11,175,14000.0,50.0,80.0,133,193,213,122,116,116,165.25,44.57,150.0,37.45,0.25,0.805,0,0.0,0,46,-0.6631,0.7485
SKU-SNK-005,Baked Oats Digestive Biscuits 300g,Snacks & Packaged Foods,47,2024-11-18,140,11200.0,50.0,80.0,175,133,193,213,112,112,178.5,34.07,157.38,35.56,0.226,0.98,0,0.0,0,47,-0.5681,0.823
SKU-SNK-005,Baked Oats Digestive Biscuits 300g,Snacks & Packaged Foods,48,2024-11-25,151,12080.0,50.0,80.0,140,175,133,193,144,144,160.25,28.54,160.88,31.61,0.196,0.874,0,0.0,0,48,-0.4647,0.8855
SKU-SNK-005,Baked Oats Digestive Biscuits 300g,Snacks & Packaged Foods,49,2024-12-02,138,11040.0,50.0,80.0,151,140,175,133,167,167,149.75,18.39,161.75,31.17,0.193,1.008,0,0.0,0,49,-0.3546,0.935
SKU-SNK-005,Baked Oats Digestive Biscuits 300g,Snacks & Packaged Foods,50,2024-12-09,158,10744.0,50.0,80.0,138,151,140,175,122,122,151.0,16.99,158.12,32.14,0.203,0.914,1,0.15,0,50,-0.2393,0.9709
SKU-SNK-005,Baked Oats Digestive Biscuits 300g,Snacks & Packaged Foods,51,2024-12-16,178,14240.0,50.0,80.0,158,138,151,140,213,213,146.75,9.43,162.62,28.7,0.176,1.077,0,0.0,1,51,-0.1205,0.9927
SKU-SNK-005,Baked Oats Digestive Biscuits 300g,Snacks & Packaged Foods,52,2024-12-23,100,8000.0,50.0,80.0,178,158,138,151,193,193,156.25,16.7,158.25,21.75,0.137,1.139,0,0.0,0,52,-0.0,1.0
SKU-SNK-005,Baked Oats Digestive Biscuits 300g,Snacks & Packaged Foods,53,2024-12-30,192,15360.0,50.0,80.0,100,178,158,138,133,217,143.5,33.28,146.62,25.12,0.171,0.697,0,0.0,0,1,0.1205,0.9927
SKU-SNK-005,Baked Oats Digestive Biscuits 300g,Snacks & Packaged Foods,54,2025-01-06,179,14320.0,50.0,80.0,192,100,178,158,175,124,157.0,40.48,154.0,28.92,0.188,1.223,0,0.0,0,2,0.2393,0.9709
SKU-SNK-005,Baked Oats Digestive Biscuits 300g,Snacks & Packaged Foods,55,2025-01-13,251,20080.0,50.0,80.0,179,192,100,178,140,190,162.25,41.99,154.5,29.36,0.19,1.103,0,0.0,1,3,0.3546,0.935
SKU-SNK-005,Baked Oats Digestive Biscuits 300g,Snacks & Packaged Foods,56,2025-01-20,158,12640.0,50.0,80.0,251,179,192,100,151,157,180.5,62.14,168.38,44.07,0.262,1.391,0,0.0,0,4,0.4647,0.8855
SKU-SNK-005,Baked Oats Digestive Biscuits 300g,Snacks & Packaged Foods,57,2025-01-27,256,17408.0,50.0,80.0,158,251,179,192,138,185,195.0,39.87,169.25,43.75,0.258,0.81,1,0.15,0,5,0.5681,0.823
SKU-SNK-005,Baked Oats Digestive Biscuits 300g,Snacks & Packaged Foods,58,2025-02-03,191,15280.0,50.0,80.0,256,158,251,179,158,162,211.0,49.86,184.0,51.0,0.277,1.213,0,0.0,0,6,0.6631,0.7485
SKU-SNK-005,Baked Oats Digestive Biscuits 300g,Snacks & Packaged Foods,59,2025-02-10,133,10640.0,50.0,80.0,191,256,158,251,178,122,214.0,47.6,188.12,49.92,0.265,0.893,0,0.0,0,7,0.7485,0.6631
SKU-SNK-005,Baked Oats Digestive Biscuits 300g,Snacks & Packaged Foods,60,2025-02-17,206,16480.0,50.0,80.0,133,191,256,158,100,208,184.5,53.26,182.5,53.62,0.294,0.721,0,0.0,0,8,0.823,0.5681
SKU-SNK-005,Baked Oats Digestive Biscuits 300g,Snacks & Packaged Foods,61,2025-02-24,201,16080.0,50.0,80.0,206,133,191,256,192,157,196.5,50.64,195.75,42.2,0.216,1.048,0,0.0,0,9,0.8855,0.4647
SKU-SNK-005,Baked Oats Digestive Biscuits 300g,Snacks & Packaged Foods,62,2025-03-03,234,18720.0,50.0,80.0,201,206,133,191,179,127,182.75,33.75,196.88,42.21,0.214,1.1,0,0.0,0,10,0.935,0.3546
SKU-SNK-005,Baked Oats Digestive Biscuits 300g,Snacks & Packaged Foods,63,2025-03-10,178,14240.0,50.0,80.0,234,201,206,133,251,210,193.5,42.87,203.75,43.34,0.213,1.209,0,0.0,1,11,0.9709,0.2393
SKU-SNK-005,Baked Oats Digestive Biscuits 300g,Snacks & Packaged Foods,64,2025-03-17,272,18496.0,50.0,80.0,178,234,201,206,158,125,204.75,23.0,194.62,39.49,0.203,0.869,1,0.15,0,12,0.9927,0.1205
SKU-SNK-005,Baked Oats Digestive Biscuits 300g,Snacks & Packaged Foods,65,2025-03-24,192,15360.0,50.0,80.0,272,178,234,201,256,132,221.25,40.9,208.88,44.62,0.214,1.229,0,0.0,0,13,1.0,0.0
SKU-SNK-005,Baked Oats Digestive Biscuits 300g,Snacks & Packaged Foods,66,2025-03-31,182,14560.0,50.0,80.0,192,272,178,234,191,162,219.0,42.6,200.88,40.51,0.202,0.877,0,0.0,0,14,0.9927,-0.1205
SKU-SNK-005,Baked Oats Digestive Biscuits 300g,Snacks & Packaged Foods,67,2025-04-07,123,9840.0,50.0,80.0,182,192,272,178,133,235,206.0,44.39,199.75,40.95,0.205,0.883,0,0.0,0,15,0.9709,-0.2393
SKU-SNK-005,Baked Oats Digestive Biscuits 300g,Snacks & Packaged Foods,68,2025-04-14,134,10720.0,50.0,80.0,123,182,192,272,206,171,192.25,61.27,198.5,43.36,0.218,0.64,0,0.0,0,16,0.935,-0.3546
SKU-SNK-005,Baked Oats Digestive Biscuits 300g,Snacks & Packaged Foods,69,2025-04-21,147,11760.0,50.0,80.0,134,123,182,192,201,214,157.75,34.32,189.5,48.72,0.257,0.849,0,0.0,0,17,0.8855,-0.4647
SKU-SNK-005,Baked Oats Digestive Biscuits 300g,Snacks & Packaged Foods,70,2025-04-28,202,16160.0,50.0,80.0,147,134,123,182,234,146,146.5,25.62,182.75,50.6,0.277,1.003,0,0.0,1,18,0.823,-0.5681
SKU-SNK-005,Baked Oats Digestive Biscuits 300g,Snacks & Packaged Foods,71,2025-05-05,193,13124.0,50.0,80.0,202,147,134,123,178,112,151.5,35.07,178.75,47.12,0.264,1.333,1,0.15,0,19,0.7485,-0.6631
SKU-SNK-005,Baked Oats Digestive Biscuits 300g,Snacks & Packaged Foods,72,2025-05-12,193,15440.0,50.0,80.0,193,202,147,134,272,148,169.0,33.54,180.62,47.38,0.262,1.142,0,0.0,0,20,0.6631,-0.7485
SKU-SNK-005,Baked Oats Digestive Biscuits 300g,Snacks & Packaged Foods,73,2025-05-19,161,12880.0,50.0,80.0,193,193,202,147,192,154,183.75,24.86,170.75,31.03,0.182,1.05,0,0.0,0,21,0.5681,-0.823
SKU-SNK-005,Baked Oats Digestive Biscuits 300g,Snacks & Packaged Foods,74,2025-05-26,169,13520.0,50.0,80.0,161,193,193,202,182,218,187.25,18.01,166.88,29.91,0.179,0.86,0,0.0,0,22,0.4647,-0.8855
SKU-SNK-005,Baked Oats Digestive Biscuits 300g,Snacks & Packaged Foods,75,2025-06-02,161,12880.0,50.0,80.0,169,161,193,193,123,141,179.0,16.49,165.25,29.32,0.177,0.944,0,0.0,0,23,0.3546,-0.935
SKU-SNK-005,Baked Oats Digestive Biscuits 300g,Snacks & Packaged Foods,76,2025-06-09,130,10400.0,50.0,80.0,161,169,161,193,134,181,171.0,15.14,170.0,24.11,0.142,0.942,0,0.0,0,24,0.2393,-0.9709
SKU-SNK-005,Baked Oats Digestive Biscuits 300g,Snacks & Packaged Foods,77,2025-06-16,149,11920.0,50.0,80.0,130,161,169,161,147,126,155.25,17.25,169.5,24.99,0.147,0.837,0,0.0,0,25,0.1205,-0.9927
SKU-SNK-005,Baked Oats Digestive Biscuits 300g,Snacks & Packaged Foods,78,2025-06-23,194,13192.0,50.0,80.0,149,130,161,169,202,160,152.25,16.96,169.75,24.74,0.146,0.979,1,0.15,0,26,0.0,-1.0
SKU-SNK-005,Baked Oats Digestive Biscuits 300g,Snacks & Packaged Foods,79,2025-06-30,115,9200.0,50.0,80.0,194,149,130,161,193,160,158.5,26.89,168.75,23.38,0.139,1.224,0,0.0,0,27,-0.1205,-0.9927
SKU-SNK-005,Baked Oats Digestive Biscuits 300g,Snacks & Packaged Foods,80,2025-07-07,154,12320.0,50.0,80.0,115,194,149,130,193,161,147.0,34.28,159.0,27.69,0.174,0.782,0,0.0,1,28,-0.2393,-0.9709
SKU-SNK-005,Baked Oats Digestive Biscuits 300g,Snacks & Packaged Foods,81,2025-07-14,164,13120.0,50.0,80.0,154,115,194,149,161,181,153.0,32.36,154.12,24.04,0.156,1.007,0,0.0,0,29,-0.3546,-0.935
SKU-SNK-005,Baked Oats Digestive Biscuits 300g,Snacks & Packaged Foods,82,2025-07-21,173,13840.0,50.0,80.0,164,154,115,194,169,186,156.75,32.61,154.5,24.18,0.157,1.046,0,0.0,0,30,-0.4647,-0.8855
SKU-SNK-005,Baked Oats Digestive Biscuits 300g,Snacks & Packaged Foods,83,2025-07-28,140,11200.0,50.0,80.0,173,164,154,115,161,122,151.5,25.54,155.0,24.56,0.158,1.142,0,0.0,0,31,-0.5681,-0.823
SKU-SNK-005,Baked Oats Digestive Biscuits 300g,Snacks & Packaged Foods,84,2025-08-04,175,14000.0,50.0,80.0,140,173,164,154,130,138,157.75,14.15,152.38,24.95,0.164,0.887,0,0.0,0,32,-0.6631,-0.7485
SKU-SNK-005,Baked Oats Digestive Biscuits 300g,Snacks & Packaged Foods,85,2025-08-11,204,13872.0,50.0,80.0,175,140,173,164,149,177,163.0,16.06,158.0,24.25,0.153,1.074,1,0.15,1,33,-0.7485,-0.6631
SKU-SNK-005,Baked Oats Digestive Biscuits 300g,Snacks & Packaged Foods,86,2025-08-18,183,14640.0,50.0,80.0,204,175,140,173,194,136,173.0,26.17,164.88,28.72,0.174,1.179,0,0.0,0,34,-0.823,-0.5681
SKU-SNK-005,Baked Oats Digestive Biscuits 300g,Snacks & Packaged Foods,87,2025-08-25,148,11840.0,50.0,80.0,183,204,175,140,115,130,175.5,26.64,163.5,27.35,0.167,1.043,0,0.0,0,35,-0.8855,-0.4647
SKU-SNK-005,Baked Oats Digestive Biscuits 300g,Snacks & Packaged Foods,88,2025-09-01,103,8240.0,50.0,80.0,148,183,204,175,154,151,177.5,23.16,167.62,20.67,0.123,0.834,0,0.0,0,36,-0.935,-0.3546
SKU-SNK-005,Baked Oats Digestive Biscuits 300g,Snacks & Packaged Foods,89,2025-09-08,186,14880.0,50.0,80.0,103,148,183,204,164,152,159.5,44.19,161.25,30.83,0.191,0.646,0,0.0,0,37,-0.9709,-0.2393
SKU-SNK-005,Baked Oats Digestive Biscuits 300g,Snacks & Packaged Foods,90,2025-09-15,152,12160.0,50.0,80.0,186,103,148,183,173,116,155.0,38.72,164.0,32.07,0.196,1.2,0,0.0,0,38,-0.9927,-0.1205
SKU-SNK-005,Baked Oats Digestive Biscuits 300g,Snacks & Packaged Foods,91,2025-09-22,116,9280.0,50.0,80.0,152,186,103,148,140,112,147.25,34.07,161.38,32.09,0.199,1.032,0,0.0,0,39,-1.0,-0.0
SKU-SNK-005,Baked Oats Digestive Biscuits 300g,Snacks & Packaged Foods,92,2025-09-29,197,13396.0,50.0,80.0,116,152,186,103,175,144,139.25,37.43,158.38,35.33,0.223,0.833,1,0.15,0,40,-0.9927,0.1205
SKU-SNK-005,Baked Oats Digestive Biscuits 300g,Snacks & Packaged Foods,93,2025-10-06,227,18160.0,50.0,80.0,197,116,152,186,204,167,162.75,36.58,161.12,37.59,0.233,1.21,0,0.0,1,41,-0.9709,0.2393
SKU-SNK-005,Baked Oats Digestive Biscuits 300g,Snacks & Packaged Foods,94,2025-10-13,151,12080.0,50.0,80.0,227,197,116,152,183,122,173.0,48.93,164.0,41.97,0.256,1.312,0,0.0,0,42,-0.935,0.3546
SKU-SNK-005,Baked Oats Digestive Biscuits 300g,Snacks & Packaged Foods,95,2025-10-20,198,15840.0,50.0,80.0,151,227,197,116,148,213,172.75,49.07,160.0,41.42,0.259,0.874,0,0.0,0,43,-0.8855,0.4647
SKU-SNK-005,Baked Oats Digestive Biscuits 300g,Snacks & Packaged Foods,96,2025-10-27,290,23200.0,50.0,80.0,198,151,227,197,103,193,193.25,31.42,166.25,43.09,0.259,1.025,0,0.0,1,44,-0.823,0.5681
SKU-SNK-005,Baked Oats Digestive Biscuits 300g,Snacks & Packaged Foods,97,2025-11-03,117,9360.0,50.0,80.0,290,198,151,227,186,133,216.5,58.15,189.62,53.37,0.281,1.339,0,0.0,0,45,-0.7485,0.6631
SKU-SNK-005,Baked Oats Digestive Biscuits 300g,Snacks & Packaged Foods,98,2025-11-10,195,15600.0,50.0,80.0,117,290,198,151,152,175,189.0,75.08,181.0,59.29,0.328,0.619,0,0.0,0,46,-0.6631,0.7485
SKU-SNK-005,Baked Oats Digestive Biscuits 300g,Snacks & Packaged Foods,99,2025-11-17,217,14756.0,50.0,80.0,195,117,290,198,116,140,200.0,70.75,186.38,58.22,0.312,0.975,1,0.15,0,47,-0.5681,0.823
SKU-SNK-005,Baked Oats Digestive Biscuits 300g,Snacks & Packaged Foods,100,2025-11-24,136,10880.0,50.0,80.0,217,195,117,290,197,151,204.75,71.21,199.0,51.32,0.258,1.06,0,0.0,0,48,-0.4647,0.8855
SKU-SNK-005,Baked Oats Digestive Biscuits 300g,Snacks & Packaged Foods,101,2025-12-01,130,10400.0,50.0,80.0,136,217,195,117,227,138,166.25,47.41,191.38,55.98,0.293,0.818,0,0.0,0,49,-0.3546,0.935
SKU-SNK-005,Baked Oats Digestive Biscuits 300g,Snacks & Packaged Foods,102,2025-12-08,161,12880.0,50.0,80.0,130,136,217,195,151,158,169.5,43.16,179.25,57.64,0.322,0.767,0,0.0,0,50,-0.2393,0.9709
SKU-SNK-005,Baked Oats Digestive Biscuits 300g,Snacks & Packaged Foods,103,2025-12-15,257,20560.0,50.0,80.0,161,130,136,217,198,178,161.0,39.67,180.5,57.05,0.316,1.0,0,0.0,1,51,-0.1205,0.9927
SKU-SNK-005,Baked Oats Digestive Biscuits 300g,Snacks & Packaged Foods,104,2025-12-22,119,9520.0,50.0,80.0,257,161,130,136,290,100,171.0,58.88,187.88,63.12,0.336,1.503,0,0.0,0,52,-0.0,1.0
SKU-SNK-006,Gourmet Salted Pistachios 250g,Snacks & Packaged Foods,1,2024-01-01,75,28050.0,290.0,440.0,75,75,75,75,75,75,75.0,0.0,75.0,0.0,0.0,1.0,1,0.15,0,1,0.1205,0.9927
SKU-SNK-006,Gourmet Salted Pistachios 250g,Snacks & Packaged Foods,2,2024-01-08,51,22440.0,290.0,440.0,75,75,75,75,75,75,75.0,0.0,75.0,0.0,0.0,1.0,0,0.0,0,2,0.2393,0.9709
SKU-SNK-006,Gourmet Salted Pistachios 250g,Snacks & Packaged Foods,3,2024-01-15,81,35640.0,290.0,440.0,51,75,75,75,75,75,63.0,16.97,63.0,16.97,0.269,0.81,0,0.0,1,3,0.3546,0.935
SKU-SNK-006,Gourmet Salted Pistachios 250g,Snacks & Packaged Foods,4,2024-01-22,35,15400.0,290.0,440.0,81,51,75,75,75,75,69.0,15.87,69.0,15.87,0.23,1.174,0,0.0,0,4,0.4647,0.8855
SKU-SNK-006,Gourmet Salted Pistachios 250g,Snacks & Packaged Foods,5,2024-01-29,43,18920.0,290.0,440.0,35,81,51,75,75,75,60.5,21.38,60.5,21.38,0.353,0.579,0,0.0,0,5,0.5681,0.823
SKU-SNK-006,Gourmet Salted Pistachios 250g,Snacks & Packaged Foods,6,2024-02-05,104,45760.0,290.0,440.0,43,35,81,51,51,51,52.5,20.09,57.0,20.1,0.353,0.819,0,0.0,0,6,0.6631,0.7485
SKU-SNK-006,Gourmet Salted Pistachios 250g,Snacks & Packaged Foods,7,2024-02-12,79,34760.0,290.0,440.0,104,43,35,81,81,81,65.75,32.45,64.83,26.29,0.406,1.582,0,0.0,0,7,0.7485,0.6631
SKU-SNK-006,Gourmet Salted Pistachios 250g,Snacks & Packaged Foods,8,2024-02-19,54,20196.0,290.0,440.0,79,104,43,35,35,35,65.25,32.15,66.86,24.59,0.368,1.211,1,0.15,0,8,0.823,0.5681
SKU-SNK-006,Gourmet Salted Pistachios 250g,Snacks & Packaged Foods,9,2024-02-26,77,33880.0,290.0,440.0,54,79,104,43,75,75,70.0,27.22,65.25,23.22,0.356,0.771,0,0.0,0,9,0.8855,0.4647
SKU-SNK-006,Gourmet Salted Pistachios 250g,Snacks & Packaged Foods,10,2024-03-04,63,27720.0,290.0,440.0,77,54,79,104,51,51,78.5,20.44,65.5,23.35,0.356,0.981,0,0.0,0,10,0.935,0.3546
SKU-SNK-006,Gourmet Salted Pistachios 250g,Snacks & Packaged Foods,11,2024-03-11,94,41360.0,290.0,440.0,63,77,54,79,81,81,68.25,11.87,67.0,22.66,0.338,0.923,0,0.0,1,11,0.9709,0.2393
SKU-SNK-006,Gourmet Salted Pistachios 250g,Snacks & Packaged Foods,12,2024-03-18,26,11440.0,290.0,440.0,94,63,77,54,35,35,72.0,17.45,68.62,24.22,0.353,1.306,0,0.0,0,12,0.9927,0.1205
SKU-SNK-006,Gourmet Salted Pistachios 250g,Snacks & Packaged Foods,13,2024-03-25,64,28160.0,290.0,440.0,26,94,63,77,43,43,65.0,28.93,67.5,26.14,0.387,0.4,0,0.0,0,13,1.0,0.0
SKU-SNK-006,Gourmet Salted Pistachios 250g,Snacks & Packaged Foods,14,2024-04-01,63,27720.0,290.0,440.0,64,26,94,63,104,104,61.75,27.84,70.12,24.32,0.347,1.036,0,0.0,0,14,0.9927,-0.1205
SKU-SNK-006,Gourmet Salted Pistachios 250g,Snacks & Packaged Foods,15,2024-04-08,116,43384.0,290.0,440.0,63,64,26,94,79,79,61.75,27.84,65.0,20.11,0.309,1.02,1,0.15,0,15,0.9709,-0.2393
SKU-SNK-006,Gourmet Salted Pistachios 250g,Snacks & Packaged Foods,16,2024-04-15,55,24200.0,290.0,440.0,116,63,64,26,54,54,67.25,37.0,69.62,26.9,0.386,1.725,0,0.0,0,16,0.935,-0.3546
SKU-SNK-006,Gourmet Salted Pistachios 250g,Snacks & Packaged Foods,17,2024-04-22,56,24640.0,290.0,440.0,55,116,63,64,77,77,74.5,27.96,69.75,26.82,0.385,0.738,0,0.0,0,17,0.8855,-0.4647
SKU-SNK-006,Gourmet Salted Pistachios 250g,Snacks & Packaged Foods,18,2024-04-29,46,20240.0,290.0,440.0,56,55,116,63,63,63,72.5,29.22,67.12,27.04,0.403,0.772,0,0.0,1,18,0.823,-0.5681
SKU-SNK-006,Gourmet Salted Pistachios 250g,Snacks & Packaged Foods,19,2024-05-06,51,22440.0,290.0,440.0,46,56,55,116,94,94,68.25,32.15,65.0,28.06,0.432,0.674,0,0.0,0,19,0.7485,-0.6631
SKU-SNK-006,Gourmet Salted Pistachios 250g,Snacks & Packaged Foods,20,2024-05-13,44,19360.0,290.0,440.0,51,46,56,55,26,26,52.0,4.55,59.62,25.73,0.432,0.981,0,0.0,0,20,0.6631,-0.7485
SKU-SNK-006,Gourmet Salted Pistachios 250g,Snacks & Packaged Foods,21,2024-05-20,75,33000.0,290.0,440.0,44,51,46,56,64,64,49.25,5.38,61.88,23.01,0.372,0.893,0,0.0,0,21,0.5681,-0.823
SKU-SNK-006,Gourmet Salted Pistachios 250g,Snacks & Packaged Foods,22,2024-05-27,38,14212.0,290.0,440.0,75,44,51,46,63,63,54.0,14.31,63.25,23.48,0.371,1.389,1,0.15,0,22,0.4647,-0.8855
SKU-SNK-006,Gourmet Salted Pistachios 250g,Snacks & Packaged Foods,23,2024-06-03,64,28160.0,290.0,440.0,38,75,44,51,116,116,52.0,16.23,60.12,25.13,0.418,0.731,0,0.0,0,23,0.3546,-0.935
SKU-SNK-006,Gourmet Salted Pistachios 250g,Snacks & Packaged Foods,24,2024-06-10,77,33880.0,290.0,440.0,64,38,75,44,55,55,55.25,17.23,53.62,11.8,0.22,1.158,0,0.0,0,24,0.2393,-0.9709
SKU-SNK-006,Gourmet Salted Pistachios 250g,Snacks & Packaged Foods,25,2024-06-17,60,26400.0,290.0,440.0,77,64,38,75,56,56,63.5,17.94,56.38,14.43,0.256,1.213,0,0.0,0,25,0.1205,-0.9927
SKU-SNK-006,Gourmet Salted Pistachios 250g,Snacks & Packaged Foods,26,2024-06-24,50,22000.0,290.0,440.0,60,77,64,38,46,46,59.75,16.21,56.88,14.49,0.255,1.004,0,0.0,0,26,0.0,-1.0
SKU-SNK-006,Gourmet Salted Pistachios 250g,Snacks & Packaged Foods,27,2024-07-01,60,26400.0,290.0,440.0,50,60,77,64,51,51,62.75,11.18,57.38,14.12,0.246,0.797,0,0.0,0,27,-0.1205,-0.9927
SKU-SNK-006,Gourmet Salted Pistachios 250g,Snacks & Packaged Foods,28,2024-07-08,60,26400.0,290.0,440.0,60,50,60,77,44,44,61.75,11.21,58.5,13.9,0.238,0.972,0,0.0,1,28,-0.2393,-0.9709
SKU-SNK-006,Gourmet Salted Pistachios 250g,Snacks & Packaged Foods,29,2024-07-15,76,28424.0,290.0,440.0,60,60,50,60,75,75,57.5,5.0,60.5,12.6,0.208,1.043,1,0.15,0,29,-0.3546,-0.935
SKU-SNK-006,Gourmet Salted Pistachios 250g,Snacks & Packaged Foods,30,2024-07-22,57,25080.0,290.0,440.0,76,60,60,50,38,38,61.5,10.75,60.62,12.77,0.211,1.236,0,0.0,0,30,-0.4647,-0.8855
SKU-SNK-006,Gourmet Salted Pistachios 250g,Snacks & Packaged Foods,31,2024-07-29,119,52360.0,290.0,440.0,57,76,60,60,64,64,63.25,8.62,63.0,9.24,0.147,0.901,0,0.0,0,31,-0.5681,-0.823
SKU-SNK-006,Gourmet Salted Pistachios 250g,Snacks & Packaged Foods,32,2024-08-05,93,40920.0,290.0,440.0,119,57,76,60,77,77,78.0,28.58,69.88,21.89,0.313,1.526,0,0.0,0,32,-0.6631,-0.7485
SKU-SNK-006,Gourmet Salted Pistachios 250g,Snacks & Packaged Foods,33,2024-08-12,80,35200.0,290.0,440.0,93,119,57,76,60,60,86.25,26.32,71.88,23.32,0.324,1.078,0,0.0,1,33,-0.7485,-0.6631
SKU-SNK-006,Gourmet Salted Pistachios 250g,Snacks & Packaged Foods,34,2024-08-19,73,32120.0,290.0,440.0,80,93,119,57,50,50,87.25,25.88,74.38,22.93,0.308,0.917,0,0.0,0,34,-0.823,-0.5681
SKU-SNK-006,Gourmet Salted Pistachios 250g,Snacks & Packaged Foods,35,2024-08-26,44,19360.0,290.0,440.0,73,80,93,119,60,60,91.25,20.27,77.25,20.78,0.269,0.8,0,0.0,0,35,-0.8855,-0.4647
SKU-SNK-006,Gourmet Salted Pistachios 250g,Snacks & Packaged Foods,36,2024-09-02,81,30294.0,290.0,440.0,44,73,80,93,60,60,72.5,20.73,75.25,23.3,0.31,0.607,1,0.15,0,36,-0.935,-0.3546
SKU-SNK-006,Gourmet Salted Pistachios 250g,Snacks & Packaged Foods,37,2024-09-09,62,27280.0,290.0,440.0,81,44,73,80,76,76,69.5,17.37,77.88,22.5,0.289,1.165,0,0.0,0,37,-0.9709,-0.2393
SKU-SNK-006,Gourmet Salted Pistachios 250g,Snacks & Packaged Foods,38,2024-09-16,82,36080.0,290.0,440.0,62,81,44,73,57,57,65.0,16.02,76.12,23.2,0.305,0.954,0,0.0,0,38,-0.9927,-0.1205
SKU-SNK-006,Gourmet Salted Pistachios 250g,Snacks & Packaged Foods,39,2024-09-23,80,35200.0,290.0,440.0,82,62,81,44,119,119,67.25,18.03,79.25,21.91,0.276,1.219,0,0.0,0,39,-1.0,-0.0
SKU-SNK-006,Gourmet Salted Pistachios 250g,Snacks & Packaged Foods,40,2024-09-30,90,39600.0,290.0,440.0,80,82,62,81,93,93,76.25,9.54,74.38,15.07,0.203,1.049,0,0.0,0,40,-0.9927,0.1205
SKU-SNK-006,Gourmet Salted Pistachios 250g,Snacks & Packaged Foods,41,2024-10-07,80,35200.0,290.0,440.0,90,80,82,62,80,80,78.5,11.82,74.0,14.57,0.197,1.146,0,0.0,1,41,-0.9709,0.2393
SKU-SNK-006,Gourmet Salted Pistachios 250g,Snacks & Packaged Foods,42,2024-10-14,40,17600.0,290.0,440.0,80,90,80,82,73,73,83.0,4.76,74.0,14.57,0.197,0.964,0,0.0,0,42,-0.935,0.3546
SKU-SNK-006,Gourmet Salted Pistachios 250g,Snacks & Packaged Foods,43,2024-10-21,79,29546.0,290.0,440.0,40,80,90,80,44,44,72.5,22.17,69.88,18.92,0.271,0.552,1,0.15,0,43,-0.8855,0.4647
SKU-SNK-006,Gourmet Salted Pistachios 250g,Snacks & Packaged Foods,44,2024-10-28,113,49720.0,290.0,440.0,79,40,80,90,81,81,72.25,22.07,74.25,15.88,0.214,1.093,0,0.0,1,44,-0.823,0.5681
SKU-SNK-006,Gourmet Salted Pistachios 250g,Snacks & Packaged Foods,45,2024-11-04,103,45320.0,290.0,440.0,113,79,40,80,62,62,78.0,29.86,78.25,21.02,0.269,1.449,0,0.0,0,45,-0.7485,0.6631
SKU-SNK-006,Gourmet Salted Pistachios 250g,Snacks & Packaged Foods,46,2024-11-11,43,18920.0,290.0,440.0,103,113,79,40,82,82,83.75,32.47,83.38,21.49,0.258,1.23,0,0.0,0,46,-0.6631,0.7485
SKU-SNK-006,Gourmet Salted Pistachios 250g,Snacks & Packaged Foods,47,2024-11-18,58,25520.0,290.0,440.0,43,103,113,79,80,80,84.5,31.13,78.5,25.83,0.329,0.509,0,0.0,0,47,-0.5681,0.823
SKU-SNK-006,Gourmet Salted Pistachios 250g,Snacks & Packaged Foods,48,2024-11-25,50,22000.0,290.0,440.0,58,43,103,113,90,90,79.25,34.0,75.75,26.8,0.354,0.732,0,0.0,0,48,-0.4647,0.8855
SKU-SNK-006,Gourmet Salted Pistachios 250g,Snacks & Packaged Foods,49,2024-12-02,77,33880.0,290.0,440.0,50,58,43,103,80,80,63.5,27.04,70.75,27.48,0.388,0.787,0,0.0,0,49,-0.3546,0.935
SKU-SNK-006,Gourmet Salted Pistachios 250g,Snacks & Packaged Foods,50,2024-12-09,127,47498.0,290.0,440.0,77,50,58,43,40,40,57.0,14.67,70.38,27.36,0.389,1.351,1,0.15,0,50,-0.2393,0.9709
SKU-SNK-006,Gourmet Salted Pistachios 250g,Snacks & Packaged Foods,51,2024-12-16,111,48840.0,290.0,440.0,127,77,50,58,79,79,78.0,34.57,81.25,30.65,0.377,1.628,0,0.0,1,51,-0.1205,0.9927
SKU-SNK-006,Gourmet Salted Pistachios 250g,Snacks & Packaged Foods,52,2024-12-23,81,35640.0,290.0,440.0,111,127,77,50,113,113,91.25,34.51,85.25,32.36,0.38,1.216,0,0.0,0,52,-0.0,1.0
SKU-SNK-006,Gourmet Salted Pistachios 250g,Snacks & Packaged Foods,53,2024-12-30,33,14520.0,290.0,440.0,81,111,127,77,103,75,99.0,24.06,81.25,30.35,0.374,0.818,0,0.0,0,1,0.1205,0.9927
SKU-SNK-006,Gourmet Salted Pistachios 250g,Snacks & Packaged Foods,54,2025-01-06,47,20680.0,290.0,440.0,33,81,111,127,43,51,88.0,41.33,72.5,33.15,0.457,0.375,0,0.0,0,2,0.2393,0.9709
SKU-SNK-006,Gourmet Salted Pistachios 250g,Snacks & Packaged Foods,55,2025-01-13,105,46200.0,290.0,440.0,47,33,81,111,58,81,68.0,35.04,73.0,32.67,0.447,0.691,0,0.0,1,3,0.3546,0.935
SKU-SNK-006,Gourmet Salted Pistachios 250g,Snacks & Packaged Foods,56,2025-01-20,62,27280.0,290.0,440.0,105,47,33,81,50,35,66.5,32.63,78.88,33.79,0.428,1.579,0,0.0,0,4,0.4647,0.8855
SKU-SNK-006,Gourmet Salted Pistachios 250g,Snacks & Packaged Foods,57,2025-01-27,124,46376.0,290.0,440.0,62,105,47,33,77,43,61.75,31.17,80.38,32.57,0.405,1.004,1,0.15,0,5,0.5681,0.823
SKU-SNK-006,Gourmet Salted Pistachios 250g,Snacks & Packaged Foods,58,2025-02-03,81,35640.0,290.0,440.0,124,62,105,47,127,104,84.5,36.02,86.25,35.94,0.417,1.467,0,0.0,0,6,0.6631,0.7485
SKU-SNK-006,Gourmet Salted Pistachios 250g,Snacks & Packaged Foods,59,2025-02-10,86,37840.0,290.0,440.0,81,124,62,105,111,79,93.0,27.14,80.5,31.95,0.397,0.871,0,0.0,0,7,0.7485,0.6631
SKU-SNK-006,Gourmet Salted Pistachios 250g,Snacks & Packaged Foods,60,2025-02-17,73,32120.0,290.0,440.0,86,81,124,62,81,54,88.25,25.98,77.38,29.68,0.384,0.975,0,0.0,0,8,0.823,0.5681
SKU-SNK-006,Gourmet Salted Pistachios 250g,Snacks & Packaged Foods,61,2025-02-24,67,29480.0,290.0,440.0,73,86,81,124,33,77,91.0,22.64,76.38,29.67,0.389,0.802,0,0.0,0,9,0.8855,0.4647
SKU-SNK-006,Gourmet Salted Pistachios 250g,Snacks & Packaged Foods,62,2025-03-03,78,34320.0,290.0,440.0,67,73,86,81,47,63,76.75,8.42,80.62,24.57,0.305,0.873,0,0.0,0,10,0.935,0.3546
SKU-SNK-006,Gourmet Salted Pistachios 250g,Snacks & Packaged Foods,63,2025-03-10,66,29040.0,290.0,440.0,78,67,73,86,105,94,76.0,8.04,84.5,20.64,0.244,1.026,0,0.0,1,11,0.9709,0.2393
SKU-SNK-006,Gourmet Salted Pistachios 250g,Snacks & Packaged Foods,64,2025-03-17,139,51986.0,290.0,440.0,66,78,67,73,62,26,71.0,5.6,79.62,19.69,0.247,0.93,1,0.15,0,12,0.9927,0.1205
SKU-SNK-006,Gourmet Salted Pistachios 250g,Snacks & Packaged Foods,65,2025-03-24,47,20680.0,290.0,440.0,139,66,78,67,124,64,87.5,34.76,89.25,27.22,0.305,1.589,0,0.0,0,13,1.0,0.0
SKU-SNK-006,Gourmet Salted Pistachios 250g,Snacks & Packaged Foods,66,2025-03-31,95,41800.0,290.0,440.0,47,139,66,78,81,63,82.5,39.77,79.62,26.79,0.336,0.57,0,0.0,0,14,0.9927,-0.1205
SKU-SNK-006,Gourmet Salted Pistachios 250g,Snacks & Packaged Foods,67,2025-04-07,85,37400.0,290.0,440.0,95,47,139,66,86,116,86.75,40.04,81.38,27.34,0.336,1.095,0,0.0,0,15,0.9709,-0.2393
SKU-SNK-006,Gourmet Salted Pistachios 250g,Snacks & Packaged Foods,68,2025-04-14,87,38280.0,290.0,440.0,85,95,47,139,73,55,91.5,37.82,81.25,27.32,0.336,0.929,0,0.0,0,16,0.935,-0.3546
SKU-SNK-006,Gourmet Salted Pistachios 250g,Snacks & Packaged Foods,69,2025-04-21,89,39160.0,290.0,440.0,87,85,95,47,67,56,78.5,21.44,83.0,27.17,0.327,1.108,0,0.0,0,17,0.8855,-0.4647
SKU-SNK-006,Gourmet Salted Pistachios 250g,Snacks & Packaged Foods,70,2025-04-28,102,44880.0,290.0,440.0,89,87,85,95,78,46,89.0,4.32,85.75,26.42,0.308,1.0,0,0.0,1,18,0.823,-0.5681
SKU-SNK-006,Gourmet Salted Pistachios 250g,Snacks & Packaged Foods,71,2025-05-05,136,50864.0,290.0,440.0,102,89,87,85,66,51,90.75,7.68,88.75,26.77,0.302,1.124,1,0.15,0,19,0.7485,-0.6631
SKU-SNK-006,Gourmet Salted Pistachios 250g,Snacks & Packaged Foods,72,2025-05-12,64,28160.0,290.0,440.0,136,102,89,87,139,44,103.5,22.66,97.5,29.57,0.303,1.314,0,0.0,0,20,0.6631,-0.7485
SKU-SNK-006,Gourmet Salted Pistachios 250g,Snacks & Packaged Foods,73,2025-05-19,59,25960.0,290.0,440.0,64,136,102,89,47,75,97.75,29.98,88.12,26.23,0.298,0.655,0,0.0,0,21,0.5681,-0.823
SKU-SNK-006,Gourmet Salted Pistachios 250g,Snacks & Packaged Foods,74,2025-05-26,113,49720.0,290.0,440.0,59,64,136,102,95,38,90.25,36.04,89.62,23.77,0.265,0.654,0,0.0,0,22,0.4647,-0.8855
SKU-SNK-006,Gourmet Salted Pistachios 250g,Snacks & Packaged Foods,75,2025-06-02,26,11440.0,290.0,440.0,113,59,64,136,85,64,93.0,37.62,91.88,25.16,0.274,1.215,0,0.0,0,23,0.3546,-0.935
SKU-SNK-006,Gourmet Salted Pistachios 250g,Snacks & Packaged Foods,76,2025-06-09,65,28600.0,290.0,440.0,26,113,59,64,87,77,65.5,35.87,84.5,34.41,0.407,0.397,0,0.0,0,24,0.2393,-0.9709
SKU-SNK-006,Gourmet Salted Pistachios 250g,Snacks & Packaged Foods,77,2025-06-16,99,43560.0,290.0,440.0,65,26,113,59,89,60,65.75,35.86,81.75,35.06,0.429,0.989,0,0.0,0,25,0.1205,-0.9927
SKU-SNK-006,Gourmet Salted Pistachios 250g,Snacks & Packaged Foods,78,2025-06-23,89,33286.0,290.0,440.0,99,65,26,113,102,50,75.75,38.81,83.0,35.53,0.428,1.307,1,0.15,0,26,0.0,-1.0
SKU-SNK-006,Gourmet Salted Pistachios 250g,Snacks & Packaged Foods,79,2025-06-30,71,31240.0,290.0,440.0,89,99,65,26,136,60,69.75,32.47,81.38,34.83,0.428,1.276,0,0.0,0,27,-0.1205,-0.9927
SKU-SNK-006,Gourmet Salted Pistachios 250g,Snacks & Packaged Foods,80,2025-07-07,58,25520.0,290.0,440.0,71,89,99,65,64,60,81.0,15.75,73.25,26.95,0.368,0.877,0,0.0,1,28,-0.2393,-0.9709
SKU-SNK-006,Gourmet Salted Pistachios 250g,Snacks & Packaged Foods,81,2025-07-14,44,19360.0,290.0,440.0,58,71,89,99,59,76,79.25,18.3,72.5,27.33,0.377,0.732,0,0.0,0,29,-0.3546,-0.935
SKU-SNK-006,Gourmet Salted Pistachios 250g,Snacks & Packaged Foods,82,2025-07-21,103,45320.0,290.0,440.0,44,58,71,89,113,57,65.5,19.16,70.62,28.86,0.409,0.672,0,0.0,0,30,-0.4647,-0.8855
SKU-SNK-006,Gourmet Salted Pistachios 250g,Snacks & Packaged Foods,83,2025-07-28,41,18040.0,290.0,440.0,103,44,58,71,26,119,69.0,25.21,69.38,26.91,0.388,1.493,0,0.0,0,31,-0.5681,-0.823
SKU-SNK-006,Gourmet Salted Pistachios 250g,Snacks & Packaged Foods,84,2025-08-04,22,9680.0,290.0,440.0,41,103,44,58,65,93,61.5,28.64,71.25,23.8,0.334,0.667,0,0.0,0,32,-0.6631,-0.7485
SKU-SNK-006,Gourmet Salted Pistachios 250g,Snacks & Packaged Foods,85,2025-08-11,183,68442.0,290.0,440.0,22,41,103,44,99,80,52.5,35.05,65.88,29.57,0.449,0.419,1,0.15,1,33,-0.7485,-0.6631
SKU-SNK-006,Gourmet Salted Pistachios 250g,Snacks & Packaged Foods,86,2025-08-18,104,45760.0,290.0,440.0,183,22,41,103,89,73,87.25,72.6,76.38,50.51,0.661,2.097,0,0.0,0,34,-0.823,-0.5681
SKU-SNK-006,Gourmet Salted Pistachios 250g,Snacks & Packaged Foods,87,2025-08-25,28,12320.0,290.0,440.0,104,183,22,41,71,44,87.5,72.68,78.25,51.32,0.656,1.189,0,0.0,0,35,-0.8855,-0.4647
SKU-SNK-006,Gourmet Salted Pistachios 250g,Snacks & Packaged Foods,88,2025-09-01,86,37840.0,290.0,440.0,28,104,183,22,58,81,84.25,75.68,72.88,54.35,0.746,0.332,0,0.0,0,36,-0.935,-0.3546
SKU-SNK-006,Gourmet Salted Pistachios 250g,Snacks & Packaged Foods,89,2025-09-08,85,37400.0,290.0,440.0,86,28,104,183,44,62,100.25,63.99,76.38,54.16,0.709,0.858,0,0.0,0,37,-0.9709,-0.2393
SKU-SNK-006,Gourmet Salted Pistachios 250g,Snacks & Packaged Foods,90,2025-09-15,52,22880.0,290.0,440.0,85,86,28,104,103,82,75.75,33.01,81.5,52.57,0.645,1.122,0,0.0,0,38,-0.9927,-0.1205
SKU-SNK-006,Gourmet Salted Pistachios 250g,Snacks & Packaged Foods,91,2025-09-22,87,38280.0,290.0,440.0,52,85,86,28,41,80,62.75,28.04,75.12,52.68,0.701,0.829,0,0.0,0,39,-1.0,-0.0
SKU-SNK-006,Gourmet Salted Pistachios 250g,Snacks & Packaged Foods,92,2025-09-29,89,33286.0,290.0,440.0,87,52,85,86,22,90,77.5,17.02,80.88,50.91,0.629,1.123,1,0.15,0,40,-0.9927,0.1205
SKU-SNK-006,Gourmet Salted Pistachios 250g,Snacks & Packaged Foods,93,2025-10-06,119,52360.0,290.0,440.0,89,87,52,85,183,80,78.25,17.58,89.25,45.01,0.504,1.137,0,0.0,1,41,-0.9709,0.2393
SKU-SNK-006,Gourmet Salted Pistachios 250g,Snacks & Packaged Foods,94,2025-10-13,73,32120.0,290.0,440.0,119,89,87,52,104,40,86.75,27.4,81.25,28.69,0.353,1.372,0,0.0,0,42,-0.935,0.3546
SKU-SNK-006,Gourmet Salted Pistachios 250g,Snacks & Packaged Foods,95,2025-10-20,45,19800.0,290.0,440.0,73,119,89,87,28,79,92.0,19.36,77.38,27.24,0.352,0.793,0,0.0,0,43,-0.8855,0.4647
SKU-SNK-006,Gourmet Salted Pistachios 250g,Snacks & Packaged Foods,96,2025-10-27,109,47960.0,290.0,440.0,45,73,119,89,86,113,81.5,30.91,79.5,23.2,0.292,0.552,0,0.0,1,44,-0.823,0.5681
SKU-SNK-006,Gourmet Salted Pistachios 250g,Snacks & Packaged Foods,97,2025-11-03,51,22440.0,290.0,440.0,109,45,73,119,85,103,86.5,34.0,82.38,25.44,0.309,1.26,0,0.0,0,45,-0.7485,0.6631
SKU-SNK-006,Gourmet Salted Pistachios 250g,Snacks & Packaged Foods,98,2025-11-10,80,35200.0,290.0,440.0,51,109,45,73,52,43,69.5,28.95,78.12,27.68,0.354,0.734,0,0.0,0,46,-0.6631,0.7485
SKU-SNK-006,Gourmet Salted Pistachios 250g,Snacks & Packaged Foods,99,2025-11-17,121,45254.0,290.0,440.0,80,51,109,45,87,58,71.25,29.44,81.62,25.6,0.314,1.123,1,0.15,0,47,-0.5681,0.823
SKU-SNK-006,Gourmet Salted Pistachios 250g,Snacks & Packaged Foods,100,2025-11-24,96,42240.0,290.0,440.0,121,80,51,109,89,50,90.25,31.32,85.88,29.19,0.34,1.341,0,0.0,0,48,-0.4647,0.8855
SKU-SNK-006,Gourmet Salted Pistachios 250g,Snacks & Packaged Foods,101,2025-12-01,56,24640.0,290.0,440.0,96,121,80,51,119,77,87.0,29.34,86.75,29.4,0.339,1.103,0,0.0,0,49,-0.3546,0.935
SKU-SNK-006,Gourmet Salted Pistachios 250g,Snacks & Packaged Foods,102,2025-12-08,79,34760.0,290.0,440.0,56,96,121,80,73,127,88.25,27.33,78.88,27.93,0.354,0.635,0,0.0,0,50,-0.2393,0.9709
SKU-SNK-006,Gourmet Salted Pistachios 250g,Snacks & Packaged Foods,103,2025-12-15,107,47080.0,290.0,440.0,79,56,96,121,45,111,88.0,27.43,79.62,27.83,0.349,0.898,0,0.0,1,51,-0.1205,0.9927
SKU-SNK-006,Gourmet Salted Pistachios 250g,Snacks & Packaged Foods,104,2025-12-22,59,25960.0,290.0,440.0,107,79,56,96,109,81,84.5,22.22,87.38,25.33,0.29,1.266,0,0.0,0,52,-0.0,1.0
