week_start_date,week_num,sku_id,product_name,category,units_sold,revenue_inr,is_promo,discount_pct,is_holiday_week,holiday_name,historical_stockout_days
2024-01-01,1,SKU-GRO-001,Royal Basmati Rice 5kg,Staples & Groceries,139,83261.0,0,0.00,0,None,0
2024-01-01,1,SKU-GRO-002,Sharbati Whole Wheat Atta 10kg,Staples & Groceries,209,90915.0,0,0.00,0,None,0
2024-01-01,1,SKU-GRO-003,Cold-Pressed Mustard Oil 1L,Staples & Groceries,159,31005.0,0,0.00,0,None,0
2024-01-01,1,SKU-GRO-004,Organic Toor Dal 2kg,Staples & Groceries,97,26675.0,0,0.00,0,None,0
2024-01-01,1,SKU-GRO-005,Refined Sulphur-Free Sugar 5kg,Staples & Groceries,172,42828.0,0,0.00,0,None,0
2024-01-01,1,SKU-GRO-006,Assam Orthodox Whole Leaf Tea 500g,Staples & Groceries,99,35640.0,0,0.00,0,None,0
2024-01-01,1,SKU-BEV-001,Authentic Masala Chai Premix 1kg,Beverages & Dairy,128,61440.0,0,0.00,0,None,0
2024-01-01,1,SKU-BEV-002,Artisanal Cold Brew Coffee 250ml (Pack of 6),Beverages & Dairy,69,37881.0,0,0.00,0,None,0
2024-01-01,1,SKU-BEV-003,Alphonso Mango Pulp Tin 850g,Beverages & Dairy,90,19800.0,0,0.00,0,None,0
2024-01-01,1,SKU-BEV-004,Sparkling Botanical Tonic Water 250ml,Beverages & Dairy,181,15385.0,0,0.00,0,None,2
2024-01-01,1,SKU-BEV-005,Roasted Almond Badam Milk Mix 500g,Beverages & Dairy,66,20790.0,0,0.00,0,None,0
2024-01-01,1,SKU-BEV-006,Tender Coconut Water Tetrapack 200ml (12-pk),Beverages & Dairy,87,36540.0,0,0.00,0,None,0
2024-01-01,1,SKU-SNK-001,Peri Peri Roasted Foxnut Makhana 150g,Snacks & Packaged Foods,144,27216.0,0,0.00,0,None,0
2024-01-01,1,SKU-SNK-002,Dark Chocolate Quinoa Granola 400g,Snacks & Packaged Foods,96,33504.0,0,0.00,0,None,0
2024-01-01,1,SKU-SNK-003,Multigrain Roasted Nachos 200g,Snacks & Packaged Foods,130,12870.0,0,0.00,0,None,0
2024-01-01,1,SKU-SNK-004,Handcrafted Kaju Katli Gift Box 500g,Snacks & Packaged Foods,13,7787.0,0,0.00,0,None,0
2024-01-01,1,SKU-SNK-005,Baked Oats Digestive Biscuits 300g,Snacks & Packaged Foods,217,14756.0,1,0.15,0,None,0
2024-01-01,1,SKU-SNK-006,Gourmet Salted Pistachios 250g,Snacks & Packaged Foods,75,28050.0,1,0.15,0,None,0
2024-01-01,1,SKU-PER-001,Bhringraj & Onion Hair Fall Control Shampoo 300ml,Personal Care,76,22724.0,0,0.00,0,None,0
2024-01-01,1,SKU-PER-002,Neem & Salicylic Acid Clarifying Face Wash 150ml,Personal Care,112,19992.0,1,0.15,0,None,0
2024-01-01,1,SKU-PER-003,Matte Gel Sunscreen SPF 50 PA++++ 50g,Personal Care,117,52533.0,0,0.00,0,None,0
2024-01-01,1,SKU-PER-004,Deep Cleansing Activated Bamboo Charcoal Soap 125g,Personal Care,148,13172.0,0,0.00,0,None,0
2024-01-01,1,SKU-PER-005,Cedarwood & Argan Nourishing Beard Oil 30ml,Personal Care,41,11685.0,0,0.00,0,None,0
2024-01-01,1,SKU-PER-006,Hydrating Rose Water Face Toner Mist 200ml,Personal Care,91,17745.0,0,0.00,0,None,0
2024-01-01,1,SKU-HOU-001,Citrus Herbal Anti-Bacterial Floor Cleaner 2L,Household Essentials,120,27600.0,0,0.00,0,None,0
2024-01-01,1,SKU-HOU-002,Concentrated Enzymatic Liquid Laundry Detergent 1L,Household Essentials,185,51615.0,0,0.00,0,None,0
2024-01-01,1,SKU-HOU-003,Multi-Surface Disinfectant Surface Spray 500ml,Household Essentials,147,24255.0,0,0.00,0,None,0
2024-01-01,1,SKU-HOU-004,100% Biodegradable Cornstarch Garbage Bags (30 pcs),Household Essentials,134,18760.0,0,0.00,0,None,0
2024-01-01,1,SKU-HOU-005,Lemon Blossom Grease-Cutting Dishwash Gel 750ml,Household Essentials,222,29248.5,1,0.15,0,None,0
2024-01-01,1,SKU-HOU-006,Lavender Aromatherapy Mosquito Repellent Vaporizer Pack,Household Essentials,75,14925.0,0,0.00,0,None,0
2024-01-08,2,SKU-GRO-001,Royal Basmati Rice 5kg,Staples & Groceries,127,76073.0,0,0.00,0,None,0
2024-01-08,2,SKU-GRO-002,Sharbati Whole Wheat Atta 10kg,Staples & Groceries,191,83085.0,0,0.00,0,None,0
2024-01-08,2,SKU-GRO-003,Cold-Pressed Mustard Oil 1L,Staples & Groceries,219,36299.25,1,0.15,0,None,3
2024-01-08,2,SKU-GRO-004,Organic Toor Dal 2kg,Staples & Groceries,114,31350.0,0,0.00,0,None,0
2024-01-08,2,SKU-GRO-005,Refined Sulphur-Free Sugar 5kg,Staples & Groceries,231,57519.0,0,0.00,0,None,0
2024-01-08,2,SKU-GRO-006,Assam Orthodox Whole Leaf Tea 500g,Staples & Groceries,116,41760.0,0,0.00,0,None,0
2024-01-08,2,SKU-BEV-001,Authentic Masala Chai Premix 1kg,Beverages & Dairy,121,58080.0,0,0.00,0,None,0
2024-01-08,2,SKU-BEV-002,Artisanal Cold Brew Coffee 250ml (Pack of 6),Beverages & Dairy,95,52155.0,0,0.00,0,None,0
2024-01-08,2,SKU-BEV-003,Alphonso Mango Pulp Tin 850g,Beverages & Dairy,95,20900.0,0,0.00,0,None,0
2024-01-08,2,SKU-BEV-004,Sparkling Botanical Tonic Water 250ml,Beverages & Dairy,151,12835.0,0,0.00,0,None,0
2024-01-08,2,SKU-BEV-005,Roasted Almond Badam Milk Mix 500g,Beverages & Dairy,93,24900.75,1,0.15,0,None,0
2024-01-08,2,SKU-BEV-006,Tender Coconut Water Tetrapack 200ml (12-pk),Beverages & Dairy,81,34020.0,0,0.00,0,None,0
2024-01-08,2,SKU-SNK-001,Peri Peri Roasted Foxnut Makhana 150g,Snacks & Packaged Foods,177,33453.0,0,0.00,0,None,0
2024-01-08,2,SKU-SNK-002,Dark Chocolate Quinoa Granola 400g,Snacks & Packaged Foods,88,30712.0,0,0.00,0,None,0
2024-01-08,2,SKU-SNK-003,Multigrain Roasted Nachos 200g,Snacks & Packaged Foods,200,19800.0,0,0.00,0,None,0
2024-01-08,2,SKU-SNK-004,Handcrafted Kaju Katli Gift Box 500g,Snacks & Packaged Foods,33,19767.0,0,0.00,0,None,0
2024-01-08,2,SKU-SNK-005,Baked Oats Digestive Biscuits 300g,Snacks & Packaged Foods,124,9920.0,0,0.00,0,None,0
2024-01-08,2,SKU-SNK-006,Gourmet Salted Pistachios 250g,Snacks & Packaged Foods,51,22440.0,0,0.00,0,None,0
2024-01-08,2,SKU-PER-001,Bhringraj & Onion Hair Fall Control Shampoo 300ml,Personal Care,141,35835.15,1,0.15,0,None,0
2024-01-08,2,SKU-PER-002,Neem & Salicylic Acid Clarifying Face Wash 150ml,Personal Care,159,33390.0,0,0.00,0,None,0
2024-01-08,2,SKU-PER-003,Matte Gel Sunscreen SPF 50 PA++++ 50g,Personal Care,152,68248.0,0,0.00,0,None,0
2024-01-08,2,SKU-PER-004,Deep Cleansing Activated Bamboo Charcoal Soap 125g,Personal Care,234,17702.1,1,0.15,0,None,0
2024-01-08,2,SKU-PER-005,Cedarwood & Argan Nourishing Beard Oil 30ml,Personal Care,33,9405.0,0,0.00,0,None,0
2024-01-08,2,SKU-PER-006,Hydrating Rose Water Face Toner Mist 200ml,Personal Care,127,21050.25,1,0.15,0,None,3
2024-01-08,2,SKU-HOU-001,Citrus Herbal Anti-Bacterial Floor Cleaner 2L,Household Essentials,168,38640.0,0,0.00,0,None,0
2024-01-08,2,SKU-HOU-002,Concentrated Enzymatic Liquid Laundry Detergent 1L,Household Essentials,164,45756.0,0,0.00,0,None,0
2024-01-08,2,SKU-HOU-003,Multi-Surface Disinfectant Surface Spray 500ml,Household Essentials,77,12705.0,0,0.00,0,None,0
2024-01-08,2,SKU-HOU-004,100% Biodegradable Cornstarch Garbage Bags (30 pcs),Household Essentials,118,16520.0,0,0.00,0,None,0
2024-01-08,2,SKU-HOU-005,Lemon Blossom Grease-Cutting Dishwash Gel 750ml,Household Essentials,166,25730.0,0,0.00,0,None,0
2024-01-08,2,SKU-HOU-006,Lavender Aromatherapy Mosquito Repellent Vaporizer Pack,Household Essentials,114,22686.0,0,0.00,0,None,0
2024-01-15,3,SKU-GRO-001,Royal Basmati Rice 5kg,Staples & Groceries,217,129983.0,0,0.00,1,Republic Day Mega Sale,0
2024-01-15,3,SKU-GRO-002,Sharbati Whole Wheat Atta 10kg,Staples & Groceries,253,110055.0,0,0.00,1,Republic Day Mega Sale,0
2024-01-15,3,SKU-GRO-003,Cold-Pressed Mustard Oil 1L,Staples & Groceries,138,26910.0,0,0.00,1,Republic Day Mega Sale,0
2024-01-15,3,SKU-GRO-004,Organic Toor Dal 2kg,Staples & Groceries,222,61050.0,0,0.00,1,Republic Day Mega Sale,0
2024-01-15,3,SKU-GRO-005,Refined Sulphur-Free Sugar 5kg,Staples & Groceries,231,57519.0,0,0.00,1,Republic Day Mega Sale,0
2024-01-15,3,SKU-GRO-006,Assam Orthodox Whole Leaf Tea 500g,Staples & Groceries,157,56520.0,0,0.00,1,Republic Day Mega Sale,0
2024-01-15,3,SKU-BEV-001,Authentic Masala Chai Premix 1kg,Beverages & Dairy,181,86880.0,0,0.00,1,Republic Day Mega Sale,0
2024-01-15,3,SKU-BEV-002,Artisanal Cold Brew Coffee 250ml (Pack of 6),Beverages & Dairy,10,5490.0,0,0.00,1,Republic Day Mega Sale,0
2024-01-15,3,SKU-BEV-003,Alphonso Mango Pulp Tin 850g,Beverages & Dairy,43,9460.0,0,0.00,1,Republic Day Mega Sale,0
2024-01-15,3,SKU-BEV-004,Sparkling Botanical Tonic Water 250ml,Beverages & Dairy,96,6936.0,1,0.15,1,Republic Day Mega Sale,0
2024-01-15,3,SKU-BEV-005,Roasted Almond Badam Milk Mix 500g,Beverages & Dairy,45,14175.0,0,0.00,1,Republic Day Mega Sale,0
2024-01-15,3,SKU-BEV-006,Tender Coconut Water Tetrapack 200ml (12-pk),Beverages & Dairy,102,36414.0,1,0.15,1,Republic Day Mega Sale,0
2024-01-15,3,SKU-SNK-001,Peri Peri Roasted Foxnut Makhana 150g,Snacks & Packaged Foods,170,32130.0,0,0.00,1,Republic Day Mega Sale,0
2024-01-15,3,SKU-SNK-002,Dark Chocolate Quinoa Granola 400g,Snacks & Packaged Foods,82,24325.3,1,0.15,1,Republic Day Mega Sale,0
2024-01-15,3,SKU-SNK-003,Multigrain Roasted Nachos 200g,Snacks & Packaged Foods,166,16434.0,0,0.00,1,Republic Day Mega Sale,0
2024-01-15,3,SKU-SNK-004,Handcrafted Kaju Katli Gift Box 500g,Snacks & Packaged Foods,153,77899.95,1,0.15,1,Republic Day Mega Sale,0
2024-01-15,3,SKU-SNK-005,Baked Oats Digestive Biscuits 300g,Snacks & Packaged Foods,190,15200.0,0,0.00,1,Republic Day Mega Sale,0
2024-01-15,3,SKU-SNK-006,Gourmet Salted Pistachios 250g,Snacks & Packaged Foods,81,35640.0,0,0.00,1,Republic Day Mega Sale,0
2024-01-15,3,SKU-PER-001,Bhringraj & Onion Hair Fall Control Shampoo 300ml,Personal Care,182,54418.0,0,0.00,1,Republic Day Mega Sale,0
2024-01-15,3,SKU-PER-002,Neem & Salicylic Acid Clarifying Face Wash 150ml,Personal Care,161,33810.0,0,0.00,1,Republic Day Mega Sale,0
2024-01-15,3,SKU-PER-003,Matte Gel Sunscreen SPF 50 PA++++ 50g,Personal Care,161,72289.0,0,0.00,1,Republic Day Mega Sale,0
2024-01-15,3,SKU-PER-004,Deep Cleansing Activated Bamboo Charcoal Soap 125g,Personal Care,189,16821.0,0,0.00,1,Republic Day Mega Sale,0
2024-01-15,3,SKU-PER-005,Cedarwood & Argan Nourishing Beard Oil 30ml,Personal Care,33,7994.25,1,0.15,1,Republic Day Mega Sale,0
2024-01-15,3,SKU-PER-006,Hydrating Rose Water Face Toner Mist 200ml,Personal Care,108,21060.0,0,0.00,1,Republic Day Mega Sale,0
2024-01-15,3,SKU-HOU-001,Citrus Herbal Anti-Bacterial Floor Cleaner 2L,Household Essentials,154,35420.0,0,0.00,1,Republic Day Mega Sale,0
2024-01-15,3,SKU-HOU-002,Concentrated Enzymatic Liquid Laundry Detergent 1L,Household Essentials,207,57753.0,0,0.00,1,Republic Day Mega Sale,0
2024-01-15,3,SKU-HOU-003,Multi-Surface Disinfectant Surface Spray 500ml,Household Essentials,186,30690.0,0,0.00,1,Republic Day Mega Sale,0
2024-01-15,3,SKU-HOU-004,100% Biodegradable Cornstarch Garbage Bags (30 pcs),Household Essentials,216,30240.0,0,0.00,1,Republic Day Mega Sale,0
2024-01-15,3,SKU-HOU-005,Lemon Blossom Grease-Cutting Dishwash Gel 750ml,Household Essentials,229,35495.0,0,0.00,1,Republic Day Mega Sale,0
2024-01-15,3,SKU-HOU-006,Lavender Aromatherapy Mosquito Repellent Vaporizer Pack,Household Essentials,113,22487.0,0,0.00,1,Republic Day Mega Sale,0
2024-01-22,4,SKU-GRO-001,Royal Basmati Rice 5kg,Staples & Groceries,183,109617.0,0,0.00,0,None,0
2024-01-22,4,SKU-GRO-002,Sharbati Whole Wheat Atta 10kg,Staples & Groceries,240,104400.0,0,0.00,0,None,0
2024-01-22,4,SKU-GRO-003,Cold-Pressed Mustard Oil 1L,Staples & Groceries,183,35685.0,0,0.00,0,None,0
2024-01-22,4,SKU-GRO-004,Organic Toor Dal 2kg,Staples & Groceries,158,43450.0,0,0.00,0,None,0
2024-01-22,4,SKU-GRO-005,Refined Sulphur-Free Sugar 5kg,Staples & Groceries,174,36827.1,1,0.15,0,None,0
2024-01-22,4,SKU-GRO-006,Assam Orthodox Whole Leaf Tea 500g,Staples & Groceries,144,44064.0,1,0.15,0,None,0
2024-01-22,4,SKU-BEV-001,Authentic Masala Chai Premix 1kg,Beverages & Dairy,125,60000.0,0,0.00,0,None,0
2024-01-22,4,SKU-BEV-002,Artisanal Cold Brew Coffee 250ml (Pack of 6),Beverages & Dairy,61,33489.0,0,0.00,0,None,0
2024-01-22,4,SKU-BEV-003,Alphonso Mango Pulp Tin 850g,Beverages & Dairy,132,24684.0,1,0.15,0,None,0
2024-01-22,4,SKU-BEV-004,Sparkling Botanical Tonic Water 250ml,Beverages & Dairy,142,12070.0,0,0.00,0,None,0
2024-01-22,4,SKU-BEV-005,Roasted Almond Badam Milk Mix 500g,Beverages & Dairy,57,17955.0,0,0.00,0,None,0
2024-01-22,4,SKU-BEV-006,Tender Coconut Water Tetrapack 200ml (12-pk),Beverages & Dairy,146,61320.0,0,0.00,0,None,0
2024-01-22,4,SKU-SNK-001,Peri Peri Roasted Foxnut Makhana 150g,Snacks & Packaged Foods,163,30807.0,0,0.00,0,None,0
2024-01-22,4,SKU-SNK-002,Dark Chocolate Quinoa Granola 400g,Snacks & Packaged Foods,93,32457.0,0,0.00,0,None,0
2024-01-22,4,SKU-SNK-003,Multigrain Roasted Nachos 200g,Snacks & Packaged Foods,259,21794.85,1,0.15,0,None,0
2024-01-22,4,SKU-SNK-004,Handcrafted Kaju Katli Gift Box 500g,Snacks & Packaged Foods,23,13777.0,0,0.00,0,None,0
2024-01-22,4,SKU-SNK-005,Baked Oats Digestive Biscuits 300g,Snacks & Packaged Foods,157,12560.0,0,0.00,0,None,0
2024-01-22,4,SKU-SNK-006,Gourmet Salted Pistachios 250g,Snacks & Packaged Foods,35,15400.0,0,0.00,0,None,0
2024-01-22,4,SKU-PER-001,Bhringraj & Onion Hair Fall Control Shampoo 300ml,Personal Care,114,34086.0,0,0.00,0,None,0
2024-01-22,4,SKU-PER-002,Neem & Salicylic Acid Clarifying Face Wash 150ml,Personal Care,139,29190.0,0,0.00,0,None,0
2024-01-22,4,SKU-PER-003,Matte Gel Sunscreen SPF 50 PA++++ 50g,Personal Care,92,41308.0,0,0.00,0,None,0
2024-01-22,4,SKU-PER-004,Deep Cleansing Activated Bamboo Charcoal Soap 125g,Personal Care,157,13973.0,0,0.00,0,None,0
2024-01-22,4,SKU-PER-005,Cedarwood & Argan Nourishing Beard Oil 30ml,Personal Care,36,10260.0,0,0.00,0,None,0
2024-01-22,4,SKU-PER-006,Hydrating Rose Water Face Toner Mist 200ml,Personal Care,84,16380.0,0,0.00,0,None,0
2024-01-22,4,SKU-HOU-001,Citrus Herbal Anti-Bacterial Floor Cleaner 2L,Household Essentials,189,36949.5,1,0.15,0,None,0
2024-01-22,4,SKU-HOU-002,Concentrated Enzymatic Liquid Laundry Detergent 1L,Household Essentials,234,55493.1,1,0.15,0,None,0
2024-01-22,4,SKU-HOU-003,Multi-Surface Disinfectant Surface Spray 500ml,Household Essentials,151,24915.0,0,0.00,0,None,0
2024-01-22,4,SKU-HOU-004,100% Biodegradable Cornstarch Garbage Bags (30 pcs),Household Essentials,144,20160.0,0,0.00,0,None,0
2024-01-22,4,SKU-HOU-005,Lemon Blossom Grease-Cutting Dishwash Gel 750ml,Household Essentials,211,32705.0,0,0.00,0,None,0
2024-01-22,4,SKU-HOU-006,Lavender Aromatherapy Mosquito Repellent Vaporizer Pack,Household Essentials,129,25671.0,0,0.00,0,None,0
2024-01-29,5,SKU-GRO-001,Royal Basmati Rice 5kg,Staples & Groceries,194,98775.1,1,0.15,0,None,0
2024-01-29,5,SKU-GRO-002,Sharbati Whole Wheat Atta 10kg,Staples & Groceries,267,116145.0,0,0.00,0,None,0
2024-01-29,5,SKU-GRO-003,Cold-Pressed Mustard Oil 1L,Staples & Groceries,202,39390.0,0,0.00,0,None,0
2024-01-29,5,SKU-GRO-004,Organic Toor Dal 2kg,Staples & Groceries,205,47918.75,1,0.15,0,None,0
2024-01-29,5,SKU-GRO-005,Refined Sulphur-Free Sugar 5kg,Staples & Groceries,191,47559.0,0,0.00,0,None,0
2024-01-29,5,SKU-GRO-006,Assam Orthodox Whole Leaf Tea 500g,Staples & Groceries,101,36360.0,0,0.00,0,None,0
2024-01-29,5,SKU-BEV-001,Authentic Masala Chai Premix 1kg,Beverages & Dairy,190,77520.0,1,0.15,0,None,0
2024-01-29,5,SKU-BEV-002,Artisanal Cold Brew Coffee 250ml (Pack of 6),Beverages & Dairy,90,49410.0,0,0.00,0,None,0
2024-01-29,5,SKU-BEV-003,Alphonso Mango Pulp Tin 850g,Beverages & Dairy,77,16940.0,0,0.00,0,None,0
2024-01-29,5,SKU-BEV-004,Sparkling Botanical Tonic Water 250ml,Beverages & Dairy,155,13175.0,0,0.00,0,None,0
2024-01-29,5,SKU-BEV-005,Roasted Almond Badam Milk Mix 500g,Beverages & Dairy,53,16695.0,0,0.00,0,None,0
2024-01-29,5,SKU-BEV-006,Tender Coconut Water Tetrapack 200ml (12-pk),Beverages & Dairy,142,59640.0,0,0.00,0,None,0
2024-01-29,5,SKU-SNK-001,Peri Peri Roasted Foxnut Makhana 150g,Snacks & Packaged Foods,182,34398.0,0,0.00,0,None,0
2024-01-29,5,SKU-SNK-002,Dark Chocolate Quinoa Granola 400g,Snacks & Packaged Foods,61,21289.0,0,0.00,0,None,0
2024-01-29,5,SKU-SNK-003,Multigrain Roasted Nachos 200g,Snacks & Packaged Foods,212,20988.0,0,0.00,0,None,0
2024-01-29,5,SKU-SNK-004,Handcrafted Kaju Katli Gift Box 500g,Snacks & Packaged Foods,42,25158.0,0,0.00,0,None,0
2024-01-29,5,SKU-SNK-005,Baked Oats Digestive Biscuits 300g,Snacks & Packaged Foods,185,14800.0,0,0.00,0,None,0
2024-01-29,5,SKU-SNK-006,Gourmet Salted Pistachios 250g,Snacks & Packaged Foods,43,18920.0,0,0.00,0,None,0
2024-01-29,5,SKU-PER-001,Bhringraj & Onion Hair Fall Control Shampoo 300ml,Personal Care,120,35880.0,0,0.00,0,None,0
2024-01-29,5,SKU-PER-002,Neem & Salicylic Acid Clarifying Face Wash 150ml,Personal Care,157,32970.0,0,0.00,0,None,0
2024-01-29,5,SKU-PER-003,Matte Gel Sunscreen SPF 50 PA++++ 50g,Personal Care,69,30981.0,0,0.00,0,None,0
2024-01-29,5,SKU-PER-004,Deep Cleansing Activated Bamboo Charcoal Soap 125g,Personal Care,150,13350.0,0,0.00,0,None,0
2024-01-29,5,SKU-PER-005,Cedarwood & Argan Nourishing Beard Oil 30ml,Personal Care,20,5700.0,0,0.00,0,None,0
2024-01-29,5,SKU-PER-006,Hydrating Rose Water Face Toner Mist 200ml,Personal Care,55,10725.0,0,0.00,0,None,0
2024-01-29,5,SKU-HOU-001,Citrus Herbal Anti-Bacterial Floor Cleaner 2L,Household Essentials,180,41400.0,0,0.00,0,None,0
2024-01-29,5,SKU-HOU-002,Concentrated Enzymatic Liquid Laundry Detergent 1L,Household Essentials,230,64170.0,0,0.00,0,None,0
2024-01-29,5,SKU-HOU-003,Multi-Surface Disinfectant Surface Spray 500ml,Household Essentials,108,17820.0,0,0.00,0,None,0
2024-01-29,5,SKU-HOU-004,100% Biodegradable Cornstarch Garbage Bags (30 pcs),Household Essentials,165,19635.0,1,0.15,0,None,0
2024-01-29,5,SKU-HOU-005,Lemon Blossom Grease-Cutting Dishwash Gel 750ml,Household Essentials,178,27590.0,0,0.00,0,None,0
2024-01-29,5,SKU-HOU-006,Lavender Aromatherapy Mosquito Repellent Vaporizer Pack,Household Essentials,82,16318.0,0,0.00,0,None,0
2024-02-05,6,SKU-GRO-001,Royal Basmati Rice 5kg,Staples & Groceries,131,78469.0,0,0.00,0,None,0
2024-02-05,6,SKU-GRO-002,Sharbati Whole Wheat Atta 10kg,Staples & Groceries,220,95700.0,0,0.00,0,None,0
2024-02-05,6,SKU-GRO-003,Cold-Pressed Mustard Oil 1L,Staples & Groceries,250,48750.0,0,0.00,0,None,3
2024-02-05,6,SKU-GRO-004,Organic Toor Dal 2kg,Staples & Groceries,113,31075.0,0,0.00,0,None,0
2024-02-05,6,SKU-GRO-005,Refined Sulphur-Free Sugar 5kg,Staples & Groceries,190,47310.0,0,0.00,0,None,0
2024-02-05,6,SKU-GRO-006,Assam Orthodox Whole Leaf Tea 500g,Staples & Groceries,113,40680.0,0,0.00,0,None,0
2024-02-05,6,SKU-BEV-001,Authentic Masala Chai Premix 1kg,Beverages & Dairy,91,43680.0,0,0.00,0,None,0
2024-02-05,6,SKU-BEV-002,Artisanal Cold Brew Coffee 250ml (Pack of 6),Beverages & Dairy,92,50508.0,0,0.00,0,None,0
2024-02-05,6,SKU-BEV-003,Alphonso Mango Pulp Tin 850g,Beverages & Dairy,157,34540.0,0,0.00,0,None,0
2024-02-05,6,SKU-BEV-004,Sparkling Botanical Tonic Water 250ml,Beverages & Dairy,61,5185.0,0,0.00,0,None,0
2024-02-05,6,SKU-BEV-005,Roasted Almond Badam Milk Mix 500g,Beverages & Dairy,107,33705.0,0,0.00,0,None,0
2024-02-05,6,SKU-BEV-006,Tender Coconut Water Tetrapack 200ml (12-pk),Beverages & Dairy,136,57120.0,0,0.00,0,None,0
2024-02-05,6,SKU-SNK-001,Peri Peri Roasted Foxnut Makhana 150g,Snacks & Packaged Foods,252,40483.8,1,0.15,0,None,0
2024-02-05,6,SKU-SNK-002,Dark Chocolate Quinoa Granola 400g,Snacks & Packaged Foods,41,14309.0,0,0.00,0,None,0
2024-02-05,6,SKU-SNK-003,Multigrain Roasted Nachos 200g,Snacks & Packaged Foods,202,19998.0,0,0.00,0,None,0
2024-02-05,6,SKU-SNK-004,Handcrafted Kaju Katli Gift Box 500g,Snacks & Packaged Foods,34,20366.0,0,0.00,0,None,0
2024-02-05,6,SKU-SNK-005,Baked Oats Digestive Biscuits 300g,Snacks & Packaged Foods,162,12960.0,0,0.00,0,None,0
2024-02-05,6,SKU-SNK-006,Gourmet Salted Pistachios 250g,Snacks & Packaged Foods,104,45760.0,0,0.00,0,None,0
2024-02-05,6,SKU-PER-001,Bhringraj & Onion Hair Fall Control Shampoo 300ml,Personal Care,121,36179.0,0,0.00,0,None,0
2024-02-05,6,SKU-PER-002,Neem & Salicylic Acid Clarifying Face Wash 150ml,Personal Care,113,23730.0,0,0.00,0,None,0
2024-02-05,6,SKU-PER-003,Matte Gel Sunscreen SPF 50 PA++++ 50g,Personal Care,63,28287.0,0,0.00,0,None,0
2024-02-05,6,SKU-PER-004,Deep Cleansing Activated Bamboo Charcoal Soap 125g,Personal Care,201,17889.0,0,0.00,0,None,0
2024-02-05,6,SKU-PER-005,Cedarwood & Argan Nourishing Beard Oil 30ml,Personal Care,32,9120.0,0,0.00,0,None,0
2024-02-05,6,SKU-PER-006,Hydrating Rose Water Face Toner Mist 200ml,Personal Care,70,13650.0,0,0.00,0,None,0
2024-02-05,6,SKU-HOU-001,Citrus Herbal Anti-Bacterial Floor Cleaner 2L,Household Essentials,152,34960.0,0,0.00,0,None,0
2024-02-05,6,SKU-HOU-002,Concentrated Enzymatic Liquid Laundry Detergent 1L,Household Essentials,177,49383.0,0,0.00,0,None,0
2024-02-05,6,SKU-HOU-003,Multi-Surface Disinfectant Surface Spray 500ml,Household Essentials,184,25806.0,1,0.15,0,None,0
2024-02-05,6,SKU-HOU-004,100% Biodegradable Cornstarch Garbage Bags (30 pcs),Household Essentials,156,21840.0,0,0.00,0,None,0
2024-02-05,6,SKU-HOU-005,Lemon Blossom Grease-Cutting Dishwash Gel 750ml,Household Essentials,183,28365.0,0,0.00,0,None,0
2024-02-05,6,SKU-HOU-006,Lavender Aromatherapy Mosquito Repellent Vaporizer Pack,Household Essentials,91,15392.65,1,0.15,0,None,0
2024-02-12,7,SKU-GRO-001,Royal Basmati Rice 5kg,Staples & Groceries,133,79667.0,0,0.00,0,None,0
2024-02-12,7,SKU-GRO-002,Sharbati Whole Wheat Atta 10kg,Staples & Groceries,333,123126.75,1,0.15,0,None,0
2024-02-12,7,SKU-GRO-003,Cold-Pressed Mustard Oil 1L,Staples & Groceries,248,48360.0,0,0.00,0,None,0
2024-02-12,7,SKU-GRO-004,Organic Toor Dal 2kg,Staples & Groceries,139,38225.0,0,0.00,0,None,0
2024-02-12,7,SKU-GRO-005,Refined Sulphur-Free Sugar 5kg,Staples & Groceries,190,47310.0,0,0.00,0,None,0
2024-02-12,7,SKU-GRO-006,Assam Orthodox Whole Leaf Tea 500g,Staples & Groceries,74,26640.0,0,0.00,0,None,0
2024-02-12,7,SKU-BEV-001,Authentic Masala Chai Premix 1kg,Beverages & Dairy,111,53280.0,0,0.00,0,None,0
2024-02-12,7,SKU-BEV-002,Artisanal Cold Brew Coffee 250ml (Pack of 6),Beverages & Dairy,70,32665.5,1,0.15,0,None,0
2024-02-12,7,SKU-BEV-003,Alphonso Mango Pulp Tin 850g,Beverages & Dairy,81,17820.0,0,0.00,0,None,0
2024-02-12,7,SKU-BEV-004,Sparkling Botanical Tonic Water 250ml,Beverages & Dairy,113,9605.0,0,0.00,0,None,0
2024-02-12,7,SKU-BEV-005,Roasted Almond Badam Milk Mix 500g,Beverages & Dairy,64,20160.0,0,0.00,0,None,0
2024-02-12,7,SKU-BEV-006,Tender Coconut Water Tetrapack 200ml (12-pk),Beverages & Dairy,146,61320.0,0,0.00,0,None,0
2024-02-12,7,SKU-SNK-001,Peri Peri Roasted Foxnut Makhana 150g,Snacks & Packaged Foods,228,43092.0,0,0.00,0,None,0
2024-02-12,7,SKU-SNK-002,Dark Chocolate Quinoa Granola 400g,Snacks & Packaged Foods,80,27920.0,0,0.00,0,None,0
2024-02-12,7,SKU-SNK-003,Multigrain Roasted Nachos 200g,Snacks & Packaged Foods,184,18216.0,0,0.00,0,None,0
2024-02-12,7,SKU-SNK-004,Handcrafted Kaju Katli Gift Box 500g,Snacks & Packaged Foods,88,52712.0,0,0.00,0,None,0
2024-02-12,7,SKU-SNK-005,Baked Oats Digestive Biscuits 300g,Snacks & Packaged Foods,122,9760.0,0,0.00,0,None,0
2024-02-12,7,SKU-SNK-006,Gourmet Salted Pistachios 250g,Snacks & Packaged Foods,79,34760.0,0,0.00,0,None,0
2024-02-12,7,SKU-PER-001,Bhringraj & Onion Hair Fall Control Shampoo 300ml,Personal Care,102,30498.0,0,0.00,0,None,0
2024-02-12,7,SKU-PER-002,Neem & Salicylic Acid Clarifying Face Wash 150ml,Personal Care,143,30030.0,0,0.00,0,None,0
2024-02-12,7,SKU-PER-003,Matte Gel Sunscreen SPF 50 PA++++ 50g,Personal Care,142,54194.3,1,0.15,0,None,0
2024-02-12,7,SKU-PER-004,Deep Cleansing Activated Bamboo Charcoal Soap 125g,Personal Care,138,12282.0,0,0.00,0,None,0
2024-02-12,7,SKU-PER-005,Cedarwood & Argan Nourishing Beard Oil 30ml,Personal Care,33,9405.0,0,0.00,0,None,0
2024-02-12,7,SKU-PER-006,Hydrating Rose Water Face Toner Mist 200ml,Personal Care,74,14430.0,0,0.00,0,None,0
2024-02-12,7,SKU-HOU-001,Citrus Herbal Anti-Bacterial Floor Cleaner 2L,Household Essentials,136,31280.0,0,0.00,0,None,0
2024-02-12,7,SKU-HOU-002,Concentrated Enzymatic Liquid Laundry Detergent 1L,Household Essentials,167,46593.0,0,0.00,0,None,0
2024-02-12,7,SKU-HOU-003,Multi-Surface Disinfectant Surface Spray 500ml,Household Essentials,122,20130.0,0,0.00,0,None,0
2024-02-12,7,SKU-HOU-004,100% Biodegradable Cornstarch Garbage Bags (30 pcs),Household Essentials,192,26880.0,0,0.00,0,None,0
2024-02-12,7,SKU-HOU-005,Lemon Blossom Grease-Cutting Dishwash Gel 750ml,Household Essentials,158,24490.0,0,0.00,0,None,0
2024-02-12,7,SKU-HOU-006,Lavender Aromatherapy Mosquito Repellent Vaporizer Pack,Household Essentials,135,26865.0,0,0.00,0,None,0
2024-02-19,8,SKU-GRO-001,Royal Basmati Rice 5kg,Staples & Groceries,140,83860.0,0,0.00,0,None,0
2024-02-19,8,SKU-GRO-002,Sharbati Whole Wheat Atta 10kg,Staples & Groceries,235,102225.0,0,0.00,0,None,0
2024-02-19,8,SKU-GRO-003,Cold-Pressed Mustard Oil 1L,Staples & Groceries,178,34710.0,0,0.00,0,None,0
2024-02-19,8,SKU-GRO-004,Organic Toor Dal 2kg,Staples & Groceries,101,27775.0,0,0.00,0,None,0
2024-02-19,8,SKU-GRO-005,Refined Sulphur-Free Sugar 5kg,Staples & Groceries,224,55776.0,0,0.00,0,None,0
2024-02-19,8,SKU-GRO-006,Assam Orthodox Whole Leaf Tea 500g,Staples & Groceries,154,55440.0,0,0.00,0,None,0
2024-02-19,8,SKU-BEV-001,Authentic Masala Chai Premix 1kg,Beverages & Dairy,125,60000.0,0,0.00,0,None,0
2024-02-19,8,SKU-BEV-002,Artisanal Cold Brew Coffee 250ml (Pack of 6),Beverages & Dairy,126,69174.0,0,0.00,0,None,0
2024-02-19,8,SKU-BEV-003,Alphonso Mango Pulp Tin 850g,Beverages & Dairy,30,6600.0,0,0.00,0,None,0
2024-02-19,8,SKU-BEV-004,Sparkling Botanical Tonic Water 250ml,Beverages & Dairy,41,3485.0,0,0.00,0,None,0
2024-02-19,8,SKU-BEV-005,Roasted Almond Badam Milk Mix 500g,Beverages & Dairy,98,30870.0,0,0.00,0,None,0
2024-02-19,8,SKU-BEV-006,Tender Coconut Water Tetrapack 200ml (12-pk),Beverages & Dairy,96,40320.0,0,0.00,0,None,0
2024-02-19,8,SKU-SNK-001,Peri Peri Roasted Foxnut Makhana 150g,Snacks & Packaged Foods,198,37422.0,0,0.00,0,None,0
2024-02-19,8,SKU-SNK-002,Dark Chocolate Quinoa Granola 400g,Snacks & Packaged Foods,65,22685.0,0,0.00,0,None,0
2024-02-19,8,SKU-SNK-003,Multigrain Roasted Nachos 200g,Snacks & Packaged Foods,172,17028.0,0,0.00,0,None,0
2024-02-19,8,SKU-SNK-004,Handcrafted Kaju Katli Gift Box 500g,Snacks & Packaged Foods,54,32346.0,0,0.00,0,None,0
2024-02-19,8,SKU-SNK-005,Baked Oats Digestive Biscuits 300g,Snacks & Packaged Foods,208,14144.0,1,0.15,0,None,0
2024-02-19,8,SKU-SNK-006,Gourmet Salted Pistachios 250g,Snacks & Packaged Foods,54,20196.0,1,0.15,0,None,0
2024-02-19,8,SKU-PER-001,Bhringraj & Onion Hair Fall Control Shampoo 300ml,Personal Care,136,40664.0,0,0.00,0,None,0
2024-02-19,8,SKU-PER-002,Neem & Salicylic Acid Clarifying Face Wash 150ml,Personal Care,193,34450.5,1,0.15,0,None,0
2024-02-19,8,SKU-PER-003,Matte Gel Sunscreen SPF 50 PA++++ 50g,Personal Care,82,36818.0,0,0.00,0,None,0
2024-02-19,8,SKU-PER-004,Deep Cleansing Activated Bamboo Charcoal Soap 125g,Personal Care,152,13528.0,0,0.00,0,None,0
2024-02-19,8,SKU-PER-005,Cedarwood & Argan Nourishing Beard Oil 30ml,Personal Care,42,11970.0,0,0.00,0,None,0
2024-02-19,8,SKU-PER-006,Hydrating Rose Water Face Toner Mist 200ml,Personal Care,82,15990.0,0,0.00,0,None,0
2024-02-19,8,SKU-HOU-001,Citrus Herbal Anti-Bacterial Floor Cleaner 2L,Household Essentials,132,30360.0,0,0.00,0,None,0
2024-02-19,8,SKU-HOU-002,Concentrated Enzymatic Liquid Laundry Detergent 1L,Household Essentials,195,54405.0,0,0.00,0,None,0
2024-02-19,8,SKU-HOU-003,Multi-Surface Disinfectant Surface Spray 500ml,Household Essentials,83,13695.0,0,0.00,0,None,0
2024-02-19,8,SKU-HOU-004,100% Biodegradable Cornstarch Garbage Bags (30 pcs),Household Essentials,144,20160.0,0,0.00,0,None,0
2024-02-19,8,SKU-HOU-005,Lemon Blossom Grease-Cutting Dishwash Gel 750ml,Household Essentials,244,32147.0,1,0.15,0,None,0
2024-02-19,8,SKU-HOU-006,Lavender Aromatherapy Mosquito Repellent Vaporizer Pack,Household Essentials,110,21890.0,0,0.00,0,None,0
2024-02-26,9,SKU-GRO-001,Royal Basmati Rice 5kg,Staples & Groceries,195,116805.0,0,0.00,0,None,0
2024-02-26,9,SKU-GRO-002,Sharbati Whole Wheat Atta 10kg,Staples & Groceries,181,78735.0,0,0.00,0,None,0
2024-02-26,9,SKU-GRO-003,Cold-Pressed Mustard Oil 1L,Staples & Groceries,178,29503.5,1,0.15,0,None,0
2024-02-26,9,SKU-GRO-004,Organic Toor Dal 2kg,Staples & Groceries,132,36300.0,0,0.00,0,None,0
2024-02-26,9,SKU-GRO-005,Refined Sulphur-Free Sugar 5kg,Staples & Groceries,189,47061.0,0,0.00,0,None,0
2024-02-26,9,SKU-GRO-006,Assam Orthodox Whole Leaf Tea 500g,Staples & Groceries,109,39240.0,0,0.00,0,None,0
2024-02-26,9,SKU-BEV-001,Authentic Masala Chai Premix 1kg,Beverages & Dairy,112,53760.0,0,0.00,0,None,0
2024-02-26,9,SKU-BEV-002,Artisanal Cold Brew Coffee 250ml (Pack of 6),Beverages & Dairy,85,46665.0,0,0.00,0,None,0
2024-02-26,9,SKU-BEV-003,Alphonso Mango Pulp Tin 850g,Beverages & Dairy,83,18260.0,0,0.00,0,None,0
2024-02-26,9,SKU-BEV-004,Sparkling Botanical Tonic Water 250ml,Beverages & Dairy,143,12155.0,0,0.00,0,None,0
2024-02-26,9,SKU-BEV-005,Roasted Almond Badam Milk Mix 500g,Beverages & Dairy,137,36681.75,1,0.15,0,None,0
2024-02-26,9,SKU-BEV-006,Tender Coconut Water Tetrapack 200ml (12-pk),Beverages & Dairy,140,58800.0,0,0.00,0,None,0
2024-02-26,9,SKU-SNK-001,Peri Peri Roasted Foxnut Makhana 150g,Snacks & Packaged Foods,214,40446.0,0,0.00,0,None,0
2024-02-26,9,SKU-SNK-002,Dark Chocolate Quinoa Granola 400g,Snacks & Packaged Foods,106,36994.0,0,0.00,0,None,0
2024-02-26,9,SKU-SNK-003,Multigrain Roasted Nachos 200g,Snacks & Packaged Foods,207,20493.0,0,0.00,0,None,0
2024-02-26,9,SKU-SNK-004,Handcrafted Kaju Katli Gift Box 500g,Snacks & Packaged Foods,19,11381.0,0,0.00,0,None,0
2024-02-26,9,SKU-SNK-005,Baked Oats Digestive Biscuits 300g,Snacks & Packaged Foods,157,12560.0,0,0.00,0,None,0
2024-02-26,9,SKU-SNK-006,Gourmet Salted Pistachios 250g,Snacks & Packaged Foods,77,33880.0,0,0.00,0,None,0
2024-02-26,9,SKU-PER-001,Bhringraj & Onion Hair Fall Control Shampoo 300ml,Personal Care,185,47017.75,1,0.15,0,None,0
2024-02-26,9,SKU-PER-002,Neem & Salicylic Acid Clarifying Face Wash 150ml,Personal Care,139,29190.0,0,0.00,0,None,0
2024-02-26,9,SKU-PER-003,Matte Gel Sunscreen SPF 50 PA++++ 50g,Personal Care,64,28736.0,0,0.00,0,None,0
2024-02-26,9,SKU-PER-004,Deep Cleansing Activated Bamboo Charcoal Soap 125g,Personal Care,155,11725.75,1,0.15,0,None,0
2024-02-26,9,SKU-PER-005,Cedarwood & Argan Nourishing Beard Oil 30ml,Personal Care,55,15675.0,0,0.00,0,None,0
2024-02-26,9,SKU-PER-006,Hydrating Rose Water Face Toner Mist 200ml,Personal Care,120,19890.0,1,0.15,0,None,0
2024-02-26,9,SKU-HOU-001,Citrus Herbal Anti-Bacterial Floor Cleaner 2L,Household Essentials,132,30360.0,0,0.00,0,None,0
2024-02-26,9,SKU-HOU-002,Concentrated Enzymatic Liquid Laundry Detergent 1L,Household Essentials,180,50220.0,0,0.00,0,None,0
2024-02-26,9,SKU-HOU-003,Multi-Surface Disinfectant Surface Spray 500ml,Household Essentials,143,23595.0,0,0.00,0,None,0
2024-02-26,9,SKU-HOU-004,100% Biodegradable Cornstarch Garbage Bags (30 pcs),Household Essentials,198,27720.0,0,0.00,0,None,0
2024-02-26,9,SKU-HOU-005,Lemon Blossom Grease-Cutting Dishwash Gel 750ml,Household Essentials,219,33945.0,0,0.00,0,None,0
2024-02-26,9,SKU-HOU-006,Lavender Aromatherapy Mosquito Repellent Vaporizer Pack,Household Essentials,12,2388.0,0,0.00,0,None,0
2024-03-04,10,SKU-GRO-001,Royal Basmati Rice 5kg,Staples & Groceries,147,88053.0,0,0.00,0,None,0
2024-03-04,10,SKU-GRO-002,Sharbati Whole Wheat Atta 10kg,Staples & Groceries,278,120930.0,0,0.00,0,None,0
2024-03-04,10,SKU-GRO-003,Cold-Pressed Mustard Oil 1L,Staples & Groceries,177,34515.0,0,0.00,0,None,0
2024-03-04,10,SKU-GRO-004,Organic Toor Dal 2kg,Staples & Groceries,133,36575.0,0,0.00,0,None,0
2024-03-04,10,SKU-GRO-005,Refined Sulphur-Free Sugar 5kg,Staples & Groceries,235,58515.0,0,0.00,0,None,0
2024-03-04,10,SKU-GRO-006,Assam Orthodox Whole Leaf Tea 500g,Staples & Groceries,130,46800.0,0,0.00,0,None,0
2024-03-04,10,SKU-BEV-001,Authentic Masala Chai Premix 1kg,Beverages & Dairy,185,88800.0,0,0.00,0,None,0
2024-03-04,10,SKU-BEV-002,Artisanal Cold Brew Coffee 250ml (Pack of 6),Beverages & Dairy,130,71370.0,0,0.00,0,None,0
2024-03-04,10,SKU-BEV-003,Alphonso Mango Pulp Tin 850g,Beverages & Dairy,55,12100.0,0,0.00,0,None,0
2024-03-04,10,SKU-BEV-004,Sparkling Botanical Tonic Water 250ml,Beverages & Dairy,220,15895.0,1,0.15,0,None,0
2024-03-04,10,SKU-BEV-005,Roasted Almond Badam Milk Mix 500g,Beverages & Dairy,100,31500.0,0,0.00,0,None,0
2024-03-04,10,SKU-BEV-006,Tender Coconut Water Tetrapack 200ml (12-pk),Beverages & Dairy,94,33558.0,1,0.15,0,None,0
2024-03-04,10,SKU-SNK-001,Peri Peri Roasted Foxnut Makhana 150g,Snacks & Packaged Foods,121,22869.0,0,0.00,0,None,0
2024-03-04,10,SKU-SNK-002,Dark Chocolate Quinoa Granola 400g,Snacks & Packaged Foods,74,21952.1,1,0.15,0,None,0
2024-03-04,10,SKU-SNK-003,Multigrain Roasted Nachos 200g,Snacks & Packaged Foods,195,19305.0,0,0.00,0,None,0
2024-03-04,10,SKU-SNK-004,Handcrafted Kaju Katli Gift Box 500g,Snacks & Packaged Foods,5,2545.75,1,0.15,0,None,0
2024-03-04,10,SKU-SNK-005,Baked Oats Digestive Biscuits 300g,Snacks & Packaged Foods,127,10160.0,0,0.00,0,None,0
2024-03-04,10,SKU-SNK-006,Gourmet Salted Pistachios 250g,Snacks & Packaged Foods,63,27720.0,0,0.00,0,None,0
2024-03-04,10,SKU-PER-001,Bhringraj & Onion Hair Fall Control Shampoo 300ml,Personal Care,116,34684.0,0,0.00,0,None,0
2024-03-04,10,SKU-PER-002,Neem & Salicylic Acid Clarifying Face Wash 150ml,Personal Care,200,42000.0,0,0.00,0,None,0
2024-03-04,10,SKU-PER-003,Matte Gel Sunscreen SPF 50 PA++++ 50g,Personal Care,129,57921.0,0,0.00,0,None,0
2024-03-04,10,SKU-PER-004,Deep Cleansing Activated Bamboo Charcoal Soap 125g,Personal Care,144,12816.0,0,0.00,0,None,0
2024-03-04,10,SKU-PER-005,Cedarwood & Argan Nourishing Beard Oil 30ml,Personal Care,54,13081.5,1,0.15,0,None,0
2024-03-04,10,SKU-PER-006,Hydrating Rose Water Face Toner Mist 200ml,Personal Care,96,18720.0,0,0.00,0,None,0
2024-03-04,10,SKU-HOU-001,Citrus Herbal Anti-Bacterial Floor Cleaner 2L,Household Essentials,157,36110.0,0,0.00,0,None,0
2024-03-04,10,SKU-HOU-002,Concentrated Enzymatic Liquid Laundry Detergent 1L,Household Essentials,235,65565.0,0,0.00,0,None,0
2024-03-04,10,SKU-HOU-003,Multi-Surface Disinfectant Surface Spray 500ml,Household Essentials,116,19140.0,0,0.00,0,None,0
2024-03-04,10,SKU-HOU-004,100% Biodegradable Cornstarch Garbage Bags (30 pcs),Household Essentials,147,20580.0,0,0.00,0,None,0
2024-03-04,10,SKU-HOU-005,Lemon Blossom Grease-Cutting Dishwash Gel 750ml,Household Essentials,227,35185.0,0,0.00,0,None,0
2024-03-04,10,SKU-HOU-006,Lavender Aromatherapy Mosquito Repellent Vaporizer Pack,Household Essentials,143,28457.0,0,0.00,0,None,0
2024-03-11,11,SKU-GRO-001,Royal Basmati Rice 5kg,Staples & Groceries,149,89251.0,0,0.00,1,None,0
2024-03-11,11,SKU-GRO-002,Sharbati Whole Wheat Atta 10kg,Staples & Groceries,201,87435.0,0,0.00,1,None,0
2024-03-11,11,SKU-GRO-003,Cold-Pressed Mustard Oil 1L,Staples & Groceries,200,39000.0,0,0.00,1,None,0
2024-03-11,11,SKU-GRO-004,Organic Toor Dal 2kg,Staples & Groceries,152,41800.0,0,0.00,1,None,0
2024-03-11,11,SKU-GRO-005,Refined Sulphur-Free Sugar 5kg,Staples & Groceries,221,46774.65,1,0.15,1,None,0
2024-03-11,11,SKU-GRO-006,Assam Orthodox Whole Leaf Tea 500g,Staples & Groceries,125,38250.0,1,0.15,1,None,0
2024-03-11,11,SKU-BEV-001,Authentic Masala Chai Premix 1kg,Beverages & Dairy,166,79680.0,0,0.00,1,Holi Festival,0
2024-03-11,11,SKU-BEV-002,Artisanal Cold Brew Coffee 250ml (Pack of 6),Beverages & Dairy,69,37881.0,0,0.00,1,Holi Festival,0
2024-03-11,11,SKU-BEV-003,Alphonso Mango Pulp Tin 850g,Beverages & Dairy,152,28424.0,1,0.15,1,Holi Festival,0
2024-03-11,11,SKU-BEV-004,Sparkling Botanical Tonic Water 250ml,Beverages & Dairy,227,19295.0,0,0.00,1,Holi Festival,0
2024-03-11,11,SKU-BEV-005,Roasted Almond Badam Milk Mix 500g,Beverages & Dairy,60,18900.0,0,0.00,1,Holi Festival,0
2024-03-11,11,SKU-BEV-006,Tender Coconut Water Tetrapack 200ml (12-pk),Beverages & Dairy,153,64260.0,0,0.00,1,Holi Festival,0
2024-03-11,11,SKU-SNK-001,Peri Peri Roasted Foxnut Makhana 150g,Snacks & Packaged Foods,138,26082.0,0,0.00,1,Holi Festival,0
2024-03-11,11,SKU-SNK-002,Dark Chocolate Quinoa Granola 400g,Snacks & Packaged Foods,135,47115.0,0,0.00,1,Holi Festival,0
2024-03-11,11,SKU-SNK-003,Multigrain Roasted Nachos 200g,Snacks & Packaged Foods,344,28947.6,1,0.15,1,Holi Festival,0
2024-03-11,11,SKU-SNK-004,Handcrafted Kaju Katli Gift Box 500g,Snacks & Packaged Foods,86,51514.0,0,0.00,1,Holi Festival,0
2024-03-11,11,SKU-SNK-005,Baked Oats Digestive Biscuits 300g,Snacks & Packaged Foods,210,16800.0,0,0.00,1,Holi Festival,0
2024-03-11,11,SKU-SNK-006,Gourmet Salted Pistachios 250g,Snacks & Packaged Foods,94,41360.0,0,0.00,1,Holi Festival,0
2024-03-11,11,SKU-PER-001,Bhringraj & Onion Hair Fall Control Shampoo 300ml,Personal Care,153,45747.0,0,0.00,1,None,0
2024-03-11,11,SKU-PER-002,Neem & Salicylic Acid Clarifying Face Wash 150ml,Personal Care,135,28350.0,0,0.00,1,None,0
2024-03-11,11,SKU-PER-003,Matte Gel Sunscreen SPF 50 PA++++ 50g,Personal Care,141,63309.0,0,0.00,1,None,0
2024-03-11,11,SKU-PER-004,Deep Cleansing Activated Bamboo Charcoal Soap 125g,Personal Care,135,12015.0,0,0.00,1,None,0
2024-03-11,11,SKU-PER-005,Cedarwood & Argan Nourishing Beard Oil 30ml,Personal Care,25,7125.0,0,0.00,1,None,0
2024-03-11,11,SKU-PER-006,Hydrating Rose Water Face Toner Mist 200ml,Personal Care,97,18915.0,0,0.00,1,None,0
2024-03-11,11,SKU-HOU-001,Citrus Herbal Anti-Bacterial Floor Cleaner 2L,Household Essentials,224,43792.0,1,0.15,1,None,0
2024-03-11,11,SKU-HOU-002,Concentrated Enzymatic Liquid Laundry Detergent 1L,Household Essentials,233,55255.95,1,0.15,1,None,0
2024-03-11,11,SKU-HOU-003,Multi-Surface Disinfectant Surface Spray 500ml,Household Essentials,162,26730.0,0,0.00,1,None,0
2024-03-11,11,SKU-HOU-004,100% Biodegradable Cornstarch Garbage Bags (30 pcs),Household Essentials,186,26040.0,0,0.00,1,None,0
2024-03-11,11,SKU-HOU-005,Lemon Blossom Grease-Cutting Dishwash Gel 750ml,Household Essentials,174,26970.0,0,0.00,1,None,0
2024-03-11,11,SKU-HOU-006,Lavender Aromatherapy Mosquito Repellent Vaporizer Pack,Household Essentials,96,19104.0,0,0.00,1,None,0
2024-03-18,12,SKU-GRO-001,Royal Basmati Rice 5kg,Staples & Groceries,215,109467.25,1,0.15,0,None,0
2024-03-18,12,SKU-GRO-002,Sharbati Whole Wheat Atta 10kg,Staples & Groceries,201,87435.0,0,0.00,0,None,0
2024-03-18,12,SKU-GRO-003,Cold-Pressed Mustard Oil 1L,Staples & Groceries,146,28470.0,0,0.00,0,None,0
2024-03-18,12,SKU-GRO-004,Organic Toor Dal 2kg,Staples & Groceries,182,42542.5,1,0.15,0,None,0
2024-03-18,12,SKU-GRO-005,Refined Sulphur-Free Sugar 5kg,Staples & Groceries,222,55278.0,0,0.00,0,None,0
2024-03-18,12,SKU-GRO-006,Assam Orthodox Whole Leaf Tea 500g,Staples & Groceries,108,38880.0,0,0.00,0,None,0
2024-03-18,12,SKU-BEV-001,Authentic Masala Chai Premix 1kg,Beverages & Dairy,162,66096.0,1,0.15,0,None,0
2024-03-18,12,SKU-BEV-002,Artisanal Cold Brew Coffee 250ml (Pack of 6),Beverages & Dairy,12,6588.0,0,0.00,0,None,0
2024-03-18,12,SKU-BEV-003,Alphonso Mango Pulp Tin 850g,Beverages & Dairy,78,17160.0,0,0.00,0,None,0
2024-03-18,12,SKU-BEV-004,Sparkling Botanical Tonic Water 250ml,Beverages & Dairy,133,11305.0,0,0.00,0,None,0
2024-03-18,12,SKU-BEV-005,Roasted Almond Badam Milk Mix 500g,Beverages & Dairy,101,31815.0,0,0.00,0,None,0
2024-03-18,12,SKU-BEV-006,Tender Coconut Water Tetrapack 200ml (12-pk),Beverages & Dairy,134,56280.0,0,0.00,0,None,0
2024-03-18,12,SKU-SNK-001,Peri Peri Roasted Foxnut Makhana 150g,Snacks & Packaged Foods,186,35154.0,0,0.00,0,None,0
2024-03-18,12,SKU-SNK-002,Dark Chocolate Quinoa Granola 400g,Snacks & Packaged Foods,146,50954.0,0,0.00,0,None,0
2024-03-18,12,SKU-SNK-003,Multigrain Roasted Nachos 200g,Snacks & Packaged Foods,172,17028.0,0,0.00,0,None,0
2024-03-18,12,SKU-SNK-004,Handcrafted Kaju Katli Gift Box 500g,Snacks & Packaged Foods,5,2995.0,0,0.00,0,None,0
2024-03-18,12,SKU-SNK-005,Baked Oats Digestive Biscuits 300g,Snacks & Packaged Foods,125,10000.0,0,0.00,0,None,0
2024-03-18,12,SKU-SNK-006,Gourmet Salted Pistachios 250g,Snacks & Packaged Foods,26,11440.0,0,0.00,0,None,0
2024-03-18,12,SKU-PER-001,Bhringraj & Onion Hair Fall Control Shampoo 300ml,Personal Care,91,27209.0,0,0.00,0,None,0
2024-03-18,12,SKU-PER-002,Neem & Salicylic Acid Clarifying Face Wash 150ml,Personal Care,88,18480.0,0,0.00,0,None,0
2024-03-18,12,SKU-PER-003,Matte Gel Sunscreen SPF 50 PA++++ 50g,Personal Care,127,57023.0,0,0.00,0,None,0
2024-03-18,12,SKU-PER-004,Deep Cleansing Activated Bamboo Charcoal Soap 125g,Personal Care,182,16198.0,0,0.00,0,None,0
2024-03-18,12,SKU-PER-005,Cedarwood & Argan Nourishing Beard Oil 30ml,Personal Care,43,12255.0,0,0.00,0,None,0
2024-03-18,12,SKU-PER-006,Hydrating Rose Water Face Toner Mist 200ml,Personal Care,105,20475.0,0,0.00,0,None,0
2024-03-18,12,SKU-HOU-001,Citrus Herbal Anti-Bacterial Floor Cleaner 2L,Household Essentials,174,40020.0,0,0.00,0,None,0
2024-03-18,12,SKU-HOU-002,Concentrated Enzymatic Liquid Laundry Detergent 1L,Household Essentials,180,50220.0,0,0.00,0,None,0
2024-03-18,12,SKU-HOU-003,Multi-Surface Disinfectant Surface Spray 500ml,Household Essentials,155,25575.0,0,0.00,0,None,0
2024-03-18,12,SKU-HOU-004,100% Biodegradable Cornstarch Garbage Bags (30 pcs),Household Essentials,230,27370.0,1,0.15,0,None,0
2024-03-18,12,SKU-HOU-005,Lemon Blossom Grease-Cutting Dishwash Gel 750ml,Household Essentials,249,38595.0,0,0.00,0,None,0
2024-03-18,12,SKU-HOU-006,Lavender Aromatherapy Mosquito Repellent Vaporizer Pack,Household Essentials,168,33432.0,0,0.00,0,None,0
2024-03-25,13,SKU-GRO-001,Royal Basmati Rice 5kg,Staples & Groceries,255,152745.0,0,0.00,0,None,0
2024-03-25,13,SKU-GRO-002,Sharbati Whole Wheat Atta 10kg,Staples & Groceries,207,90045.0,0,0.00,0,None,0
2024-03-25,13,SKU-GRO-003,Cold-Pressed Mustard Oil 1L,Staples & Groceries,235,45825.0,0,0.00,0,None,0
2024-03-25,13,SKU-GRO-004,Organic Toor Dal 2kg,Staples & Groceries,153,42075.0,0,0.00,0,None,0
2024-03-25,13,SKU-GRO-005,Refined Sulphur-Free Sugar 5kg,Staples & Groceries,214,53286.0,0,0.00,0,None,0
2024-03-25,13,SKU-GRO-006,Assam Orthodox Whole Leaf Tea 500g,Staples & Groceries,102,36720.0,0,0.00,0,None,0
2024-03-25,13,SKU-BEV-001,Authentic Masala Chai Premix 1kg,Beverages & Dairy,117,56160.0,0,0.00,0,None,0
2024-03-25,13,SKU-BEV-002,Artisanal Cold Brew Coffee 250ml (Pack of 6),Beverages & Dairy,79,43371.0,0,0.00,0,None,0
2024-03-25,13,SKU-BEV-003,Alphonso Mango Pulp Tin 850g,Beverages & Dairy,52,11440.0,0,0.00,0,None,0
2024-03-25,13,SKU-BEV-004,Sparkling Botanical Tonic Water 250ml,Beverages & Dairy,80,6800.0,0,0.00,0,None,0
2024-03-25,13,SKU-BEV-005,Roasted Almond Badam Milk Mix 500g,Beverages & Dairy,68,21420.0,0,0.00,0,None,0
2024-03-25,13,SKU-BEV-006,Tender Coconut Water Tetrapack 200ml (12-pk),Beverages & Dairy,228,95760.0,0,0.00,0,None,0
2024-03-25,13,SKU-SNK-001,Peri Peri Roasted Foxnut Makhana 150g,Snacks & Packaged Foods,184,29559.6,1,0.15,0,None,0
2024-03-25,13,SKU-SNK-002,Dark Chocolate Quinoa Granola 400g,Snacks & Packaged Foods,107,37343.0,0,0.00,0,None,0
2024-03-25,13,SKU-SNK-003,Multigrain Roasted Nachos 200g,Snacks & Packaged Foods,168,16632.0,0,0.00,0,None,0
2024-03-25,13,SKU-SNK-004,Handcrafted Kaju Katli Gift Box 500g,Snacks & Packaged Foods,75,44925.0,0,0.00,0,None,0
2024-03-25,13,SKU-SNK-005,Baked Oats Digestive Biscuits 300g,Snacks & Packaged Foods,132,10560.0,0,0.00,0,None,0
2024-03-25,13,SKU-SNK-006,Gourmet Salted Pistachios 250g,Snacks & Packaged Foods,64,28160.0,0,0.00,0,None,0
2024-03-25,13,SKU-PER-001,Bhringraj & Onion Hair Fall Control Shampoo 300ml,Personal Care,125,37375.0,0,0.00,0,None,0
2024-03-25,13,SKU-PER-002,Neem & Salicylic Acid Clarifying Face Wash 150ml,Personal Care,99,20790.0,0,0.00,0,None,0
2024-03-25,13,SKU-PER-003,Matte Gel Sunscreen SPF 50 PA++++ 50g,Personal Care,14,6286.0,0,0.00,0,None,0
2024-03-25,13,SKU-PER-004,Deep Cleansing Activated Bamboo Charcoal Soap 125g,Personal Care,141,12549.0,0,0.00,0,None,0
2024-03-25,13,SKU-PER-005,Cedarwood & Argan Nourishing Beard Oil 30ml,Personal Care,82,23370.0,0,0.00,0,None,0
2024-03-25,13,SKU-PER-006,Hydrating Rose Water Face Toner Mist 200ml,Personal Care,138,26910.0,0,0.00,0,None,0
2024-03-25,13,SKU-HOU-001,Citrus Herbal Anti-Bacterial Floor Cleaner 2L,Household Essentials,165,37950.0,0,0.00,0,None,0
2024-03-25,13,SKU-HOU-002,Concentrated Enzymatic Liquid Laundry Detergent 1L,Household Essentials,221,61659.0,0,0.00,0,None,0
2024-03-25,13,SKU-HOU-003,Multi-Surface Disinfectant Surface Spray 500ml,Household Essentials,248,34782.0,1,0.15,0,None,0
2024-03-25,13,SKU-HOU-004,100% Biodegradable Cornstarch Garbage Bags (30 pcs),Household Essentials,168,23520.0,0,0.00,0,None,0
2024-03-25,13,SKU-HOU-005,Lemon Blossom Grease-Cutting Dishwash Gel 750ml,Household Essentials,210,32550.0,0,0.00,0,None,0
2024-03-25,13,SKU-HOU-006,Lavender Aromatherapy Mosquito Repellent Vaporizer Pack,Household Essentials,88,14885.2,1,0.15,0,None,0
2024-04-01,14,SKU-GRO-001,Royal Basmati Rice 5kg,Staples & Groceries,156,93444.0,0,0.00,0,None,0
2024-04-01,14,SKU-GRO-002,Sharbati Whole Wheat Atta 10kg,Staples & Groceries,385,142353.75,1,0.15,0,None,0
2024-04-01,14,SKU-GRO-003,Cold-Pressed Mustard Oil 1L,Staples & Groceries,151,29445.0,0,0.00,0,None,0
2024-04-01,14,SKU-GRO-004,Organic Toor Dal 2kg,Staples & Groceries,137,37675.0,0,0.00,0,None,0
2024-04-01,14,SKU-GRO-005,Refined Sulphur-Free Sugar 5kg,Staples & Groceries,239,59511.0,0,0.00,0,None,0
2024-04-01,14,SKU-GRO-006,Assam Orthodox Whole Leaf Tea 500g,Staples & Groceries,79,28440.0,0,0.00,0,None,0
2024-04-01,14,SKU-BEV-001,Authentic Masala Chai Premix 1kg,Beverages & Dairy,89,42720.0,0,0.00,0,None,0
2024-04-01,14,SKU-BEV-002,Artisanal Cold Brew Coffee 250ml (Pack of 6),Beverages & Dairy,178,83063.7,1,0.15,0,None,0
2024-04-01,14,SKU-BEV-003,Alphonso Mango Pulp Tin 850g,Beverages & Dairy,102,22440.0,0,0.00,0,None,0
2024-04-01,14,SKU-BEV-004,Sparkling Botanical Tonic Water 250ml,Beverages & Dairy,234,19890.0,0,0.00,0,None,0
2024-04-01,14,SKU-BEV-005,Roasted Almond Badam Milk Mix 500g,Beverages & Dairy,83,26145.0,0,0.00,0,None,0
2024-04-01,14,SKU-BEV-006,Tender Coconut Water Tetrapack 200ml (12-pk),Beverages & Dairy,166,69720.0,0,0.00,0,None,0
2024-04-01,14,SKU-SNK-001,Peri Peri Roasted Foxnut Makhana 150g,Snacks & Packaged Foods,126,23814.0,0,0.00,0,None,0
2024-04-01,14,SKU-SNK-002,Dark Chocolate Quinoa Granola 400g,Snacks & Packaged Foods,88,30712.0,0,0.00,0,None,0
2024-04-01,14,SKU-SNK-003,Multigrain Roasted Nachos 200g,Snacks & Packaged Foods,234,23166.0,0,0.00,0,None,0
2024-04-01,14,SKU-SNK-004,Handcrafted Kaju Katli Gift Box 500g,Snacks & Packaged Foods,100,59900.0,0,0.00,0,None,0
2024-04-01,14,SKU-SNK-005,Baked Oats Digestive Biscuits 300g,Snacks & Packaged Foods,162,12960.0,0,0.00,0,None,0
2024-04-01,14,SKU-SNK-006,Gourmet Salted Pistachios 250g,Snacks & Packaged Foods,63,27720.0,0,0.00,0,None,0
2024-04-01,14,SKU-PER-001,Bhringraj & Onion Hair Fall Control Shampoo 300ml,Personal Care,157,46943.0,0,0.00,0,None,0
2024-04-01,14,SKU-PER-002,Neem & Salicylic Acid Clarifying Face Wash 150ml,Personal Care,135,28350.0,0,0.00,0,None,0
2024-04-01,14,SKU-PER-003,Matte Gel Sunscreen SPF 50 PA++++ 50g,Personal Care,245,93504.25,1,0.15,0,None,3
2024-04-01,14,SKU-PER-004,Deep Cleansing Activated Bamboo Charcoal Soap 125g,Personal Care,185,16465.0,0,0.00,0,None,0
2024-04-01,14,SKU-PER-005,Cedarwood & Argan Nourishing Beard Oil 30ml,Personal Care,71,20235.0,0,0.00,0,None,0
2024-04-01,14,SKU-PER-006,Hydrating Rose Water Face Toner Mist 200ml,Personal Care,88,17160.0,0,0.00,0,None,0
2024-04-01,14,SKU-HOU-001,Citrus Herbal Anti-Bacterial Floor Cleaner 2L,Household Essentials,146,33580.0,0,0.00,0,None,0
2024-04-01,14,SKU-HOU-002,Concentrated Enzymatic Liquid Laundry Detergent 1L,Household Essentials,165,46035.0,0,0.00,0,None,0
2024-04-01,14,SKU-HOU-003,Multi-Surface Disinfectant Surface Spray 500ml,Household Essentials,47,7755.0,0,0.00,0,None,0
2024-04-01,14,SKU-HOU-004,100% Biodegradable Cornstarch Garbage Bags (30 pcs),Household Essentials,185,25900.0,0,0.00,0,None,0
2024-04-01,14,SKU-HOU-005,Lemon Blossom Grease-Cutting Dishwash Gel 750ml,Household Essentials,166,25730.0,0,0.00,0,None,0
2024-04-01,14,SKU-HOU-006,Lavender Aromatherapy Mosquito Repellent Vaporizer Pack,Household Essentials,44,8756.0,0,0.00,0,None,0
2024-04-08,15,SKU-GRO-001,Royal Basmati Rice 5kg,Staples & Groceries,148,88652.0,0,0.00,0,None,0
2024-04-08,15,SKU-GRO-002,Sharbati Whole Wheat Atta 10kg,Staples & Groceries,259,112665.0,0,0.00,0,None,0
2024-04-08,15,SKU-GRO-003,Cold-Pressed Mustard Oil 1L,Staples & Groceries,187,36465.0,0,0.00,0,None,0
2024-04-08,15,SKU-GRO-004,Organic Toor Dal 2kg,Staples & Groceries,139,38225.0,0,0.00,0,None,0
2024-04-08,15,SKU-GRO-005,Refined Sulphur-Free Sugar 5kg,Staples & Groceries,283,70467.0,0,0.00,0,None,0
2024-04-08,15,SKU-GRO-006,Assam Orthodox Whole Leaf Tea 500g,Staples & Groceries,73,26280.0,0,0.00,0,None,0
2024-04-08,15,SKU-BEV-001,Authentic Masala Chai Premix 1kg,Beverages & Dairy,200,96000.0,0,0.00,0,None,0
2024-04-08,15,SKU-BEV-002,Artisanal Cold Brew Coffee 250ml (Pack of 6),Beverages & Dairy,125,68625.0,0,0.00,0,None,0
2024-04-08,15,SKU-BEV-003,Alphonso Mango Pulp Tin 850g,Beverages & Dairy,74,16280.0,0,0.00,0,None,0
2024-04-08,15,SKU-BEV-004,Sparkling Botanical Tonic Water 250ml,Beverages & Dairy,82,6970.0,0,0.00,0,None,0
2024-04-08,15,SKU-BEV-005,Roasted Almond Badam Milk Mix 500g,Beverages & Dairy,91,28665.0,0,0.00,0,None,0
2024-04-08,15,SKU-BEV-006,Tender Coconut Water Tetrapack 200ml (12-pk),Beverages & Dairy,210,88200.0,0,0.00,0,None,0
2024-04-08,15,SKU-SNK-001,Peri Peri Roasted Foxnut Makhana 150g,Snacks & Packaged Foods,107,20223.0,0,0.00,0,None,0
2024-04-08,15,SKU-SNK-002,Dark Chocolate Quinoa Granola 400g,Snacks & Packaged Foods,79,27571.0,0,0.00,0,None,0
2024-04-08,15,SKU-SNK-003,Multigrain Roasted Nachos 200g,Snacks & Packaged Foods,250,24750.0,0,0.00,0,None,0
2024-04-08,15,SKU-SNK-004,Handcrafted Kaju Katli Gift Box 500g,Snacks & Packaged Foods,18,10782.0,0,0.00,0,None,0
2024-04-08,15,SKU-SNK-005,Baked Oats Digestive Biscuits 300g,Snacks & Packaged Foods,235,15980.0,1,0.15,0,None,0
2024-04-08,15,SKU-SNK-006,Gourmet Salted Pistachios 250g,Snacks & Packaged Foods,116,43384.0,1,0.15,0,None,0
2024-04-08,15,SKU-PER-001,Bhringraj & Onion Hair Fall Control Shampoo 300ml,Personal Care,199,59501.0,0,0.00,0,None,0
2024-04-08,15,SKU-PER-002,Neem & Salicylic Acid Clarifying Face Wash 150ml,Personal Care,226,40341.0,1,0.15,0,None,0
2024-04-08,15,SKU-PER-003,Matte Gel Sunscreen SPF 50 PA++++ 50g,Personal Care,160,71840.0,0,0.00,0,None,0
2024-04-08,15,SKU-PER-004,Deep Cleansing Activated Bamboo Charcoal Soap 125g,Personal Care,221,19669.0,0,0.00,0,None,0
2024-04-08,15,SKU-PER-005,Cedarwood & Argan Nourishing Beard Oil 30ml,Personal Care,38,10830.0,0,0.00,0,None,0
2024-04-08,15,SKU-PER-006,Hydrating Rose Water Face Toner Mist 200ml,Personal Care,87,16965.0,0,0.00,0,None,0
2024-04-08,15,SKU-HOU-001,Citrus Herbal Anti-Bacterial Floor Cleaner 2L,Household Essentials,156,35880.0,0,0.00,0,None,0
2024-04-08,15,SKU-HOU-002,Concentrated Enzymatic Liquid Laundry Detergent 1L,Household Essentials,218,60822.0,0,0.00,0,None,0
2024-04-08,15,SKU-HOU-003,Multi-Surface Disinfectant Surface Spray 500ml,Household Essentials,89,14685.0,0,0.00,0,None,0
2024-04-08,15,SKU-HOU-004,100% Biodegradable Cornstarch Garbage Bags (30 pcs),Household Essentials,156,21840.0,0,0.00,0,None,0
2024-04-08,15,SKU-HOU-005,Lemon Blossom Grease-Cutting Dishwash Gel 750ml,Household Essentials,302,39788.5,1,0.15,0,None,0
2024-04-08,15,SKU-HOU-006,Lavender Aromatherapy Mosquito Repellent Vaporizer Pack,Household Essentials,102,20298.0,0,0.00,0,None,0
2024-04-15,16,SKU-GRO-001,Royal Basmati Rice 5kg,Staples & Groceries,147,88053.0,0,0.00,0,None,0
2024-04-15,16,SKU-GRO-002,Sharbati Whole Wheat Atta 10kg,Staples & Groceries,197,85695.0,0,0.00,0,None,0
2024-04-15,16,SKU-GRO-003,Cold-Pressed Mustard Oil 1L,Staples & Groceries,143,23702.25,1,0.15,0,None,0
2024-04-15,16,SKU-GRO-004,Organic Toor Dal 2kg,Staples & Groceries,144,39600.0,0,0.00,0,None,0
2024-04-15,16,SKU-GRO-005,Refined Sulphur-Free Sugar 5kg,Staples & Groceries,178,44322.0,0,0.00,0,None,0
2024-04-15,16,SKU-GRO-006,Assam Orthodox Whole Leaf Tea 500g,Staples & Groceries,96,34560.0,0,0.00,0,None,0
2024-04-15,16,SKU-BEV-001,Authentic Masala Chai Premix 1kg,Beverages & Dairy,135,64800.0,0,0.00,0,None,0
2024-04-15,16,SKU-BEV-002,Artisanal Cold Brew Coffee 250ml (Pack of 6),Beverages & Dairy,48,26352.0,0,0.00,0,None,0
2024-04-15,16,SKU-BEV-003,Alphonso Mango Pulp Tin 850g,Beverages & Dairy,36,7920.0,0,0.00,0,None,0
2024-04-15,16,SKU-BEV-004,Sparkling Botanical Tonic Water 250ml,Beverages & Dairy,108,9180.0,0,0.00,0,None,0
2024-04-15,16,SKU-BEV-005,Roasted Almond Badam Milk Mix 500g,Beverages & Dairy,87,23294.25,1,0.15,0,None,0
2024-04-15,16,SKU-BEV-006,Tender Coconut Water Tetrapack 200ml (12-pk),Beverages & Dairy,188,78960.0,0,0.00,0,None,0
2024-04-15,16,SKU-SNK-001,Peri Peri Roasted Foxnut Makhana 150g,Snacks & Packaged Foods,159,30051.0,0,0.00,0,None,0
2024-04-15,16,SKU-SNK-002,Dark Chocolate Quinoa Granola 400g,Snacks & Packaged Foods,149,52001.0,0,0.00,0,None,0
2024-04-15,16,SKU-SNK-003,Multigrain Roasted Nachos 200g,Snacks & Packaged Foods,101,9999.0,0,0.00,0,None,0
2024-04-15,16,SKU-SNK-004,Handcrafted Kaju Katli Gift Box 500g,Snacks & Packaged Foods,30,17970.0,0,0.00,0,None,0
2024-04-15,16,SKU-SNK-005,Baked Oats Digestive Biscuits 300g,Snacks & Packaged Foods,171,13680.0,0,0.00,0,None,0
2024-04-15,16,SKU-SNK-006,Gourmet Salted Pistachios 250g,Snacks & Packaged Foods,55,24200.0,0,0.00,0,None,0
2024-04-15,16,SKU-PER-001,Bhringraj & Onion Hair Fall Control Shampoo 300ml,Personal Care,213,54133.95,1,0.15,0,None,0
2024-04-15,16,SKU-PER-002,Neem & Salicylic Acid Clarifying Face Wash 150ml,Personal Care,112,23520.0,0,0.00,0,None,0
2024-04-15,16,SKU-PER-003,Matte Gel Sunscreen SPF 50 PA++++ 50g,Personal Care,157,70493.0,0,0.00,0,None,0
2024-04-15,16,SKU-PER-004,Deep Cleansing Activated Bamboo Charcoal Soap 125g,Personal Care,241,18231.65,1,0.15,0,None,0
2024-04-15,16,SKU-PER-005,Cedarwood & Argan Nourishing Beard Oil 30ml,Personal Care,43,12255.0,0,0.00,0,None,0
2024-04-15,16,SKU-PER-006,Hydrating Rose Water Face Toner Mist 200ml,Personal Care,40,6630.0,1,0.15,0,None,0
2024-04-15,16,SKU-HOU-001,Citrus Herbal Anti-Bacterial Floor Cleaner 2L,Household Essentials,123,28290.0,0,0.00,0,None,0
2024-04-15,16,SKU-HOU-002,Concentrated Enzymatic Liquid Laundry Detergent 1L,Household Essentials,228,63612.0,0,0.00,0,None,0
2024-04-15,16,SKU-HOU-003,Multi-Surface Disinfectant Surface Spray 500ml,Household Essentials,81,13365.0,0,0.00,0,None,0
2024-04-15,16,SKU-HOU-004,100% Biodegradable Cornstarch Garbage Bags (30 pcs),Household Essentials,183,25620.0,0,0.00,0,None,0
2024-04-15,16,SKU-HOU-005,Lemon Blossom Grease-Cutting Dishwash Gel 750ml,Household Essentials,222,34410.0,0,0.00,0,None,0
2024-04-15,16,SKU-HOU-006,Lavender Aromatherapy Mosquito Repellent Vaporizer Pack,Household Essentials,21,4179.0,0,0.00,0,None,0
2024-04-22,17,SKU-GRO-001,Royal Basmati Rice 5kg,Staples & Groceries,213,127587.0,0,0.00,0,None,0
2024-04-22,17,SKU-GRO-002,Sharbati Whole Wheat Atta 10kg,Staples & Groceries,250,108750.0,0,0.00,0,None,0
2024-04-22,17,SKU-GRO-003,Cold-Pressed Mustard Oil 1L,Staples & Groceries,182,35490.0,0,0.00,0,None,0
2024-04-22,17,SKU-GRO-004,Organic Toor Dal 2kg,Staples & Groceries,151,41525.0,0,0.00,0,None,0
2024-04-22,17,SKU-GRO-005,Refined Sulphur-Free Sugar 5kg,Staples & Groceries,188,46812.0,0,0.00,0,None,0
2024-04-22,17,SKU-GRO-006,Assam Orthodox Whole Leaf Tea 500g,Staples & Groceries,130,46800.0,0,0.00,0,None,0
2024-04-22,17,SKU-BEV-001,Authentic Masala Chai Premix 1kg,Beverages & Dairy,146,70080.0,0,0.00,0,None,0
2024-04-22,17,SKU-BEV-002,Artisanal Cold Brew Coffee 250ml (Pack of 6),Beverages & Dairy,134,73566.0,0,0.00,0,None,0
2024-04-22,17,SKU-BEV-003,Alphonso Mango Pulp Tin 850g,Beverages & Dairy,146,32120.0,0,0.00,0,None,0
2024-04-22,17,SKU-BEV-004,Sparkling Botanical Tonic Water 250ml,Beverages & Dairy,306,22108.5,1,0.15,0,None,0
2024-04-22,17,SKU-BEV-005,Roasted Almond Badam Milk Mix 500g,Beverages & Dairy,120,37800.0,0,0.00,0,None,0
2024-04-22,17,SKU-BEV-006,Tender Coconut Water Tetrapack 200ml (12-pk),Beverages & Dairy,191,68187.0,1,0.15,0,None,0
2024-04-22,17,SKU-SNK-001,Peri Peri Roasted Foxnut Makhana 150g,Snacks & Packaged Foods,162,30618.0,0,0.00,0,None,0
2024-04-22,17,SKU-SNK-002,Dark Chocolate Quinoa Granola 400g,Snacks & Packaged Foods,140,41531.0,1,0.15,0,None,0
2024-04-22,17,SKU-SNK-003,Multigrain Roasted Nachos 200g,Snacks & Packaged Foods,220,21780.0,0,0.00,0,None,0
2024-04-22,17,SKU-SNK-004,Handcrafted Kaju Katli Gift Box 500g,Snacks & Packaged Foods,64,32585.6,1,0.15,0,None,0
2024-04-22,17,SKU-SNK-005,Baked Oats Digestive Biscuits 300g,Snacks & Packaged Foods,214,17120.0,0,0.00,0,None,0
2024-04-22,17,SKU-SNK-006,Gourmet Salted Pistachios 250g,Snacks & Packaged Foods,56,24640.0,0,0.00,0,None,0
2024-04-22,17,SKU-PER-001,Bhringraj & Onion Hair Fall Control Shampoo 300ml,Personal Care,69,20631.0,0,0.00,0,None,0
2024-04-22,17,SKU-PER-002,Neem & Salicylic Acid Clarifying Face Wash 150ml,Personal Care,142,29820.0,0,0.00,0,None,0
2024-04-22,17,SKU-PER-003,Matte Gel Sunscreen SPF 50 PA++++ 50g,Personal Care,139,62411.0,0,0.00,0,None,0
2024-04-22,17,SKU-PER-004,Deep Cleansing Activated Bamboo Charcoal Soap 125g,Personal Care,205,18245.0,0,0.00,0,None,0
2024-04-22,17,SKU-PER-005,Cedarwood & Argan Nourishing Beard Oil 30ml,Personal Care,47,11385.75,1,0.15,0,None,0
2024-04-22,17,SKU-PER-006,Hydrating Rose Water Face Toner Mist 200ml,Personal Care,75,14625.0,0,0.00,0,None,0
2024-04-22,17,SKU-HOU-001,Citrus Herbal Anti-Bacterial Floor Cleaner 2L,Household Essentials,153,35190.0,0,0.00,0,None,0
2024-04-22,17,SKU-HOU-002,Concentrated Enzymatic Liquid Laundry Detergent 1L,Household Essentials,172,47988.0,0,0.00,0,None,0
2024-04-22,17,SKU-HOU-003,Multi-Surface Disinfectant Surface Spray 500ml,Household Essentials,170,28050.0,0,0.00,0,None,0
2024-04-22,17,SKU-HOU-004,100% Biodegradable Cornstarch Garbage Bags (30 pcs),Household Essentials,191,26740.0,0,0.00,0,None,0
2024-04-22,17,SKU-HOU-005,Lemon Blossom Grease-Cutting Dishwash Gel 750ml,Household Essentials,210,32550.0,0,0.00,0,None,0
2024-04-22,17,SKU-HOU-006,Lavender Aromatherapy Mosquito Repellent Vaporizer Pack,Household Essentials,83,16517.0,0,0.00,0,None,0
2024-04-29,18,SKU-GRO-001,Royal Basmati Rice 5kg,Staples & Groceries,210,125790.0,0,0.00,1,None,0
2024-04-29,18,SKU-GRO-002,Sharbati Whole Wheat Atta 10kg,Staples & Groceries,240,104400.0,0,0.00,1,None,0
2024-04-29,18,SKU-GRO-003,Cold-Pressed Mustard Oil 1L,Staples & Groceries,179,34905.0,0,0.00,1,None,0
2024-04-29,18,SKU-GRO-004,Organic Toor Dal 2kg,Staples & Groceries,156,42900.0,0,0.00,1,None,0
2024-04-29,18,SKU-GRO-005,Refined Sulphur-Free Sugar 5kg,Staples & Groceries,317,67093.05,1,0.15,1,None,0
2024-04-29,18,SKU-GRO-006,Assam Orthodox Whole Leaf Tea 500g,Staples & Groceries,145,44370.0,1,0.15,1,None,0
2024-04-29,18,SKU-BEV-001,Authentic Masala Chai Premix 1kg,Beverages & Dairy,222,106560.0,0,0.00,1,Summer Peak Kickoff,0
2024-04-29,18,SKU-BEV-002,Artisanal Cold Brew Coffee 250ml (Pack of 6),Beverages & Dairy,145,79605.0,0,0.00,1,Summer Peak Kickoff,0
2024-04-29,18,SKU-BEV-003,Alphonso Mango Pulp Tin 850g,Beverages & Dairy,190,35530.0,1,0.15,1,Summer Peak Kickoff,0
2024-04-29,18,SKU-BEV-004,Sparkling Botanical Tonic Water 250ml,Beverages & Dairy,176,14960.0,0,0.00,1,Summer Peak Kickoff,0
2024-04-29,18,SKU-BEV-005,Roasted Almond Badam Milk Mix 500g,Beverages & Dairy,159,50085.0,0,0.00,1,Summer Peak Kickoff,0
2024-04-29,18,SKU-BEV-006,Tender Coconut Water Tetrapack 200ml (12-pk),Beverages & Dairy,270,113400.0,0,0.00,1,Summer Peak Kickoff,0
2024-04-29,18,SKU-SNK-001,Peri Peri Roasted Foxnut Makhana 150g,Snacks & Packaged Foods,198,37422.0,0,0.00,1,None,0
2024-04-29,18,SKU-SNK-002,Dark Chocolate Quinoa Granola 400g,Snacks & Packaged Foods,41,14309.0,0,0.00,1,None,0
2024-04-29,18,SKU-SNK-003,Multigrain Roasted Nachos 200g,Snacks & Packaged Foods,290,24403.5,1,0.15,1,None,0
2024-04-29,18,SKU-SNK-004,Handcrafted Kaju Katli Gift Box 500g,Snacks & Packaged Foods,49,29351.0,0,0.00,1,None,0
2024-04-29,18,SKU-SNK-005,Baked Oats Digestive Biscuits 300g,Snacks & Packaged Foods,146,11680.0,0,0.00,1,None,0
2024-04-29,18,SKU-SNK-006,Gourmet Salted Pistachios 250g,Snacks & Packaged Foods,46,20240.0,0,0.00,1,None,0
2024-04-29,18,SKU-PER-001,Bhringraj & Onion Hair Fall Control Shampoo 300ml,Personal Care,245,73255.0,0,0.00,1,Summer Peak Kickoff,0
2024-04-29,18,SKU-PER-002,Neem & Salicylic Acid Clarifying Face Wash 150ml,Personal Care,263,55230.0,0,0.00,1,Summer Peak Kickoff,0
2024-04-29,18,SKU-PER-003,Matte Gel Sunscreen SPF 50 PA++++ 50g,Personal Care,116,52084.0,0,0.00,1,Summer Peak Kickoff,0
2024-04-29,18,SKU-PER-004,Deep Cleansing Activated Bamboo Charcoal Soap 125g,Personal Care,211,18779.0,0,0.00,1,Summer Peak Kickoff,0
2024-04-29,18,SKU-PER-005,Cedarwood & Argan Nourishing Beard Oil 30ml,Personal Care,39,11115.0,0,0.00,1,Summer Peak Kickoff,0
2024-04-29,18,SKU-PER-006,Hydrating Rose Water Face Toner Mist 200ml,Personal Care,140,27300.0,0,0.00,1,Summer Peak Kickoff,0
2024-04-29,18,SKU-HOU-001,Citrus Herbal Anti-Bacterial Floor Cleaner 2L,Household Essentials,176,34408.0,1,0.15,1,None,0
2024-04-29,18,SKU-HOU-002,Concentrated Enzymatic Liquid Laundry Detergent 1L,Household Essentials,183,43398.45,1,0.15,1,None,0
2024-04-29,18,SKU-HOU-003,Multi-Surface Disinfectant Surface Spray 500ml,Household Essentials,119,19635.0,0,0.00,1,None,0
2024-04-29,18,SKU-HOU-004,100% Biodegradable Cornstarch Garbage Bags (30 pcs),Household Essentials,152,21280.0,0,0.00,1,None,0
2024-04-29,18,SKU-HOU-005,Lemon Blossom Grease-Cutting Dishwash Gel 750ml,Household Essentials,179,27745.0,0,0.00,1,None,0
2024-04-29,18,SKU-HOU-006,Lavender Aromatherapy Mosquito Repellent Vaporizer Pack,Household Essentials,149,29651.0,0,0.00,1,None,0
2024-05-06,19,SKU-GRO-001,Royal Basmati Rice 5kg,Staples & Groceries,168,85537.2,1,0.15,0,None,0
2024-05-06,19,SKU-GRO-002,Sharbati Whole Wheat Atta 10kg,Staples & Groceries,256,111360.0,0,0.00,0,None,0
2024-05-06,19,SKU-GRO-003,Cold-Pressed Mustard Oil 1L,Staples & Groceries,188,36660.0,0,0.00,0,None,0
2024-05-06,19,SKU-GRO-004,Organic Toor Dal 2kg,Staples & Groceries,179,41841.25,1,0.15,0,None,0
2024-05-06,19,SKU-GRO-005,Refined Sulphur-Free Sugar 5kg,Staples & Groceries,231,57519.0,0,0.00,0,None,0
2024-05-06,19,SKU-GRO-006,Assam Orthodox Whole Leaf Tea 500g,Staples & Groceries,128,46080.0,0,0.00,0,None,0
2024-05-06,19,SKU-BEV-001,Authentic Masala Chai Premix 1kg,Beverages & Dairy,156,63648.0,1,0.15,0,None,0
2024-05-06,19,SKU-BEV-002,Artisanal Cold Brew Coffee 250ml (Pack of 6),Beverages & Dairy,74,40626.0,0,0.00,0,None,0
2024-05-06,19,SKU-BEV-003,Alphonso Mango Pulp Tin 850g,Beverages & Dairy,65,14300.0,0,0.00,0,None,0
2024-05-06,19,SKU-BEV-004,Sparkling Botanical Tonic Water 250ml,Beverages & Dairy,254,21590.0,0,0.00,0,None,0
2024-05-06,19,SKU-BEV-005,Roasted Almond Badam Milk Mix 500g,Beverages & Dairy,84,26460.0,0,0.00,0,None,0
2024-05-06,19,SKU-BEV-006,Tender Coconut Water Tetrapack 200ml (12-pk),Beverages & Dairy,37,15540.0,0,0.00,0,None,0
2024-05-06,19,SKU-SNK-001,Peri Peri Roasted Foxnut Makhana 150g,Snacks & Packaged Foods,152,28728.0,0,0.00,0,None,0
2024-05-06,19,SKU-SNK-002,Dark Chocolate Quinoa Granola 400g,Snacks & Packaged Foods,90,31410.0,0,0.00,0,None,0
2024-05-06,19,SKU-SNK-003,Multigrain Roasted Nachos 200g,Snacks & Packaged Foods,270,26730.0,0,0.00,0,None,0
2024-05-06,19,SKU-SNK-004,Handcrafted Kaju Katli Gift Box 500g,Snacks & Packaged Foods,91,54509.0,0,0.00,0,None,0
2024-05-06,19,SKU-SNK-005,Baked Oats Digestive Biscuits 300g,Snacks & Packaged Foods,112,8960.0,0,0.00,0,None,0
2024-05-06,19,SKU-SNK-006,Gourmet Salted Pistachios 250g,Snacks & Packaged Foods,51,22440.0,0,0.00,0,None,0
2024-05-06,19,SKU-PER-001,Bhringraj & Onion Hair Fall Control Shampoo 300ml,Personal Care,162,48438.0,0,0.00,0,None,0
2024-05-06,19,SKU-PER-002,Neem & Salicylic Acid Clarifying Face Wash 150ml,Personal Care,123,25830.0,0,0.00,0,None,0
2024-05-06,19,SKU-PER-003,Matte Gel Sunscreen SPF 50 PA++++ 50g,Personal Care,217,97433.0,0,0.00,0,None,0
2024-05-06,19,SKU-PER-004,Deep Cleansing Activated Bamboo Charcoal Soap 125g,Personal Care,160,14240.0,0,0.00,0,None,0
2024-05-06,19,SKU-PER-005,Cedarwood & Argan Nourishing Beard Oil 30ml,Personal Care,47,13395.0,0,0.00,0,None,0
2024-05-06,19,SKU-PER-006,Hydrating Rose Water Face Toner Mist 200ml,Personal Care,86,16770.0,0,0.00,0,None,0
2024-05-06,19,SKU-HOU-001,Citrus Herbal Anti-Bacterial Floor Cleaner 2L,Household Essentials,167,38410.0,0,0.00,0,None,0
2024-05-06,19,SKU-HOU-002,Concentrated Enzymatic Liquid Laundry Detergent 1L,Household Essentials,165,46035.0,0,0.00,0,None,0
2024-05-06,19,SKU-HOU-003,Multi-Surface Disinfectant Surface Spray 500ml,Household Essentials,117,19305.0,0,0.00,0,None,0
2024-05-06,19,SKU-HOU-004,100% Biodegradable Cornstarch Garbage Bags (30 pcs),Household Essentials,214,25466.0,1,0.15,0,None,0
2024-05-06,19,SKU-HOU-005,Lemon Blossom Grease-Cutting Dishwash Gel 750ml,Household Essentials,172,26660.0,0,0.00,0,None,0
2024-05-06,19,SKU-HOU-006,Lavender Aromatherapy Mosquito Repellent Vaporizer Pack,Household Essentials,128,25472.0,0,0.00,0,None,0
2024-05-13,20,SKU-GRO-001,Royal Basmati Rice 5kg,Staples & Groceries,165,98835.0,0,0.00,0,None,0
2024-05-13,20,SKU-GRO-002,Sharbati Whole Wheat Atta 10kg,Staples & Groceries,200,87000.0,0,0.00,0,None,0
2024-05-13,20,SKU-GRO-003,Cold-Pressed Mustard Oil 1L,Staples & Groceries,200,39000.0,0,0.00,0,None,0
2024-05-13,20,SKU-GRO-004,Organic Toor Dal 2kg,Staples & Groceries,166,45650.0,0,0.00,0,None,0
2024-05-13,20,SKU-GRO-005,Refined Sulphur-Free Sugar 5kg,Staples & Groceries,176,43824.0,0,0.00,0,None,0
2024-05-13,20,SKU-GRO-006,Assam Orthodox Whole Leaf Tea 500g,Staples & Groceries,86,30960.0,0,0.00,0,None,0
2024-05-13,20,SKU-BEV-001,Authentic Masala Chai Premix 1kg,Beverages & Dairy,158,75840.0,0,0.00,0,None,0
2024-05-13,20,SKU-BEV-002,Artisanal Cold Brew Coffee 250ml (Pack of 6),Beverages & Dairy,80,43920.0,0,0.00,0,None,0
2024-05-13,20,SKU-BEV-003,Alphonso Mango Pulp Tin 850g,Beverages & Dairy,84,18480.0,0,0.00,0,None,0
2024-05-13,20,SKU-BEV-004,Sparkling Botanical Tonic Water 250ml,Beverages & Dairy,135,11475.0,0,0.00,0,None,0
2024-05-13,20,SKU-BEV-005,Roasted Almond Badam Milk Mix 500g,Beverages & Dairy,70,22050.0,0,0.00,0,None,0
2024-05-13,20,SKU-BEV-006,Tender Coconut Water Tetrapack 200ml (12-pk),Beverages & Dairy,202,84840.0,0,0.00,0,None,0
2024-05-13,20,SKU-SNK-001,Peri Peri Roasted Foxnut Makhana 150g,Snacks & Packaged Foods,239,38395.35,1,0.15,0,None,0
2024-05-13,20,SKU-SNK-002,Dark Chocolate Quinoa Granola 400g,Snacks & Packaged Foods,115,40135.0,0,0.00,0,None,0
2024-05-13,20,SKU-SNK-003,Multigrain Roasted Nachos 200g,Snacks & Packaged Foods,274,27126.0,0,0.00,0,None,0
2024-05-13,20,SKU-SNK-004,Handcrafted Kaju Katli Gift Box 500g,Snacks & Packaged Foods,53,31747.0,0,0.00,0,None,0
2024-05-13,20,SKU-SNK-005,Baked Oats Digestive Biscuits 300g,Snacks & Packaged Foods,148,11840.0,0,0.00,0,None,0
2024-05-13,20,SKU-SNK-006,Gourmet Salted Pistachios 250g,Snacks & Packaged Foods,44,19360.0,0,0.00,0,None,0
2024-05-13,20,SKU-PER-001,Bhringraj & Onion Hair Fall Control Shampoo 300ml,Personal Care,197,58903.0,0,0.00,0,None,0
2024-05-13,20,SKU-PER-002,Neem & Salicylic Acid Clarifying Face Wash 150ml,Personal Care,201,42210.0,0,0.00,0,None,1
2024-05-13,20,SKU-PER-003,Matte Gel Sunscreen SPF 50 PA++++ 50g,Personal Care,173,77677.0,0,0.00,0,None,0
2024-05-13,20,SKU-PER-004,Deep Cleansing Activated Bamboo Charcoal Soap 125g,Personal Care,153,13617.0,0,0.00,0,None,0
2024-05-13,20,SKU-PER-005,Cedarwood & Argan Nourishing Beard Oil 30ml,Personal Care,43,12255.0,0,0.00,0,None,0
2024-05-13,20,SKU-PER-006,Hydrating Rose Water Face Toner Mist 200ml,Personal Care,115,22425.0,0,0.00,0,None,0
2024-05-13,20,SKU-HOU-001,Citrus Herbal Anti-Bacterial Floor Cleaner 2L,Household Essentials,156,35880.0,0,0.00,0,None,0
2024-05-13,20,SKU-HOU-002,Concentrated Enzymatic Liquid Laundry Detergent 1L,Household Essentials,154,42966.0,0,0.00,0,None,0
2024-05-13,20,SKU-HOU-003,Multi-Surface Disinfectant Surface Spray 500ml,Household Essentials,219,30714.75,1,0.15,0,None,0
2024-05-13,20,SKU-HOU-004,100% Biodegradable Cornstarch Garbage Bags (30 pcs),Household Essentials,197,27580.0,0,0.00,0,None,0
2024-05-13,20,SKU-HOU-005,Lemon Blossom Grease-Cutting Dishwash Gel 750ml,Household Essentials,166,25730.0,0,0.00,0,None,0
2024-05-13,20,SKU-HOU-006,Lavender Aromatherapy Mosquito Repellent Vaporizer Pack,Household Essentials,133,22496.95,1,0.15,0,None,0
2024-05-20,21,SKU-GRO-001,Royal Basmati Rice 5kg,Staples & Groceries,152,91048.0,0,0.00,0,None,0
2024-05-20,21,SKU-GRO-002,Sharbati Whole Wheat Atta 10kg,Staples & Groceries,323,119429.25,1,0.15,0,None,0
2024-05-20,21,SKU-GRO-003,Cold-Pressed Mustard Oil 1L,Staples & Groceries,106,20670.0,0,0.00,0,None,0
2024-05-20,21,SKU-GRO-004,Organic Toor Dal 2kg,Staples & Groceries,136,37400.0,0,0.00,0,None,0
2024-05-20,21,SKU-GRO-005,Refined Sulphur-Free Sugar 5kg,Staples & Groceries,211,52539.0,0,0.00,0,None,0
2024-05-20,21,SKU-GRO-006,Assam Orthodox Whole Leaf Tea 500g,Staples & Groceries,70,25200.0,0,0.00,0,None,0
2024-05-20,21,SKU-BEV-001,Authentic Masala Chai Premix 1kg,Beverages & Dairy,172,82560.0,0,0.00,0,None,0
2024-05-20,21,SKU-BEV-002,Artisanal Cold Brew Coffee 250ml (Pack of 6),Beverages & Dairy,182,84930.3,1,0.15,0,None,0
2024-05-20,21,SKU-BEV-003,Alphonso Mango Pulp Tin 850g,Beverages & Dairy,145,31900.0,0,0.00,0,None,0
2024-05-20,21,SKU-BEV-004,Sparkling Botanical Tonic Water 250ml,Beverages & Dairy,271,23035.0,0,0.00,0,None,0
2024-05-20,21,SKU-BEV-005,Roasted Almond Badam Milk Mix 500g,Beverages & Dairy,96,30240.0,0,0.00,0,None,0
2024-05-20,21,SKU-BEV-006,Tender Coconut Water Tetrapack 200ml (12-pk),Beverages & Dairy,108,45360.0,0,0.00,0,None,0
2024-05-20,21,SKU-SNK-001,Peri Peri Roasted Foxnut Makhana 150g,Snacks & Packaged Foods,136,25704.0,0,0.00,0,None,0
2024-05-20,21,SKU-SNK-002,Dark Chocolate Quinoa Granola 400g,Snacks & Packaged Foods,67,23383.0,0,0.00,0,None,0
2024-05-20,21,SKU-SNK-003,Multigrain Roasted Nachos 200g,Snacks & Packaged Foods,213,21087.0,0,0.00,0,None,0
2024-05-20,21,SKU-SNK-004,Handcrafted Kaju Katli Gift Box 500g,Snacks & Packaged Foods,60,35940.0,0,0.00,0,None,0
2024-05-20,21,SKU-SNK-005,Baked Oats Digestive Biscuits 300g,Snacks & Packaged Foods,154,12320.0,0,0.00,0,None,0
2024-05-20,21,SKU-SNK-006,Gourmet Salted Pistachios 250g,Snacks & Packaged Foods,75,33000.0,0,0.00,0,None,0
2024-05-20,21,SKU-PER-001,Bhringraj & Onion Hair Fall Control Shampoo 300ml,Personal Care,135,40365.0,0,0.00,0,None,0
2024-05-20,21,SKU-PER-002,Neem & Salicylic Acid Clarifying Face Wash 150ml,Personal Care,172,36120.0,0,0.00,0,None,0
2024-05-20,21,SKU-PER-003,Matte Gel Sunscreen SPF 50 PA++++ 50g,Personal Care,254,96939.1,1,0.15,0,None,0
2024-05-20,21,SKU-PER-004,Deep Cleansing Activated Bamboo Charcoal Soap 125g,Personal Care,136,12104.0,0,0.00,0,None,0
2024-05-20,21,SKU-PER-005,Cedarwood & Argan Nourishing Beard Oil 30ml,Personal Care,25,7125.0,0,0.00,0,None,0
2024-05-20,21,SKU-PER-006,Hydrating Rose Water Face Toner Mist 200ml,Personal Care,116,22620.0,0,0.00,0,None,0
2024-05-20,21,SKU-HOU-001,Citrus Herbal Anti-Bacterial Floor Cleaner 2L,Household Essentials,107,24610.0,0,0.00,0,None,0
2024-05-20,21,SKU-HOU-002,Concentrated Enzymatic Liquid Laundry Detergent 1L,Household Essentials,202,56358.0,0,0.00,0,None,0
2024-05-20,21,SKU-HOU-003,Multi-Surface Disinfectant Surface Spray 500ml,Household Essentials,104,17160.0,0,0.00,0,None,0
2024-05-20,21,SKU-HOU-004,100% Biodegradable Cornstarch Garbage Bags (30 pcs),Household Essentials,170,23800.0,0,0.00,0,None,0
2024-05-20,21,SKU-HOU-005,Lemon Blossom Grease-Cutting Dishwash Gel 750ml,Household Essentials,207,32085.0,0,0.00,0,None,0
2024-05-20,21,SKU-HOU-006,Lavender Aromatherapy Mosquito Repellent Vaporizer Pack,Household Essentials,86,17114.0,0,0.00,0,None,0
2024-05-27,22,SKU-GRO-001,Royal Basmati Rice 5kg,Staples & Groceries,166,99434.0,0,0.00,0,None,0
2024-05-27,22,SKU-GRO-002,Sharbati Whole Wheat Atta 10kg,Staples & Groceries,250,108750.0,0,0.00,0,None,0
2024-05-27,22,SKU-GRO-003,Cold-Pressed Mustard Oil 1L,Staples & Groceries,155,30225.0,0,0.00,0,None,0
2024-05-27,22,SKU-GRO-004,Organic Toor Dal 2kg,Staples & Groceries,136,37400.0,0,0.00,0,None,0
2024-05-27,22,SKU-GRO-005,Refined Sulphur-Free Sugar 5kg,Staples & Groceries,169,42081.0,0,0.00,0,None,0
2024-05-27,22,SKU-GRO-006,Assam Orthodox Whole Leaf Tea 500g,Staples & Groceries,115,41400.0,0,0.00,0,None,0
2024-05-27,22,SKU-BEV-001,Authentic Masala Chai Premix 1kg,Beverages & Dairy,149,71520.0,0,0.00,0,None,0
2024-05-27,22,SKU-BEV-002,Artisanal Cold Brew Coffee 250ml (Pack of 6),Beverages & Dairy,86,47214.0,0,0.00,0,None,0
2024-05-27,22,SKU-BEV-003,Alphonso Mango Pulp Tin 850g,Beverages & Dairy,90,19800.0,0,0.00,0,None,0
2024-05-27,22,SKU-BEV-004,Sparkling Botanical Tonic Water 250ml,Beverages & Dairy,271,23035.0,0,0.00,0,None,0
2024-05-27,22,SKU-BEV-005,Roasted Almond Badam Milk Mix 500g,Beverages & Dairy,108,34020.0,0,0.00,0,None,0
2024-05-27,22,SKU-BEV-006,Tender Coconut Water Tetrapack 200ml (12-pk),Beverages & Dairy,129,54180.0,0,0.00,0,None,0
2024-05-27,22,SKU-SNK-001,Peri Peri Roasted Foxnut Makhana 150g,Snacks & Packaged Foods,108,20412.0,0,0.00,0,None,0
2024-05-27,22,SKU-SNK-002,Dark Chocolate Quinoa Granola 400g,Snacks & Packaged Foods,160,55840.0,0,0.00,0,None,0
2024-05-27,22,SKU-SNK-003,Multigrain Roasted Nachos 200g,Snacks & Packaged Foods,124,12276.0,0,0.00,0,None,0
2024-05-27,22,SKU-SNK-004,Handcrafted Kaju Katli Gift Box 500g,Snacks & Packaged Foods,7,4193.0,0,0.00,0,None,0
2024-05-27,22,SKU-SNK-005,Baked Oats Digestive Biscuits 300g,Snacks & Packaged Foods,218,14824.0,1,0.15,0,None,0
2024-05-27,22,SKU-SNK-006,Gourmet Salted Pistachios 250g,Snacks & Packaged Foods,38,14212.0,1,0.15,0,None,0
2024-05-27,22,SKU-PER-001,Bhringraj & Onion Hair Fall Control Shampoo 300ml,Personal Care,140,41860.0,0,0.00,0,None,0
2024-05-27,22,SKU-PER-002,Neem & Salicylic Acid Clarifying Face Wash 150ml,Personal Care,145,25882.5,1,0.15,0,None,0
2024-05-27,22,SKU-PER-003,Matte Gel Sunscreen SPF 50 PA++++ 50g,Personal Care,85,38165.0,0,0.00,0,None,0
2024-05-27,22,SKU-PER-004,Deep Cleansing Activated Bamboo Charcoal Soap 125g,Personal Care,198,17622.0,0,0.00,0,None,0
2024-05-27,22,SKU-PER-005,Cedarwood & Argan Nourishing Beard Oil 30ml,Personal Care,63,17955.0,0,0.00,0,None,0
2024-05-27,22,SKU-PER-006,Hydrating Rose Water Face Toner Mist 200ml,Personal Care,173,33735.0,0,0.00,0,None,0
2024-05-27,22,SKU-HOU-001,Citrus Herbal Anti-Bacterial Floor Cleaner 2L,Household Essentials,149,34270.0,0,0.00,0,None,0
2024-05-27,22,SKU-HOU-002,Concentrated Enzymatic Liquid Laundry Detergent 1L,Household Essentials,194,54126.0,0,0.00,0,None,0
2024-05-27,22,SKU-HOU-003,Multi-Surface Disinfectant Surface Spray 500ml,Household Essentials,126,20790.0,0,0.00,0,None,0
2024-05-27,22,SKU-HOU-004,100% Biodegradable Cornstarch Garbage Bags (30 pcs),Household Essentials,116,16240.0,0,0.00,0,None,0
2024-05-27,22,SKU-HOU-005,Lemon Blossom Grease-Cutting Dishwash Gel 750ml,Household Essentials,216,28458.0,1,0.15,0,None,0
2024-05-27,22,SKU-HOU-006,Lavender Aromatherapy Mosquito Repellent Vaporizer Pack,Household Essentials,166,33034.0,0,0.00,0,None,0
2024-06-03,23,SKU-GRO-001,Royal Basmati Rice 5kg,Staples & Groceries,179,107221.0,0,0.00,0,None,0
2024-06-03,23,SKU-GRO-002,Sharbati Whole Wheat Atta 10kg,Staples & Groceries,273,118755.0,0,0.00,0,None,0
2024-06-03,23,SKU-GRO-003,Cold-Pressed Mustard Oil 1L,Staples & Groceries,244,40443.0,1,0.15,0,None,0
2024-06-03,23,SKU-GRO-004,Organic Toor Dal 2kg,Staples & Groceries,156,42900.0,0,0.00,0,None,0
2024-06-03,23,SKU-GRO-005,Refined Sulphur-Free Sugar 5kg,Staples & Groceries,189,47061.0,0,0.00,0,None,0
2024-06-03,23,SKU-GRO-006,Assam Orthodox Whole Leaf Tea 500g,Staples & Groceries,126,45360.0,0,0.00,0,None,0
2024-06-03,23,SKU-BEV-001,Authentic Masala Chai Premix 1kg,Beverages & Dairy,115,55200.0,0,0.00,0,None,0
2024-06-03,23,SKU-BEV-002,Artisanal Cold Brew Coffee 250ml (Pack of 6),Beverages & Dairy,109,59841.0,0,0.00,0,None,0
2024-06-03,23,SKU-BEV-003,Alphonso Mango Pulp Tin 850g,Beverages & Dairy,17,3740.0,0,0.00,0,None,0
2024-06-03,23,SKU-BEV-004,Sparkling Botanical Tonic Water 250ml,Beverages & Dairy,207,17595.0,0,0.00,0,None,0
2024-06-03,23,SKU-BEV-005,Roasted Almond Badam Milk Mix 500g,Beverages & Dairy,154,41233.5,1,0.15,0,None,0
2024-06-03,23,SKU-BEV-006,Tender Coconut Water Tetrapack 200ml (12-pk),Beverages & Dairy,154,64680.0,0,0.00,0,None,0
2024-06-03,23,SKU-SNK-001,Peri Peri Roasted Foxnut Makhana 150g,Snacks & Packaged Foods,63,11907.0,0,0.00,0,None,0
2024-06-03,23,SKU-SNK-002,Dark Chocolate Quinoa Granola 400g,Snacks & Packaged Foods,84,29316.0,0,0.00,0,None,0
2024-06-03,23,SKU-SNK-003,Multigrain Roasted Nachos 200g,Snacks & Packaged Foods,220,21780.0,0,0.00,0,None,0
2024-06-03,23,SKU-SNK-004,Handcrafted Kaju Katli Gift Box 500g,Snacks & Packaged Foods,68,40732.0,0,0.00,0,None,0
2024-06-03,23,SKU-SNK-005,Baked Oats Digestive Biscuits 300g,Snacks & Packaged Foods,141,11280.0,0,0.00,0,None,0
2024-06-03,23,SKU-SNK-006,Gourmet Salted Pistachios 250g,Snacks & Packaged Foods,64,28160.0,0,0.00,0,None,0
2024-06-03,23,SKU-PER-001,Bhringraj & Onion Hair Fall Control Shampoo 300ml,Personal Care,144,36597.6,1,0.15,0,None,0
2024-06-03,23,SKU-PER-002,Neem & Salicylic Acid Clarifying Face Wash 150ml,Personal Care,190,39900.0,0,0.00,0,None,0
2024-06-03,23,SKU-PER-003,Matte Gel Sunscreen SPF 50 PA++++ 50g,Personal Care,134,60166.0,0,0.00,0,None,0
2024-06-03,23,SKU-PER-004,Deep Cleansing Activated Bamboo Charcoal Soap 125g,Personal Care,229,17323.85,1,0.15,0,None,0
2024-06-03,23,SKU-PER-005,Cedarwood & Argan Nourishing Beard Oil 30ml,Personal Care,27,7695.0,0,0.00,0,None,0
2024-06-03,23,SKU-PER-006,Hydrating Rose Water Face Toner Mist 200ml,Personal Care,124,20553.0,1,0.15,0,None,0
2024-06-03,23,SKU-HOU-001,Citrus Herbal Anti-Bacterial Floor Cleaner 2L,Household Essentials,126,28980.0,0,0.00,0,None,0
2024-06-03,23,SKU-HOU-002,Concentrated Enzymatic Liquid Laundry Detergent 1L,Household Essentials,184,51336.0,0,0.00,0,None,0
2024-06-03,23,SKU-HOU-003,Multi-Surface Disinfectant Surface Spray 500ml,Household Essentials,181,29865.0,0,0.00,0,None,0
2024-06-03,23,SKU-HOU-004,100% Biodegradable Cornstarch Garbage Bags (30 pcs),Household Essentials,176,24640.0,0,0.00,0,None,0
2024-06-03,23,SKU-HOU-005,Lemon Blossom Grease-Cutting Dishwash Gel 750ml,Household Essentials,189,29295.0,0,0.00,0,None,0
2024-06-03,23,SKU-HOU-006,Lavender Aromatherapy Mosquito Repellent Vaporizer Pack,Household Essentials,85,16915.0,0,0.00,0,None,0
2024-06-10,24,SKU-GRO-001,Royal Basmati Rice 5kg,Staples & Groceries,150,89850.0,0,0.00,0,None,0
2024-06-10,24,SKU-GRO-002,Sharbati Whole Wheat Atta 10kg,Staples & Groceries,212,92220.0,0,0.00,0,None,0
2024-06-10,24,SKU-GRO-003,Cold-Pressed Mustard Oil 1L,Staples & Groceries,181,35295.0,0,0.00,0,None,0
2024-06-10,24,SKU-GRO-004,Organic Toor Dal 2kg,Staples & Groceries,135,37125.0,0,0.00,0,None,0
2024-06-10,24,SKU-GRO-005,Refined Sulphur-Free Sugar 5kg,Staples & Groceries,145,36105.0,0,0.00,0,None,0
2024-06-10,24,SKU-GRO-006,Assam Orthodox Whole Leaf Tea 500g,Staples & Groceries,92,33120.0,0,0.00,0,None,0
2024-06-10,24,SKU-BEV-001,Authentic Masala Chai Premix 1kg,Beverages & Dairy,147,70560.0,0,0.00,0,None,0
2024-06-10,24,SKU-BEV-002,Artisanal Cold Brew Coffee 250ml (Pack of 6),Beverages & Dairy,122,66978.0,0,0.00,0,None,0
2024-06-10,24,SKU-BEV-003,Alphonso Mango Pulp Tin 850g,Beverages & Dairy,119,26180.0,0,0.00,0,None,0
2024-06-10,24,SKU-BEV-004,Sparkling Botanical Tonic Water 250ml,Beverages & Dairy,170,12282.5,1,0.15,0,None,0
2024-06-10,24,SKU-BEV-005,Roasted Almond Badam Milk Mix 500g,Beverages & Dairy,88,27720.0,0,0.00,0,None,0
2024-06-10,24,SKU-BEV-006,Tender Coconut Water Tetrapack 200ml (12-pk),Beverages & Dairy,199,71043.0,1,0.15,0,None,0
2024-06-10,24,SKU-SNK-001,Peri Peri Roasted Foxnut Makhana 150g,Snacks & Packaged Foods,201,37989.0,0,0.00,0,None,0
2024-06-10,24,SKU-SNK-002,Dark Chocolate Quinoa Granola 400g,Snacks & Packaged Foods,156,46277.4,1,0.15,0,None,0
2024-06-10,24,SKU-SNK-003,Multigrain Roasted Nachos 200g,Snacks & Packaged Foods,148,14652.0,0,0.00,0,None,0
2024-06-10,24,SKU-SNK-004,Handcrafted Kaju Katli Gift Box 500g,Snacks & Packaged Foods,93,47350.95,1,0.15,0,None,0
2024-06-10,24,SKU-SNK-005,Baked Oats Digestive Biscuits 300g,Snacks & Packaged Foods,181,14480.0,0,0.00,0,None,0
2024-06-10,24,SKU-SNK-006,Gourmet Salted Pistachios 250g,Snacks & Packaged Foods,77,33880.0,0,0.00,0,None,0
2024-06-10,24,SKU-PER-001,Bhringraj & Onion Hair Fall Control Shampoo 300ml,Personal Care,96,28704.0,0,0.00,0,None,0
2024-06-10,24,SKU-PER-002,Neem & Salicylic Acid Clarifying Face Wash 150ml,Personal Care,128,26880.0,0,0.00,0,None,0
2024-06-10,24,SKU-PER-003,Matte Gel Sunscreen SPF 50 PA++++ 50g,Personal Care,138,61962.0,0,0.00,0,None,1
2024-06-10,24,SKU-PER-004,Deep Cleansing Activated Bamboo Charcoal Soap 125g,Personal Care,148,13172.0,0,0.00,0,None,0
2024-06-10,24,SKU-PER-005,Cedarwood & Argan Nourishing Beard Oil 30ml,Personal Care,51,12354.75,1,0.15,0,None,0
2024-06-10,24,SKU-PER-006,Hydrating Rose Water Face Toner Mist 200ml,Personal Care,56,10920.0,0,0.00,0,None,0
2024-06-10,24,SKU-HOU-001,Citrus Herbal Anti-Bacterial Floor Cleaner 2L,Household Essentials,137,31510.0,0,0.00,0,None,0
2024-06-10,24,SKU-HOU-002,Concentrated Enzymatic Liquid Laundry Detergent 1L,Household Essentials,189,52731.0,0,0.00,0,None,0
2024-06-10,24,SKU-HOU-003,Multi-Surface Disinfectant Surface Spray 500ml,Household Essentials,138,22770.0,0,0.00,0,None,0
2024-06-10,24,SKU-HOU-004,100% Biodegradable Cornstarch Garbage Bags (30 pcs),Household Essentials,204,28560.0,0,0.00,0,None,0
2024-06-10,24,SKU-HOU-005,Lemon Blossom Grease-Cutting Dishwash Gel 750ml,Household Essentials,154,23870.0,0,0.00,0,None,0
2024-06-10,24,SKU-HOU-006,Lavender Aromatherapy Mosquito Repellent Vaporizer Pack,Household Essentials,51,10149.0,0,0.00,0,None,0
2024-06-17,25,SKU-GRO-001,Royal Basmati Rice 5kg,Staples & Groceries,134,80266.0,0,0.00,0,None,0
2024-06-17,25,SKU-GRO-002,Sharbati Whole Wheat Atta 10kg,Staples & Groceries,230,100050.0,0,0.00,0,None,0
2024-06-17,25,SKU-GRO-003,Cold-Pressed Mustard Oil 1L,Staples & Groceries,234,45630.0,0,0.00,0,None,0
2024-06-17,25,SKU-GRO-004,Organic Toor Dal 2kg,Staples & Groceries,146,40150.0,0,0.00,0,None,0
2024-06-17,25,SKU-GRO-005,Refined Sulphur-Free Sugar 5kg,Staples & Groceries,212,44869.8,1,0.15,0,None,0
2024-06-17,25,SKU-GRO-006,Assam Orthodox Whole Leaf Tea 500g,Staples & Groceries,126,38556.0,1,0.15,0,None,0
2024-06-17,25,SKU-BEV-001,Authentic Masala Chai Premix 1kg,Beverages & Dairy,93,44640.0,0,0.00,0,None,0
2024-06-17,25,SKU-BEV-002,Artisanal Cold Brew Coffee 250ml (Pack of 6),Beverages & Dairy,112,61488.0,0,0.00,0,None,0
2024-06-17,25,SKU-BEV-003,Alphonso Mango Pulp Tin 850g,Beverages & Dairy,141,26367.0,1,0.15,0,None,0
2024-06-17,25,SKU-BEV-004,Sparkling Botanical Tonic Water 250ml,Beverages & Dairy,176,14960.0,0,0.00,0,None,0
2024-06-17,25,SKU-BEV-005,Roasted Almond Badam Milk Mix 500g,Beverages & Dairy,87,27405.0,0,0.00,0,None,0
2024-06-17,25,SKU-BEV-006,Tender Coconut Water Tetrapack 200ml (12-pk),Beverages & Dairy,103,43260.0,0,0.00,0,None,0
2024-06-17,25,SKU-SNK-001,Peri Peri Roasted Foxnut Makhana 150g,Snacks & Packaged Foods,74,13986.0,0,0.00,0,None,0
2024-06-17,25,SKU-SNK-002,Dark Chocolate Quinoa Granola 400g,Snacks & Packaged Foods,96,33504.0,0,0.00,0,None,0
2024-06-17,25,SKU-SNK-003,Multigrain Roasted Nachos 200g,Snacks & Packaged Foods,252,21205.8,1,0.15,0,None,0
2024-06-17,25,SKU-SNK-004,Handcrafted Kaju Katli Gift Box 500g,Snacks & Packaged Foods,35,20965.0,0,0.00,0,None,0
2024-06-17,25,SKU-SNK-005,Baked Oats Digestive Biscuits 300g,Snacks & Packaged Foods,126,10080.0,0,0.00,0,None,0
2024-06-17,25,SKU-SNK-006,Gourmet Salted Pistachios 250g,Snacks & Packaged Foods,60,26400.0,0,0.00,0,None,0
2024-06-17,25,SKU-PER-001,Bhringraj & Onion Hair Fall Control Shampoo 300ml,Personal Care,106,31694.0,0,0.00,0,None,0
2024-06-17,25,SKU-PER-002,Neem & Salicylic Acid Clarifying Face Wash 150ml,Personal Care,175,36750.0,0,0.00,0,None,0
2024-06-17,25,SKU-PER-003,Matte Gel Sunscreen SPF 50 PA++++ 50g,Personal Care,98,44002.0,0,0.00,0,None,0
2024-06-17,25,SKU-PER-004,Deep Cleansing Activated Bamboo Charcoal Soap 125g,Personal Care,155,13795.0,0,0.00,0,None,0
2024-06-17,25,SKU-PER-005,Cedarwood & Argan Nourishing Beard Oil 30ml,Personal Care,56,15960.0,0,0.00,0,None,0
2024-06-17,25,SKU-PER-006,Hydrating Rose Water Face Toner Mist 200ml,Personal Care,87,16965.0,0,0.00,0,None,0
2024-06-17,25,SKU-HOU-001,Citrus Herbal Anti-Bacterial Floor Cleaner 2L,Household Essentials,214,41837.0,1,0.15,0,None,0
2024-06-17,25,SKU-HOU-002,Concentrated Enzymatic Liquid Laundry Detergent 1L,Household Essentials,255,60473.25,1,0.15,0,None,0
2024-06-17,25,SKU-HOU-003,Multi-Surface Disinfectant Surface Spray 500ml,Household Essentials,85,14025.0,0,0.00,0,None,0
2024-06-17,25,SKU-HOU-004,100% Biodegradable Cornstarch Garbage Bags (30 pcs),Household Essentials,104,14560.0,0,0.00,0,None,0
2024-06-17,25,SKU-HOU-005,Lemon Blossom Grease-Cutting Dishwash Gel 750ml,Household Essentials,182,28210.0,0,0.00,0,None,0
2024-06-17,25,SKU-HOU-006,Lavender Aromatherapy Mosquito Repellent Vaporizer Pack,Household Essentials,93,18507.0,0,0.00,0,None,0
2024-06-24,26,SKU-GRO-001,Royal Basmati Rice 5kg,Staples & Groceries,177,90119.55,1,0.15,0,None,0
2024-06-24,26,SKU-GRO-002,Sharbati Whole Wheat Atta 10kg,Staples & Groceries,240,104400.0,0,0.00,0,None,0
2024-06-24,26,SKU-GRO-003,Cold-Pressed Mustard Oil 1L,Staples & Groceries,133,25935.0,0,0.00,0,None,0
2024-06-24,26,SKU-GRO-004,Organic Toor Dal 2kg,Staples & Groceries,111,25946.25,1,0.15,0,None,0
2024-06-24,26,SKU-GRO-005,Refined Sulphur-Free Sugar 5kg,Staples & Groceries,152,37848.0,0,0.00,0,None,0
2024-06-24,26,SKU-GRO-006,Assam Orthodox Whole Leaf Tea 500g,Staples & Groceries,89,32040.0,0,0.00,0,None,0
2024-06-24,26,SKU-BEV-001,Authentic Masala Chai Premix 1kg,Beverages & Dairy,158,64464.0,1,0.15,0,None,0
2024-06-24,26,SKU-BEV-002,Artisanal Cold Brew Coffee 250ml (Pack of 6),Beverages & Dairy,88,48312.0,0,0.00,0,None,0
2024-06-24,26,SKU-BEV-003,Alphonso Mango Pulp Tin 850g,Beverages & Dairy,46,10120.0,0,0.00,0,None,0
2024-06-24,26,SKU-BEV-004,Sparkling Botanical Tonic Water 250ml,Beverages & Dairy,181,15385.0,0,0.00,0,None,0
2024-06-24,26,SKU-BEV-005,Roasted Almond Badam Milk Mix 500g,Beverages & Dairy,15,4725.0,0,0.00,0,None,0
2024-06-24,26,SKU-BEV-006,Tender Coconut Water Tetrapack 200ml (12-pk),Beverages & Dairy,165,69300.0,0,0.00,0,None,0
2024-06-24,26,SKU-SNK-001,Peri Peri Roasted Foxnut Makhana 150g,Snacks & Packaged Foods,148,27972.0,0,0.00,0,None,0
2024-06-24,26,SKU-SNK-002,Dark Chocolate Quinoa Granola 400g,Snacks & Packaged Foods,95,33155.0,0,0.00,0,None,0
2024-06-24,26,SKU-SNK-003,Multigrain Roasted Nachos 200g,Snacks & Packaged Foods,228,22572.0,0,0.00,0,None,0
2024-06-24,26,SKU-SNK-004,Handcrafted Kaju Katli Gift Box 500g,Snacks & Packaged Foods,27,16173.0,0,0.00,0,None,0
2024-06-24,26,SKU-SNK-005,Baked Oats Digestive Biscuits 300g,Snacks & Packaged Foods,160,12800.0,0,0.00,0,None,0
2024-06-24,26,SKU-SNK-006,Gourmet Salted Pistachios 250g,Snacks & Packaged Foods,50,22000.0,0,0.00,0,None,0
2024-06-24,26,SKU-PER-001,Bhringraj & Onion Hair Fall Control Shampoo 300ml,Personal Care,69,20631.0,0,0.00,0,None,0
2024-06-24,26,SKU-PER-002,Neem & Salicylic Acid Clarifying Face Wash 150ml,Personal Care,119,24990.0,0,0.00,0,None,0
2024-06-24,26,SKU-PER-003,Matte Gel Sunscreen SPF 50 PA++++ 50g,Personal Care,157,70493.0,0,0.00,0,None,0
2024-06-24,26,SKU-PER-004,Deep Cleansing Activated Bamboo Charcoal Soap 125g,Personal Care,131,11659.0,0,0.00,0,None,0
2024-06-24,26,SKU-PER-005,Cedarwood & Argan Nourishing Beard Oil 30ml,Personal Care,49,13965.0,0,0.00,0,None,0
2024-06-24,26,SKU-PER-006,Hydrating Rose Water Face Toner Mist 200ml,Personal Care,97,18915.0,0,0.00,0,None,0
2024-06-24,26,SKU-HOU-001,Citrus Herbal Anti-Bacterial Floor Cleaner 2L,Household Essentials,192,44160.0,0,0.00,0,None,0
2024-06-24,26,SKU-HOU-002,Concentrated Enzymatic Liquid Laundry Detergent 1L,Household Essentials,216,60264.0,0,0.00,0,None,0
2024-06-24,26,SKU-HOU-003,Multi-Surface Disinfectant Surface Spray 500ml,Household Essentials,91,15015.0,0,0.00,0,None,0
2024-06-24,26,SKU-HOU-004,100% Biodegradable Cornstarch Garbage Bags (30 pcs),Household Essentials,228,27132.0,1,0.15,0,None,0
2024-06-24,26,SKU-HOU-005,Lemon Blossom Grease-Cutting Dishwash Gel 750ml,Household Essentials,255,39525.0,0,0.00,0,None,0
2024-06-24,26,SKU-HOU-006,Lavender Aromatherapy Mosquito Repellent Vaporizer Pack,Household Essentials,121,24079.0,0,0.00,0,None,0
2024-07-01,27,SKU-GRO-001,Royal Basmati Rice 5kg,Staples & Groceries,153,91647.0,0,0.00,0,None,0
2024-07-01,27,SKU-GRO-002,Sharbati Whole Wheat Atta 10kg,Staples & Groceries,209,90915.0,0,0.00,0,None,0
2024-07-01,27,SKU-GRO-003,Cold-Pressed Mustard Oil 1L,Staples & Groceries,120,23400.0,0,0.00,0,None,0
2024-07-01,27,SKU-GRO-004,Organic Toor Dal 2kg,Staples & Groceries,140,38500.0,0,0.00,0,None,0
2024-07-01,27,SKU-GRO-005,Refined Sulphur-Free Sugar 5kg,Staples & Groceries,184,45816.0,0,0.00,0,None,0
2024-07-01,27,SKU-GRO-006,Assam Orthodox Whole Leaf Tea 500g,Staples & Groceries,71,25560.0,0,0.00,0,None,0
2024-07-01,27,SKU-BEV-001,Authentic Masala Chai Premix 1kg,Beverages & Dairy,67,32160.0,0,0.00,0,None,0
2024-07-01,27,SKU-BEV-002,Artisanal Cold Brew Coffee 250ml (Pack of 6),Beverages & Dairy,98,53802.0,0,0.00,0,None,0
2024-07-01,27,SKU-BEV-003,Alphonso Mango Pulp Tin 850g,Beverages & Dairy,93,20460.0,0,0.00,0,None,0
2024-07-01,27,SKU-BEV-004,Sparkling Botanical Tonic Water 250ml,Beverages & Dairy,165,14025.0,0,0.00,0,None,0
2024-07-01,27,SKU-BEV-005,Roasted Almond Badam Milk Mix 500g,Beverages & Dairy,47,14805.0,0,0.00,0,None,0
2024-07-01,27,SKU-BEV-006,Tender Coconut Water Tetrapack 200ml (12-pk),Beverages & Dairy,195,81900.0,0,0.00,0,None,0
2024-07-01,27,SKU-SNK-001,Peri Peri Roasted Foxnut Makhana 150g,Snacks & Packaged Foods,218,35021.7,1,0.15,0,None,0
2024-07-01,27,SKU-SNK-002,Dark Chocolate Quinoa Granola 400g,Snacks & Packaged Foods,132,46068.0,0,0.00,0,None,0
2024-07-01,27,SKU-SNK-003,Multigrain Roasted Nachos 200g,Snacks & Packaged Foods,176,17424.0,0,0.00,0,None,0
2024-07-01,27,SKU-SNK-004,Handcrafted Kaju Katli Gift Box 500g,Snacks & Packaged Foods,82,49118.0,0,0.00,0,None,0
2024-07-01,27,SKU-SNK-005,Baked Oats Digestive Biscuits 300g,Snacks & Packaged Foods,160,12800.0,0,0.00,0,None,0
2024-07-01,27,SKU-SNK-006,Gourmet Salted Pistachios 250g,Snacks & Packaged Foods,60,26400.0,0,0.00,0,None,0
2024-07-01,27,SKU-PER-001,Bhringraj & Onion Hair Fall Control Shampoo 300ml,Personal Care,80,23920.0,0,0.00,0,None,0
2024-07-01,27,SKU-PER-002,Neem & Salicylic Acid Clarifying Face Wash 150ml,Personal Care,99,20790.0,0,0.00,0,None,0
2024-07-01,27,SKU-PER-003,Matte Gel Sunscreen SPF 50 PA++++ 50g,Personal Care,115,51635.0,0,0.00,0,None,0
2024-07-01,27,SKU-PER-004,Deep Cleansing Activated Bamboo Charcoal Soap 125g,Personal Care,147,13083.0,0,0.00,0,None,0
2024-07-01,27,SKU-PER-005,Cedarwood & Argan Nourishing Beard Oil 30ml,Personal Care,24,6840.0,0,0.00,0,None,0
2024-07-01,27,SKU-PER-006,Hydrating Rose Water Face Toner Mist 200ml,Personal Care,54,10530.0,0,0.00,0,None,0
2024-07-01,27,SKU-HOU-001,Citrus Herbal Anti-Bacterial Floor Cleaner 2L,Household Essentials,126,28980.0,0,0.00,0,None,0
2024-07-01,27,SKU-HOU-002,Concentrated Enzymatic Liquid Laundry Detergent 1L,Household Essentials,208,58032.0,0,0.00,0,None,0
2024-07-01,27,SKU-HOU-003,Multi-Surface Disinfectant Surface Spray 500ml,Household Essentials,97,13604.25,1,0.15,0,None,0
2024-07-01,27,SKU-HOU-004,100% Biodegradable Cornstarch Garbage Bags (30 pcs),Household Essentials,193,27020.0,0,0.00,0,None,0
2024-07-01,27,SKU-HOU-005,Lemon Blossom Grease-Cutting Dishwash Gel 750ml,Household Essentials,217,33635.0,0,0.00,0,None,0
2024-07-01,27,SKU-HOU-006,Lavender Aromatherapy Mosquito Repellent Vaporizer Pack,Household Essentials,165,27909.75,1,0.15,0,None,0
2024-07-08,28,SKU-GRO-001,Royal Basmati Rice 5kg,Staples & Groceries,156,93444.0,0,0.00,1,None,0
2024-07-08,28,SKU-GRO-002,Sharbati Whole Wheat Atta 10kg,Staples & Groceries,324,119799.0,1,0.15,1,None,0
2024-07-08,28,SKU-GRO-003,Cold-Pressed Mustard Oil 1L,Staples & Groceries,154,30030.0,0,0.00,1,None,0
2024-07-08,28,SKU-GRO-004,Organic Toor Dal 2kg,Staples & Groceries,88,24200.0,0,0.00,1,None,0
2024-07-08,28,SKU-GRO-005,Refined Sulphur-Free Sugar 5kg,Staples & Groceries,153,38097.0,0,0.00,1,None,0
2024-07-08,28,SKU-GRO-006,Assam Orthodox Whole Leaf Tea 500g,Staples & Groceries,116,41760.0,0,0.00,1,None,0
2024-07-08,28,SKU-BEV-001,Authentic Masala Chai Premix 1kg,Beverages & Dairy,117,56160.0,0,0.00,1,None,0
2024-07-08,28,SKU-BEV-002,Artisanal Cold Brew Coffee 250ml (Pack of 6),Beverages & Dairy,121,56464.65,1,0.15,1,None,0
2024-07-08,28,SKU-BEV-003,Alphonso Mango Pulp Tin 850g,Beverages & Dairy,43,9460.0,0,0.00,1,None,0
2024-07-08,28,SKU-BEV-004,Sparkling Botanical Tonic Water 250ml,Beverages & Dairy,181,15385.0,0,0.00,1,None,0
2024-07-08,28,SKU-BEV-005,Roasted Almond Badam Milk Mix 500g,Beverages & Dairy,78,24570.0,0,0.00,1,None,0
2024-07-08,28,SKU-BEV-006,Tender Coconut Water Tetrapack 200ml (12-pk),Beverages & Dairy,148,62160.0,0,0.00,1,None,0
2024-07-08,28,SKU-SNK-001,Peri Peri Roasted Foxnut Makhana 150g,Snacks & Packaged Foods,170,32130.0,0,0.00,1,None,0
2024-07-08,28,SKU-SNK-002,Dark Chocolate Quinoa Granola 400g,Snacks & Packaged Foods,60,20940.0,0,0.00,1,None,0
2024-07-08,28,SKU-SNK-003,Multigrain Roasted Nachos 200g,Snacks & Packaged Foods,187,18513.0,0,0.00,1,None,0
2024-07-08,28,SKU-SNK-004,Handcrafted Kaju Katli Gift Box 500g,Snacks & Packaged Foods,52,31148.0,0,0.00,1,None,0
2024-07-08,28,SKU-SNK-005,Baked Oats Digestive Biscuits 300g,Snacks & Packaged Foods,161,12880.0,0,0.00,1,None,0
2024-07-08,28,SKU-SNK-006,Gourmet Salted Pistachios 250g,Snacks & Packaged Foods,60,26400.0,0,0.00,1,None,0
2024-07-08,28,SKU-PER-001,Bhringraj & Onion Hair Fall Control Shampoo 300ml,Personal Care,80,23920.0,0,0.00,1,Monsoon Wellness Drive,0
2024-07-08,28,SKU-PER-002,Neem & Salicylic Acid Clarifying Face Wash 150ml,Personal Care,162,34020.0,0,0.00,1,Monsoon Wellness Drive,0
2024-07-08,28,SKU-PER-003,Matte Gel Sunscreen SPF 50 PA++++ 50g,Personal Care,39,14884.35,1,0.15,1,Monsoon Wellness Drive,0
2024-07-08,28,SKU-PER-004,Deep Cleansing Activated Bamboo Charcoal Soap 125g,Personal Care,159,14151.0,0,0.00,1,Monsoon Wellness Drive,0
2024-07-08,28,SKU-PER-005,Cedarwood & Argan Nourishing Beard Oil 30ml,Personal Care,43,12255.0,0,0.00,1,Monsoon Wellness Drive,0
2024-07-08,28,SKU-PER-006,Hydrating Rose Water Face Toner Mist 200ml,Personal Care,57,11115.0,0,0.00,1,Monsoon Wellness Drive,0
2024-07-08,28,SKU-HOU-001,Citrus Herbal Anti-Bacterial Floor Cleaner 2L,Household Essentials,173,39790.0,0,0.00,1,Monsoon Wellness Drive,0
2024-07-08,28,SKU-HOU-002,Concentrated Enzymatic Liquid Laundry Detergent 1L,Household Essentials,237,66123.0,0,0.00,1,Monsoon Wellness Drive,0
2024-07-08,28,SKU-HOU-003,Multi-Surface Disinfectant Surface Spray 500ml,Household Essentials,92,15180.0,0,0.00,1,Monsoon Wellness Drive,0
2024-07-08,28,SKU-HOU-004,100% Biodegradable Cornstarch Garbage Bags (30 pcs),Household Essentials,221,30940.0,0,0.00,1,Monsoon Wellness Drive,0
2024-07-08,28,SKU-HOU-005,Lemon Blossom Grease-Cutting Dishwash Gel 750ml,Household Essentials,241,37355.0,0,0.00,1,Monsoon Wellness Drive,0
2024-07-08,28,SKU-HOU-006,Lavender Aromatherapy Mosquito Repellent Vaporizer Pack,Household Essentials,118,23482.0,0,0.00,1,Monsoon Wellness Drive,0
2024-07-15,29,SKU-GRO-001,Royal Basmati Rice 5kg,Staples & Groceries,151,90449.0,0,0.00,0,None,0
2024-07-15,29,SKU-GRO-002,Sharbati Whole Wheat Atta 10kg,Staples & Groceries,190,82650.0,0,0.00,0,None,0
2024-07-15,29,SKU-GRO-003,Cold-Pressed Mustard Oil 1L,Staples & Groceries,168,32760.0,0,0.00,0,None,0
2024-07-15,29,SKU-GRO-004,Organic Toor Dal 2kg,Staples & Groceries,150,41250.0,0,0.00,0,None,0
2024-07-15,29,SKU-GRO-005,Refined Sulphur-Free Sugar 5kg,Staples & Groceries,187,46563.0,0,0.00,0,None,0
2024-07-15,29,SKU-GRO-006,Assam Orthodox Whole Leaf Tea 500g,Staples & Groceries,109,39240.0,0,0.00,0,None,0
2024-07-15,29,SKU-BEV-001,Authentic Masala Chai Premix 1kg,Beverages & Dairy,93,44640.0,0,0.00,0,None,0
2024-07-15,29,SKU-BEV-002,Artisanal Cold Brew Coffee 250ml (Pack of 6),Beverages & Dairy,54,29646.0,0,0.00,0,None,0
2024-07-15,29,SKU-BEV-003,Alphonso Mango Pulp Tin 850g,Beverages & Dairy,135,29700.0,0,0.00,0,None,0
2024-07-15,29,SKU-BEV-004,Sparkling Botanical Tonic Water 250ml,Beverages & Dairy,246,20910.0,0,0.00,0,None,0
2024-07-15,29,SKU-BEV-005,Roasted Almond Badam Milk Mix 500g,Beverages & Dairy,52,16380.0,0,0.00,0,None,0
2024-07-15,29,SKU-BEV-006,Tender Coconut Water Tetrapack 200ml (12-pk),Beverages & Dairy,177,74340.0,0,0.00,0,None,0
2024-07-15,29,SKU-SNK-001,Peri Peri Roasted Foxnut Makhana 150g,Snacks & Packaged Foods,141,26649.0,0,0.00,0,None,0
2024-07-15,29,SKU-SNK-002,Dark Chocolate Quinoa Granola 400g,Snacks & Packaged Foods,139,48511.0,0,0.00,0,None,0
2024-07-15,29,SKU-SNK-003,Multigrain Roasted Nachos 200g,Snacks & Packaged Foods,237,23463.0,0,0.00,0,None,0
2024-07-15,29,SKU-SNK-004,Handcrafted Kaju Katli Gift Box 500g,Snacks & Packaged Foods,41,24559.0,0,0.00,0,None,0
2024-07-15,29,SKU-SNK-005,Baked Oats Digestive Biscuits 300g,Snacks & Packaged Foods,181,12308.0,1,0.15,0,None,0
2024-07-15,29,SKU-SNK-006,Gourmet Salted Pistachios 250g,Snacks & Packaged Foods,76,28424.0,1,0.15,0,None,0
2024-07-15,29,SKU-PER-001,Bhringraj & Onion Hair Fall Control Shampoo 300ml,Personal Care,120,35880.0,0,0.00,0,None,0
2024-07-15,29,SKU-PER-002,Neem & Salicylic Acid Clarifying Face Wash 150ml,Personal Care,107,19099.5,1,0.15,0,None,0
2024-07-15,29,SKU-PER-003,Matte Gel Sunscreen SPF 50 PA++++ 50g,Personal Care,80,35920.0,0,0.00,0,None,0
2024-07-15,29,SKU-PER-004,Deep Cleansing Activated Bamboo Charcoal Soap 125g,Personal Care,134,11926.0,0,0.00,0,None,0
2024-07-15,29,SKU-PER-005,Cedarwood & Argan Nourishing Beard Oil 30ml,Personal Care,44,12540.0,0,0.00,0,None,0
2024-07-15,29,SKU-PER-006,Hydrating Rose Water Face Toner Mist 200ml,Personal Care,73,14235.0,0,0.00,0,None,0
2024-07-15,29,SKU-HOU-001,Citrus Herbal Anti-Bacterial Floor Cleaner 2L,Household Essentials,167,38410.0,0,0.00,0,None,0
2024-07-15,29,SKU-HOU-002,Concentrated Enzymatic Liquid Laundry Detergent 1L,Household Essentials,200,55800.0,0,0.00,0,None,0
2024-07-15,29,SKU-HOU-003,Multi-Surface Disinfectant Surface Spray 500ml,Household Essentials,156,25740.0,0,0.00,0,None,0
2024-07-15,29,SKU-HOU-004,100% Biodegradable Cornstarch Garbage Bags (30 pcs),Household Essentials,221,30940.0,0,0.00,0,None,0
2024-07-15,29,SKU-HOU-005,Lemon Blossom Grease-Cutting Dishwash Gel 750ml,Household Essentials,328,43214.0,1,0.15,0,None,0
2024-07-15,29,SKU-HOU-006,Lavender Aromatherapy Mosquito Repellent Vaporizer Pack,Household Essentials,74,14726.0,0,0.00,0,None,0
2024-07-22,30,SKU-GRO-001,Royal Basmati Rice 5kg,Staples & Groceries,154,92246.0,0,0.00,0,None,0
2024-07-22,30,SKU-GRO-002,Sharbati Whole Wheat Atta 10kg,Staples & Groceries,223,97005.0,0,0.00,0,None,0
2024-07-22,30,SKU-GRO-003,Cold-Pressed Mustard Oil 1L,Staples & Groceries,171,28343.25,1,0.15,0,None,0
2024-07-22,30,SKU-GRO-004,Organic Toor Dal 2kg,Staples & Groceries,122,33550.0,0,0.00,0,None,0
2024-07-22,30,SKU-GRO-005,Refined Sulphur-Free Sugar 5kg,Staples & Groceries,158,39342.0,0,0.00,0,None,0
2024-07-22,30,SKU-GRO-006,Assam Orthodox Whole Leaf Tea 500g,Staples & Groceries,110,39600.0,0,0.00,0,None,0
2024-07-22,30,SKU-BEV-001,Authentic Masala Chai Premix 1kg,Beverages & Dairy,92,44160.0,0,0.00,0,None,0
2024-07-22,30,SKU-BEV-002,Artisanal Cold Brew Coffee 250ml (Pack of 6),Beverages & Dairy,42,23058.0,0,0.00,0,None,0
2024-07-22,30,SKU-BEV-003,Alphonso Mango Pulp Tin 850g,Beverages & Dairy,79,17380.0,0,0.00,0,None,0
2024-07-22,30,SKU-BEV-004,Sparkling Botanical Tonic Water 250ml,Beverages & Dairy,192,16320.0,0,0.00,0,None,0
2024-07-22,30,SKU-BEV-005,Roasted Almond Badam Milk Mix 500g,Beverages & Dairy,83,22223.25,1,0.15,0,None,0
2024-07-22,30,SKU-BEV-006,Tender Coconut Water Tetrapack 200ml (12-pk),Beverages & Dairy,146,61320.0,0,0.00,0,None,0
2024-07-22,30,SKU-SNK-001,Peri Peri Roasted Foxnut Makhana 150g,Snacks & Packaged Foods,147,27783.0,0,0.00,0,None,0
2024-07-22,30,SKU-SNK-002,Dark Chocolate Quinoa Granola 400g,Snacks & Packaged Foods,113,39437.0,0,0.00,0,None,0
2024-07-22,30,SKU-SNK-003,Multigrain Roasted Nachos 200g,Snacks & Packaged Foods,182,18018.0,0,0.00,0,None,0
2024-07-22,30,SKU-SNK-004,Handcrafted Kaju Katli Gift Box 500g,Snacks & Packaged Foods,60,35940.0,0,0.00,0,None,0
2024-07-22,30,SKU-SNK-005,Baked Oats Digestive Biscuits 300g,Snacks & Packaged Foods,186,14880.0,0,0.00,0,None,0
2024-07-22,30,SKU-SNK-006,Gourmet Salted Pistachios 250g,Snacks & Packaged Foods,57,25080.0,0,0.00,0,None,0
2024-07-22,30,SKU-PER-001,Bhringraj & Onion Hair Fall Control Shampoo 300ml,Personal Care,138,35072.7,1,0.15,0,None,0
2024-07-22,30,SKU-PER-002,Neem & Salicylic Acid Clarifying Face Wash 150ml,Personal Care,153,32130.0,0,0.00,0,None,0
2024-07-22,30,SKU-PER-003,Matte Gel Sunscreen SPF 50 PA++++ 50g,Personal Care,71,31879.0,0,0.00,0,None,0
2024-07-22,30,SKU-PER-004,Deep Cleansing Activated Bamboo Charcoal Soap 125g,Personal Care,191,14449.15,1,0.15,0,None,0
2024-07-22,30,SKU-PER-005,Cedarwood & Argan Nourishing Beard Oil 30ml,Personal Care,5,1425.0,0,0.00,0,None,0
2024-07-22,30,SKU-PER-006,Hydrating Rose Water Face Toner Mist 200ml,Personal Care,92,15249.0,1,0.15,0,None,0
2024-07-22,30,SKU-HOU-001,Citrus Herbal Anti-Bacterial Floor Cleaner 2L,Household Essentials,132,30360.0,0,0.00,0,None,0
2024-07-22,30,SKU-HOU-002,Concentrated Enzymatic Liquid Laundry Detergent 1L,Household Essentials,177,49383.0,0,0.00,0,None,0
2024-07-22,30,SKU-HOU-003,Multi-Surface Disinfectant Surface Spray 500ml,Household Essentials,85,14025.0,0,0.00,0,None,0
2024-07-22,30,SKU-HOU-004,100% Biodegradable Cornstarch Garbage Bags (30 pcs),Household Essentials,175,24500.0,0,0.00,0,None,0
2024-07-22,30,SKU-HOU-005,Lemon Blossom Grease-Cutting Dishwash Gel 750ml,Household Essentials,200,31000.0,0,0.00,0,None,0
2024-07-22,30,SKU-HOU-006,Lavender Aromatherapy Mosquito Repellent Vaporizer Pack,Household Essentials,96,19104.0,0,0.00,0,None,0
2024-07-29,31,SKU-GRO-001,Royal Basmati Rice 5kg,Staples & Groceries,96,57504.0,0,0.00,0,None,0
2024-07-29,31,SKU-GRO-002,Sharbati Whole Wheat Atta 10kg,Staples & Groceries,190,82650.0,0,0.00,0,None,0
2024-07-29,31,SKU-GRO-003,Cold-Pressed Mustard Oil 1L,Staples & Groceries,176,34320.0,0,0.00,0,None,0
2024-07-29,31,SKU-GRO-004,Organic Toor Dal 2kg,Staples & Groceries,108,29700.0,0,0.00,0,None,0
2024-07-29,31,SKU-GRO-005,Refined Sulphur-Free Sugar 5kg,Staples & Groceries,153,38097.0,0,0.00,0,None,0
2024-07-29,31,SKU-GRO-006,Assam Orthodox Whole Leaf Tea 500g,Staples & Groceries,118,42480.0,0,0.00,0,None,0
2024-07-29,31,SKU-BEV-001,Authentic Masala Chai Premix 1kg,Beverages & Dairy,87,41760.0,0,0.00,0,None,0
2024-07-29,31,SKU-BEV-002,Artisanal Cold Brew Coffee 250ml (Pack of 6),Beverages & Dairy,58,31842.0,0,0.00,0,None,0
2024-07-29,31,SKU-BEV-003,Alphonso Mango Pulp Tin 850g,Beverages & Dairy,95,20900.0,0,0.00,0,None,0
2024-07-29,31,SKU-BEV-004,Sparkling Botanical Tonic Water 250ml,Beverages & Dairy,166,11993.5,1,0.15,0,None,0
2024-07-29,31,SKU-BEV-005,Roasted Almond Badam Milk Mix 500g,Beverages & Dairy,118,37170.0,0,0.00,0,None,0
2024-07-29,31,SKU-BEV-006,Tender Coconut Water Tetrapack 200ml (12-pk),Beverages & Dairy,77,27489.0,1,0.15,0,None,0
2024-07-29,31,SKU-SNK-001,Peri Peri Roasted Foxnut Makhana 150g,Snacks & Packaged Foods,257,48573.0,0,0.00,0,None,0
2024-07-29,31,SKU-SNK-002,Dark Chocolate Quinoa Granola 400g,Snacks & Packaged Foods,81,24028.65,1,0.15,0,None,0
2024-07-29,31,SKU-SNK-003,Multigrain Roasted Nachos 200g,Snacks & Packaged Foods,231,22869.0,0,0.00,0,None,0
2024-07-29,31,SKU-SNK-004,Handcrafted Kaju Katli Gift Box 500g,Snacks & Packaged Foods,61,31058.15,1,0.15,0,None,0
2024-07-29,31,SKU-SNK-005,Baked Oats Digestive Biscuits 300g,Snacks & Packaged Foods,122,9760.0,0,0.00,0,None,0
2024-07-29,31,SKU-SNK-006,Gourmet Salted Pistachios 250g,Snacks & Packaged Foods,119,52360.0,0,0.00,0,None,0
2024-07-29,31,SKU-PER-001,Bhringraj & Onion Hair Fall Control Shampoo 300ml,Personal Care,150,44850.0,0,0.00,0,None,0
2024-07-29,31,SKU-PER-002,Neem & Salicylic Acid Clarifying Face Wash 150ml,Personal Care,108,22680.0,0,0.00,0,None,0
2024-07-29,31,SKU-PER-003,Matte Gel Sunscreen SPF 50 PA++++ 50g,Personal Care,117,52533.0,0,0.00,0,None,0
2024-07-29,31,SKU-PER-004,Deep Cleansing Activated Bamboo Charcoal Soap 125g,Personal Care,148,13172.0,0,0.00,0,None,0
2024-07-29,31,SKU-PER-005,Cedarwood & Argan Nourishing Beard Oil 30ml,Personal Care,63,15261.75,1,0.15,0,None,0
2024-07-29,31,SKU-PER-006,Hydrating Rose Water Face Toner Mist 200ml,Personal Care,113,22035.0,0,0.00,0,None,0
2024-07-29,31,SKU-HOU-001,Citrus Herbal Anti-Bacterial Floor Cleaner 2L,Household Essentials,154,35420.0,0,0.00,0,None,0
2024-07-29,31,SKU-HOU-002,Concentrated Enzymatic Liquid Laundry Detergent 1L,Household Essentials,183,51057.0,0,0.00,0,None,0
2024-07-29,31,SKU-HOU-003,Multi-Surface Disinfectant Surface Spray 500ml,Household Essentials,143,23595.0,0,0.00,0,None,0
2024-07-29,31,SKU-HOU-004,100% Biodegradable Cornstarch Garbage Bags (30 pcs),Household Essentials,150,21000.0,0,0.00,0,None,0
2024-07-29,31,SKU-HOU-005,Lemon Blossom Grease-Cutting Dishwash Gel 750ml,Household Essentials,206,31930.0,0,0.00,0,None,0
2024-07-29,31,SKU-HOU-006,Lavender Aromatherapy Mosquito Repellent Vaporizer Pack,Household Essentials,138,27462.0,0,0.00,0,None,0
2024-08-05,32,SKU-GRO-001,Royal Basmati Rice 5kg,Staples & Groceries,140,83860.0,0,0.00,0,None,0
2024-08-05,32,SKU-GRO-002,Sharbati Whole Wheat Atta 10kg,Staples & Groceries,224,97440.0,0,0.00,0,None,0
2024-08-05,32,SKU-GRO-003,Cold-Pressed Mustard Oil 1L,Staples & Groceries,138,26910.0,0,0.00,0,None,0
2024-08-05,32,SKU-GRO-004,Organic Toor Dal 2kg,Staples & Groceries,152,41800.0,0,0.00,0,None,0
2024-08-05,32,SKU-GRO-005,Refined Sulphur-Free Sugar 5kg,Staples & Groceries,212,44869.8,1,0.15,0,None,0
2024-08-05,32,SKU-GRO-006,Assam Orthodox Whole Leaf Tea 500g,Staples & Groceries,113,34578.0,1,0.15,0,None,0
2024-08-05,32,SKU-BEV-001,Authentic Masala Chai Premix 1kg,Beverages & Dairy,90,43200.0,0,0.00,0,None,0
2024-08-05,32,SKU-BEV-002,Artisanal Cold Brew Coffee 250ml (Pack of 6),Beverages & Dairy,88,48312.0,0,0.00,0,None,0
2024-08-05,32,SKU-BEV-003,Alphonso Mango Pulp Tin 850g,Beverages & Dairy,90,16830.0,1,0.15,0,None,0
2024-08-05,32,SKU-BEV-004,Sparkling Botanical Tonic Water 250ml,Beverages & Dairy,157,13345.0,0,0.00,0,None,0
2024-08-05,32,SKU-BEV-005,Roasted Almond Badam Milk Mix 500g,Beverages & Dairy,58,18270.0,0,0.00,0,None,0
2024-08-05,32,SKU-BEV-006,Tender Coconut Water Tetrapack 200ml (12-pk),Beverages & Dairy,100,42000.0,0,0.00,0,None,0
2024-08-05,32,SKU-SNK-001,Peri Peri Roasted Foxnut Makhana 150g,Snacks & Packaged Foods,159,30051.0,0,0.00,0,None,0
2024-08-05,32,SKU-SNK-002,Dark Chocolate Quinoa Granola 400g,Snacks & Packaged Foods,52,18148.0,0,0.00,0,None,0
2024-08-05,32,SKU-SNK-003,Multigrain Roasted Nachos 200g,Snacks & Packaged Foods,178,14978.7,1,0.15,0,None,0
2024-08-05,32,SKU-SNK-004,Handcrafted Kaju Katli Gift Box 500g,Snacks & Packaged Foods,51,30549.0,0,0.00,0,None,0
2024-08-05,32,SKU-SNK-005,Baked Oats Digestive Biscuits 300g,Snacks & Packaged Foods,138,11040.0,0,0.00,0,None,0
2024-08-05,32,SKU-SNK-006,Gourmet Salted Pistachios 250g,Snacks & Packaged Foods,93,40920.0,0,0.00,0,None,0
2024-08-05,32,SKU-PER-001,Bhringraj & Onion Hair Fall Control Shampoo 300ml,Personal Care,77,23023.0,0,0.00,0,None,0
2024-08-05,32,SKU-PER-002,Neem & Salicylic Acid Clarifying Face Wash 150ml,Personal Care,143,30030.0,0,0.00,0,None,0
2024-08-05,32,SKU-PER-003,Matte Gel Sunscreen SPF 50 PA++++ 50g,Personal Care,145,65105.0,0,0.00,0,None,0
2024-08-05,32,SKU-PER-004,Deep Cleansing Activated Bamboo Charcoal Soap 125g,Personal Care,149,13261.0,0,0.00,0,None,0
2024-08-05,32,SKU-PER-005,Cedarwood & Argan Nourishing Beard Oil 30ml,Personal Care,46,13110.0,0,0.00,0,None,0
2024-08-05,32,SKU-PER-006,Hydrating Rose Water Face Toner Mist 200ml,Personal Care,96,18720.0,0,0.00,0,None,0
2024-08-05,32,SKU-HOU-001,Citrus Herbal Anti-Bacterial Floor Cleaner 2L,Household Essentials,209,40859.5,1,0.15,0,None,0
2024-08-05,32,SKU-HOU-002,Concentrated Enzymatic Liquid Laundry Detergent 1L,Household Essentials,305,72330.75,1,0.15,0,None,0
2024-08-05,32,SKU-HOU-003,Multi-Surface Disinfectant Surface Spray 500ml,Household Essentials,137,22605.0,0,0.00,0,None,0
2024-08-05,32,SKU-HOU-004,100% Biodegradable Cornstarch Garbage Bags (30 pcs),Household Essentials,150,21000.0,0,0.00,0,None,0
2024-08-05,32,SKU-HOU-005,Lemon Blossom Grease-Cutting Dishwash Gel 750ml,Household Essentials,226,35030.0,0,0.00,0,None,0
2024-08-05,32,SKU-HOU-006,Lavender Aromatherapy Mosquito Repellent Vaporizer Pack,Household Essentials,132,26268.0,0,0.00,0,None,0
2024-08-12,33,SKU-GRO-001,Royal Basmati Rice 5kg,Staples & Groceries,185,94192.75,1,0.15,1,Independence Day Freedom Sale,0
2024-08-12,33,SKU-GRO-002,Sharbati Whole Wheat Atta 10kg,Staples & Groceries,300,130500.0,0,0.00,1,Independence Day Freedom Sale,0
2024-08-12,33,SKU-GRO-003,Cold-Pressed Mustard Oil 1L,Staples & Groceries,227,44265.0,0,0.00,1,Independence Day Freedom Sale,0
2024-08-12,33,SKU-GRO-004,Organic Toor Dal 2kg,Staples & Groceries,213,49788.75,1,0.15,1,Independence Day Freedom Sale,0
2024-08-12,33,SKU-GRO-005,Refined Sulphur-Free Sugar 5kg,Staples & Groceries,224,55776.0,0,0.00,1,Independence Day Freedom Sale,0
2024-08-12,33,SKU-GRO-006,Assam Orthodox Whole Leaf Tea 500g,Staples & Groceries,116,41760.0,0,0.00,1,Independence Day Freedom Sale,0
2024-08-12,33,SKU-BEV-001,Authentic Masala Chai Premix 1kg,Beverages & Dairy,131,53448.0,1,0.15,1,Independence Day Freedom Sale,0
2024-08-12,33,SKU-BEV-002,Artisanal Cold Brew Coffee 250ml (Pack of 6),Beverages & Dairy,122,66978.0,0,0.00,1,Independence Day Freedom Sale,0
2024-08-12,33,SKU-BEV-003,Alphonso Mango Pulp Tin 850g,Beverages & Dairy,70,15400.0,0,0.00,1,Independence Day Freedom Sale,0
2024-08-12,33,SKU-BEV-004,Sparkling Botanical Tonic Water 250ml,Beverages & Dairy,138,11730.0,0,0.00,1,Independence Day Freedom Sale,0
2024-08-12,33,SKU-BEV-005,Roasted Almond Badam Milk Mix 500g,Beverages & Dairy,117,36855.0,0,0.00,1,Independence Day Freedom Sale,0
2024-08-12,33,SKU-BEV-006,Tender Coconut Water Tetrapack 200ml (12-pk),Beverages & Dairy,78,32760.0,0,0.00,1,Independence Day Freedom Sale,0
2024-08-12,33,SKU-SNK-001,Peri Peri Roasted Foxnut Makhana 150g,Snacks & Packaged Foods,173,32697.0,0,0.00,1,Independence Day Freedom Sale,0
2024-08-12,33,SKU-SNK-002,Dark Chocolate Quinoa Granola 400g,Snacks & Packaged Foods,78,27222.0,0,0.00,1,Independence Day Freedom Sale,0
2024-08-12,33,SKU-SNK-003,Multigrain Roasted Nachos 200g,Snacks & Packaged Foods,259,25641.0,0,0.00,1,Independence Day Freedom Sale,0
2024-08-12,33,SKU-SNK-004,Handcrafted Kaju Katli Gift Box 500g,Snacks & Packaged Foods,98,58702.0,0,0.00,1,Independence Day Freedom Sale,0
2024-08-12,33,SKU-SNK-005,Baked Oats Digestive Biscuits 300g,Snacks & Packaged Foods,177,14160.0,0,0.00,1,Independence Day Freedom Sale,0
2024-08-12,33,SKU-SNK-006,Gourmet Salted Pistachios 250g,Snacks & Packaged Foods,80,35200.0,0,0.00,1,Independence Day Freedom Sale,0
2024-08-12,33,SKU-PER-001,Bhringraj & Onion Hair Fall Control Shampoo 300ml,Personal Care,124,37076.0,0,0.00,1,Independence Day Freedom Sale,0
2024-08-12,33,SKU-PER-002,Neem & Salicylic Acid Clarifying Face Wash 150ml,Personal Care,125,26250.0,0,0.00,1,Independence Day Freedom Sale,0
2024-08-12,33,SKU-PER-003,Matte Gel Sunscreen SPF 50 PA++++ 50g,Personal Care,128,57472.0,0,0.00,1,Independence Day Freedom Sale,0
2024-08-12,33,SKU-PER-004,Deep Cleansing Activated Bamboo Charcoal Soap 125g,Personal Care,206,18334.0,0,0.00,1,Independence Day Freedom Sale,0
2024-08-12,33,SKU-PER-005,Cedarwood & Argan Nourishing Beard Oil 30ml,Personal Care,47,13395.0,0,0.00,1,Independence Day Freedom Sale,0
2024-08-12,33,SKU-PER-006,Hydrating Rose Water Face Toner Mist 200ml,Personal Care,91,17745.0,0,0.00,1,Independence Day Freedom Sale,0
2024-08-12,33,SKU-HOU-001,Citrus Herbal Anti-Bacterial Floor Cleaner 2L,Household Essentials,203,46690.0,0,0.00,1,Independence Day Freedom Sale,2
2024-08-12,33,SKU-HOU-002,Concentrated Enzymatic Liquid Laundry Detergent 1L,Household Essentials,183,51057.0,0,0.00,1,Independence Day Freedom Sale,0
2024-08-12,33,SKU-HOU-003,Multi-Surface Disinfectant Surface Spray 500ml,Household Essentials,126,20790.0,0,0.00,1,Independence Day Freedom Sale,0
2024-08-12,33,SKU-HOU-004,100% Biodegradable Cornstarch Garbage Bags (30 pcs),Household Essentials,273,32487.0,1,0.15,1,Independence Day Freedom Sale,0
2024-08-12,33,SKU-HOU-005,Lemon Blossom Grease-Cutting Dishwash Gel 750ml,Household Essentials,257,39835.0,0,0.00,1,Independence Day Freedom Sale,0
2024-08-12,33,SKU-HOU-006,Lavender Aromatherapy Mosquito Repellent Vaporizer Pack,Household Essentials,165,32835.0,0,0.00,1,Independence Day Freedom Sale,0
2024-08-19,34,SKU-GRO-001,Royal Basmati Rice 5kg,Staples & Groceries,140,83860.0,0,0.00,0,None,0
2024-08-19,34,SKU-GRO-002,Sharbati Whole Wheat Atta 10kg,Staples & Groceries,160,69600.0,0,0.00,0,None,0
2024-08-19,34,SKU-GRO-003,Cold-Pressed Mustard Oil 1L,Staples & Groceries,155,30225.0,0,0.00,0,None,0
2024-08-19,34,SKU-GRO-004,Organic Toor Dal 2kg,Staples & Groceries,163,44825.0,0,0.00,0,None,0
2024-08-19,34,SKU-GRO-005,Refined Sulphur-Free Sugar 5kg,Staples & Groceries,169,42081.0,0,0.00,0,None,0
2024-08-19,34,SKU-GRO-006,Assam Orthodox Whole Leaf Tea 500g,Staples & Groceries,58,20880.0,0,0.00,0,None,0
2024-08-19,34,SKU-BEV-001,Authentic Masala Chai Premix 1kg,Beverages & Dairy,143,68640.0,0,0.00,0,None,0
2024-08-19,34,SKU-BEV-002,Artisanal Cold Brew Coffee 250ml (Pack of 6),Beverages & Dairy,68,37332.0,0,0.00,0,None,0
2024-08-19,34,SKU-BEV-003,Alphonso Mango Pulp Tin 850g,Beverages & Dairy,32,7040.0,0,0.00,0,None,0
2024-08-19,34,SKU-BEV-004,Sparkling Botanical Tonic Water 250ml,Beverages & Dairy,119,10115.0,0,0.00,0,None,0
2024-08-19,34,SKU-BEV-005,Roasted Almond Badam Milk Mix 500g,Beverages & Dairy,56,17640.0,0,0.00,0,None,0
2024-08-19,34,SKU-BEV-006,Tender Coconut Water Tetrapack 200ml (12-pk),Beverages & Dairy,75,31500.0,0,0.00,0,None,0
2024-08-19,34,SKU-SNK-001,Peri Peri Roasted Foxnut Makhana 150g,Snacks & Packaged Foods,174,27953.1,1,0.15,0,None,0
2024-08-19,34,SKU-SNK-002,Dark Chocolate Quinoa Granola 400g,Snacks & Packaged Foods,67,23383.0,0,0.00,0,None,0
2024-08-19,34,SKU-SNK-003,Multigrain Roasted Nachos 200g,Snacks & Packaged Foods,153,15147.0,0,0.00,0,None,0
2024-08-19,34,SKU-SNK-004,Handcrafted Kaju Katli Gift Box 500g,Snacks & Packaged Foods,56,33544.0,0,0.00,0,None,0
2024-08-19,34,SKU-SNK-005,Baked Oats Digestive Biscuits 300g,Snacks & Packaged Foods,136,10880.0,0,0.00,0,None,0
2024-08-19,34,SKU-SNK-006,Gourmet Salted Pistachios 250g,Snacks & Packaged Foods,73,32120.0,0,0.00,0,None,0
2024-08-19,34,SKU-PER-001,Bhringraj & Onion Hair Fall Control Shampoo 300ml,Personal Care,100,29900.0,0,0.00,0,None,0
2024-08-19,34,SKU-PER-002,Neem & Salicylic Acid Clarifying Face Wash 150ml,Personal Care,129,27090.0,0,0.00,0,None,0
2024-08-19,34,SKU-PER-003,Matte Gel Sunscreen SPF 50 PA++++ 50g,Personal Care,60,26940.0,0,0.00,0,None,0
2024-08-19,34,SKU-PER-004,Deep Cleansing Activated Bamboo Charcoal Soap 125g,Personal Care,130,11570.0,0,0.00,0,None,0
2024-08-19,34,SKU-PER-005,Cedarwood & Argan Nourishing Beard Oil 30ml,Personal Care,52,14820.0,0,0.00,0,None,0
2024-08-19,34,SKU-PER-006,Hydrating Rose Water Face Toner Mist 200ml,Personal Care,90,17550.0,0,0.00,0,None,0
2024-08-19,34,SKU-HOU-001,Citrus Herbal Anti-Bacterial Floor Cleaner 2L,Household Essentials,154,35420.0,0,0.00,0,None,0
2024-08-19,34,SKU-HOU-002,Concentrated Enzymatic Liquid Laundry Detergent 1L,Household Essentials,189,52731.0,0,0.00,0,None,0
2024-08-19,34,SKU-HOU-003,Multi-Surface Disinfectant Surface Spray 500ml,Household Essentials,174,24403.5,1,0.15,0,None,0
2024-08-19,34,SKU-HOU-004,100% Biodegradable Cornstarch Garbage Bags (30 pcs),Household Essentials,181,25340.0,0,0.00,0,None,0
2024-08-19,34,SKU-HOU-005,Lemon Blossom Grease-Cutting Dishwash Gel 750ml,Household Essentials,188,29140.0,0,0.00,0,None,0
2024-08-19,34,SKU-HOU-006,Lavender Aromatherapy Mosquito Repellent Vaporizer Pack,Household Essentials,113,19113.95,1,0.15,0,None,0
2024-08-26,35,SKU-GRO-001,Royal Basmati Rice 5kg,Staples & Groceries,123,73677.0,0,0.00,0,None,0
2024-08-26,35,SKU-GRO-002,Sharbati Whole Wheat Atta 10kg,Staples & Groceries,326,120538.5,1,0.15,0,None,0
2024-08-26,35,SKU-GRO-003,Cold-Pressed Mustard Oil 1L,Staples & Groceries,146,28470.0,0,0.00,0,None,0
2024-08-26,35,SKU-GRO-004,Organic Toor Dal 2kg,Staples & Groceries,88,24200.0,0,0.00,0,None,0
2024-08-26,35,SKU-GRO-005,Refined Sulphur-Free Sugar 5kg,Staples & Groceries,150,37350.0,0,0.00,0,None,0
2024-08-26,35,SKU-GRO-006,Assam Orthodox Whole Leaf Tea 500g,Staples & Groceries,64,23040.0,0,0.00,0,None,0
2024-08-26,35,SKU-BEV-001,Authentic Masala Chai Premix 1kg,Beverages & Dairy,103,49440.0,0,0.00,0,None,0
2024-08-26,35,SKU-BEV-002,Artisanal Cold Brew Coffee 250ml (Pack of 6),Beverages & Dairy,115,53664.75,1,0.15,0,None,0
2024-08-26,35,SKU-BEV-003,Alphonso Mango Pulp Tin 850g,Beverages & Dairy,63,13860.0,0,0.00,0,None,0
2024-08-26,35,SKU-BEV-004,Sparkling Botanical Tonic Water 250ml,Beverages & Dairy,170,14450.0,0,0.00,0,None,0
2024-08-26,35,SKU-BEV-005,Roasted Almond Badam Milk Mix 500g,Beverages & Dairy,73,22995.0,0,0.00,0,None,0
2024-08-26,35,SKU-BEV-006,Tender Coconut Water Tetrapack 200ml (12-pk),Beverages & Dairy,62,26040.0,0,0.00,0,None,0
2024-08-26,35,SKU-SNK-001,Peri Peri Roasted Foxnut Makhana 150g,Snacks & Packaged Foods,167,31563.0,0,0.00,0,None,0
2024-08-26,35,SKU-SNK-002,Dark Chocolate Quinoa Granola 400g,Snacks & Packaged Foods,108,37692.0,0,0.00,0,None,0
2024-08-26,35,SKU-SNK-003,Multigrain Roasted Nachos 200g,Snacks & Packaged Foods,177,17523.0,0,0.00,0,None,0
2024-08-26,35,SKU-SNK-004,Handcrafted Kaju Katli Gift Box 500g,Snacks & Packaged Foods,38,22762.0,0,0.00,0,None,0
2024-08-26,35,SKU-SNK-005,Baked Oats Digestive Biscuits 300g,Snacks & Packaged Foods,130,10400.0,0,0.00,0,None,0
2024-08-26,35,SKU-SNK-006,Gourmet Salted Pistachios 250g,Snacks & Packaged Foods,44,19360.0,0,0.00,0,None,0
2024-08-26,35,SKU-PER-001,Bhringraj & Onion Hair Fall Control Shampoo 300ml,Personal Care,92,27508.0,0,0.00,0,None,0
2024-08-26,35,SKU-PER-002,Neem & Salicylic Acid Clarifying Face Wash 150ml,Personal Care,117,24570.0,0,0.00,0,None,0
2024-08-26,35,SKU-PER-003,Matte Gel Sunscreen SPF 50 PA++++ 50g,Personal Care,82,31295.3,1,0.15,0,None,0
2024-08-26,35,SKU-PER-004,Deep Cleansing Activated Bamboo Charcoal Soap 125g,Personal Care,169,15041.0,0,0.00,0,None,0
2024-08-26,35,SKU-PER-005,Cedarwood & Argan Nourishing Beard Oil 30ml,Personal Care,36,10260.0,0,0.00,0,None,0
2024-08-26,35,SKU-PER-006,Hydrating Rose Water Face Toner Mist 200ml,Personal Care,56,10920.0,0,0.00,0,None,0
2024-08-26,35,SKU-HOU-001,Citrus Herbal Anti-Bacterial Floor Cleaner 2L,Household Essentials,139,31970.0,0,0.00,0,None,0
2024-08-26,35,SKU-HOU-002,Concentrated Enzymatic Liquid Laundry Detergent 1L,Household Essentials,185,51615.0,0,0.00,0,None,0
2024-08-26,35,SKU-HOU-003,Multi-Surface Disinfectant Surface Spray 500ml,Household Essentials,163,26895.0,0,0.00,0,None,0
2024-08-26,35,SKU-HOU-004,100% Biodegradable Cornstarch Garbage Bags (30 pcs),Household Essentials,144,20160.0,0,0.00,0,None,0
2024-08-26,35,SKU-HOU-005,Lemon Blossom Grease-Cutting Dishwash Gel 750ml,Household Essentials,197,30535.0,0,0.00,0,None,0
2024-08-26,35,SKU-HOU-006,Lavender Aromatherapy Mosquito Repellent Vaporizer Pack,Household Essentials,123,24477.0,0,0.00,0,None,0
2024-09-02,36,SKU-GRO-001,Royal Basmati Rice 5kg,Staples & Groceries,157,94043.0,0,0.00,0,None,0
2024-09-02,36,SKU-GRO-002,Sharbati Whole Wheat Atta 10kg,Staples & Groceries,226,98310.0,0,0.00,0,None,0
2024-09-02,36,SKU-GRO-003,Cold-Pressed Mustard Oil 1L,Staples & Groceries,153,29835.0,0,0.00,0,None,0
2024-09-02,36,SKU-GRO-004,Organic Toor Dal 2kg,Staples & Groceries,140,38500.0,0,0.00,0,None,0
2024-09-02,36,SKU-GRO-005,Refined Sulphur-Free Sugar 5kg,Staples & Groceries,206,51294.0,0,0.00,0,None,0
2024-09-02,36,SKU-GRO-006,Assam Orthodox Whole Leaf Tea 500g,Staples & Groceries,74,26640.0,0,0.00,0,None,0
2024-09-02,36,SKU-BEV-001,Authentic Masala Chai Premix 1kg,Beverages & Dairy,87,41760.0,0,0.00,0,None,0
2024-09-02,36,SKU-BEV-002,Artisanal Cold Brew Coffee 250ml (Pack of 6),Beverages & Dairy,65,35685.0,0,0.00,0,None,0
2024-09-02,36,SKU-BEV-003,Alphonso Mango Pulp Tin 850g,Beverages & Dairy,47,10340.0,0,0.00,0,None,0
2024-09-02,36,SKU-BEV-004,Sparkling Botanical Tonic Water 250ml,Beverages & Dairy,129,10965.0,0,0.00,0,None,0
2024-09-02,36,SKU-BEV-005,Roasted Almond Badam Milk Mix 500g,Beverages & Dairy,30,9450.0,0,0.00,0,None,0
2024-09-02,36,SKU-BEV-006,Tender Coconut Water Tetrapack 200ml (12-pk),Beverages & Dairy,147,61740.0,0,0.00,0,None,0
2024-09-02,36,SKU-SNK-001,Peri Peri Roasted Foxnut Makhana 150g,Snacks & Packaged Foods,128,24192.0,0,0.00,0,None,0
2024-09-02,36,SKU-SNK-002,Dark Chocolate Quinoa Granola 400g,Snacks & Packaged Foods,83,28967.0,0,0.00,0,None,0
2024-09-02,36,SKU-SNK-003,Multigrain Roasted Nachos 200g,Snacks & Packaged Foods,139,13761.0,0,0.00,0,None,0
2024-09-02,36,SKU-SNK-004,Handcrafted Kaju Katli Gift Box 500g,Snacks & Packaged Foods,82,49118.0,0,0.00,0,None,0
2024-09-02,36,SKU-SNK-005,Baked Oats Digestive Biscuits 300g,Snacks & Packaged Foods,151,10268.0,1,0.15,0,None,0
2024-09-02,36,SKU-SNK-006,Gourmet Salted Pistachios 250g,Snacks & Packaged Foods,81,30294.0,1,0.15,0,None,0
2024-09-02,36,SKU-PER-001,Bhringraj & Onion Hair Fall Control Shampoo 300ml,Personal Care,111,33189.0,0,0.00,0,None,0
2024-09-02,36,SKU-PER-002,Neem & Salicylic Acid Clarifying Face Wash 150ml,Personal Care,150,26775.0,1,0.15,0,None,0
2024-09-02,36,SKU-PER-003,Matte Gel Sunscreen SPF 50 PA++++ 50g,Personal Care,136,61064.0,0,0.00,0,None,0
2024-09-02,36,SKU-PER-004,Deep Cleansing Activated Bamboo Charcoal Soap 125g,Personal Care,138,12282.0,0,0.00,0,None,0
2024-09-02,36,SKU-PER-005,Cedarwood & Argan Nourishing Beard Oil 30ml,Personal Care,21,5985.0,0,0.00,0,None,0
2024-09-02,36,SKU-PER-006,Hydrating Rose Water Face Toner Mist 200ml,Personal Care,55,10725.0,0,0.00,0,None,0
2024-09-02,36,SKU-HOU-001,Citrus Herbal Anti-Bacterial Floor Cleaner 2L,Household Essentials,114,26220.0,0,0.00,0,None,0
2024-09-02,36,SKU-HOU-002,Concentrated Enzymatic Liquid Laundry Detergent 1L,Household Essentials,146,40734.0,0,0.00,0,None,0
2024-09-02,36,SKU-HOU-003,Multi-Surface Disinfectant Surface Spray 500ml,Household Essentials,144,23760.0,0,0.00,0,None,0
2024-09-02,36,SKU-HOU-004,100% Biodegradable Cornstarch Garbage Bags (30 pcs),Household Essentials,115,16100.0,0,0.00,0,None,0
2024-09-02,36,SKU-HOU-005,Lemon Blossom Grease-Cutting Dishwash Gel 750ml,Household Essentials,198,26086.5,1,0.15,0,None,0
2024-09-02,36,SKU-HOU-006,Lavender Aromatherapy Mosquito Repellent Vaporizer Pack,Household Essentials,51,10149.0,0,0.00,0,None,0
2024-09-09,37,SKU-GRO-001,Royal Basmati Rice 5kg,Staples & Groceries,131,78469.0,0,0.00,0,None,0
2024-09-09,37,SKU-GRO-002,Sharbati Whole Wheat Atta 10kg,Staples & Groceries,181,78735.0,0,0.00,0,None,0
2024-09-09,37,SKU-GRO-003,Cold-Pressed Mustard Oil 1L,Staples & Groceries,219,36299.25,1,0.15,0,None,2
2024-09-09,37,SKU-GRO-004,Organic Toor Dal 2kg,Staples & Groceries,152,41800.0,0,0.00,0,None,0
2024-09-09,37,SKU-GRO-005,Refined Sulphur-Free Sugar 5kg,Staples & Groceries,161,40089.0,0,0.00,0,None,0
2024-09-09,37,SKU-GRO-006,Assam Orthodox Whole Leaf Tea 500g,Staples & Groceries,62,22320.0,0,0.00,0,None,0
2024-09-09,37,SKU-BEV-001,Authentic Masala Chai Premix 1kg,Beverages & Dairy,121,58080.0,0,0.00,0,None,0
2024-09-09,37,SKU-BEV-002,Artisanal Cold Brew Coffee 250ml (Pack of 6),Beverages & Dairy,86,47214.0,0,0.00,0,None,0
2024-09-09,37,SKU-BEV-003,Alphonso Mango Pulp Tin 850g,Beverages & Dairy,97,21340.0,0,0.00,0,None,0
2024-09-09,37,SKU-BEV-004,Sparkling Botanical Tonic Water 250ml,Beverages & Dairy,115,9775.0,0,0.00,0,None,0
2024-09-09,37,SKU-BEV-005,Roasted Almond Badam Milk Mix 500g,Beverages & Dairy,117,31326.75,1,0.15,0,None,0
2024-09-09,37,SKU-BEV-006,Tender Coconut Water Tetrapack 200ml (12-pk),Beverages & Dairy,109,45780.0,0,0.00,0,None,0
2024-09-09,37,SKU-SNK-001,Peri Peri Roasted Foxnut Makhana 150g,Snacks & Packaged Foods,197,37233.0,0,0.00,0,None,0
2024-09-09,37,SKU-SNK-002,Dark Chocolate Quinoa Granola 400g,Snacks & Packaged Foods,95,33155.0,0,0.00,0,None,0
2024-09-09,37,SKU-SNK-003,Multigrain Roasted Nachos 200g,Snacks & Packaged Foods,187,18513.0,0,0.00,0,None,0
2024-09-09,37,SKU-SNK-004,Handcrafted Kaju Katli Gift Box 500g,Snacks & Packaged Foods,5,2995.0,0,0.00,0,None,0
2024-09-09,37,SKU-SNK-005,Baked Oats Digestive Biscuits 300g,Snacks & Packaged Foods,152,12160.0,0,0.00,0,None,0
2024-09-09,37,SKU-SNK-006,Gourmet Salted Pistachios 250g,Snacks & Packaged Foods,62,27280.0,0,0.00,0,None,0
2024-09-09,37,SKU-PER-001,Bhringraj & Onion Hair Fall Control Shampoo 300ml,Personal Care,98,24906.7,1,0.15,0,None,0
2024-09-09,37,SKU-PER-002,Neem & Salicylic Acid Clarifying Face Wash 150ml,Personal Care,177,37170.0,0,0.00,0,None,0
2024-09-09,37,SKU-PER-003,Matte Gel Sunscreen SPF 50 PA++++ 50g,Personal Care,88,39512.0,0,0.00,0,None,0
2024-09-09,37,SKU-PER-004,Deep Cleansing Activated Bamboo Charcoal Soap 125g,Personal Care,162,12255.3,1,0.15,0,None,0
2024-09-09,37,SKU-PER-005,Cedarwood & Argan Nourishing Beard Oil 30ml,Personal Care,35,9975.0,0,0.00,0,None,0
2024-09-09,37,SKU-PER-006,Hydrating Rose Water Face Toner Mist 200ml,Personal Care,91,15083.25,1,0.15,0,None,0
2024-09-09,37,SKU-HOU-001,Citrus Herbal Anti-Bacterial Floor Cleaner 2L,Household Essentials,103,23690.0,0,0.00,0,None,0
2024-09-09,37,SKU-HOU-002,Concentrated Enzymatic Liquid Laundry Detergent 1L,Household Essentials,134,37386.0,0,0.00,0,None,0
2024-09-09,37,SKU-HOU-003,Multi-Surface Disinfectant Surface Spray 500ml,Household Essentials,122,20130.0,0,0.00,0,None,0
2024-09-09,37,SKU-HOU-004,100% Biodegradable Cornstarch Garbage Bags (30 pcs),Household Essentials,148,20720.0,0,0.00,0,None,0
2024-09-09,37,SKU-HOU-005,Lemon Blossom Grease-Cutting Dishwash Gel 750ml,Household Essentials,170,26350.0,0,0.00,0,None,0
2024-09-09,37,SKU-HOU-006,Lavender Aromatherapy Mosquito Repellent Vaporizer Pack,Household Essentials,110,21890.0,0,0.00,0,None,0
2024-09-16,38,SKU-GRO-001,Royal Basmati Rice 5kg,Staples & Groceries,133,79667.0,0,0.00,0,None,0
2024-09-16,38,SKU-GRO-002,Sharbati Whole Wheat Atta 10kg,Staples & Groceries,202,87870.0,0,0.00,0,None,0
2024-09-16,38,SKU-GRO-003,Cold-Pressed Mustard Oil 1L,Staples & Groceries,127,24765.0,0,0.00,0,None,0
2024-09-16,38,SKU-GRO-004,Organic Toor Dal 2kg,Staples & Groceries,109,29975.0,0,0.00,0,None,0
2024-09-16,38,SKU-GRO-005,Refined Sulphur-Free Sugar 5kg,Staples & Groceries,153,38097.0,0,0.00,0,None,0
2024-09-16,38,SKU-GRO-006,Assam Orthodox Whole Leaf Tea 500g,Staples & Groceries,95,34200.0,0,0.00,0,None,0
2024-09-16,38,SKU-BEV-001,Authentic Masala Chai Premix 1kg,Beverages & Dairy,143,68640.0,0,0.00,0,None,0
2024-09-16,38,SKU-BEV-002,Artisanal Cold Brew Coffee 250ml (Pack of 6),Beverages & Dairy,66,36234.0,0,0.00,0,None,0
2024-09-16,38,SKU-BEV-003,Alphonso Mango Pulp Tin 850g,Beverages & Dairy,91,20020.0,0,0.00,0,None,0
2024-09-16,38,SKU-BEV-004,Sparkling Botanical Tonic Water 250ml,Beverages & Dairy,209,15100.25,1,0.15,0,None,0
2024-09-16,38,SKU-BEV-005,Roasted Almond Badam Milk Mix 500g,Beverages & Dairy,49,15435.0,0,0.00,0,None,0
2024-09-16,38,SKU-BEV-006,Tender Coconut Water Tetrapack 200ml (12-pk),Beverages & Dairy,165,58905.0,1,0.15,0,None,0
2024-09-16,38,SKU-SNK-001,Peri Peri Roasted Foxnut Makhana 150g,Snacks & Packaged Foods,157,29673.0,0,0.00,0,None,0
2024-09-16,38,SKU-SNK-002,Dark Chocolate Quinoa Granola 400g,Snacks & Packaged Foods,137,40641.05,1,0.15,0,None,0
2024-09-16,38,SKU-SNK-003,Multigrain Roasted Nachos 200g,Snacks & Packaged Foods,182,18018.0,0,0.00,0,None,0
2024-09-16,38,SKU-SNK-004,Handcrafted Kaju Katli Gift Box 500g,Snacks & Packaged Foods,72,36658.8,1,0.15,0,None,0
2024-09-16,38,SKU-SNK-005,Baked Oats Digestive Biscuits 300g,Snacks & Packaged Foods,116,9280.0,0,0.00,0,None,0
2024-09-16,38,SKU-SNK-006,Gourmet Salted Pistachios 250g,Snacks & Packaged Foods,82,36080.0,0,0.00,0,None,0
2024-09-16,38,SKU-PER-001,Bhringraj & Onion Hair Fall Control Shampoo 300ml,Personal Care,87,26013.0,0,0.00,0,None,0
2024-09-16,38,SKU-PER-002,Neem & Salicylic Acid Clarifying Face Wash 150ml,Personal Care,170,35700.0,0,0.00,0,None,0
2024-09-16,38,SKU-PER-003,Matte Gel Sunscreen SPF 50 PA++++ 50g,Personal Care,120,53880.0,0,0.00,0,None,0
2024-09-16,38,SKU-PER-004,Deep Cleansing Activated Bamboo Charcoal Soap 125g,Personal Care,149,13261.0,0,0.00,0,None,0
2024-09-16,38,SKU-PER-005,Cedarwood & Argan Nourishing Beard Oil 30ml,Personal Care,27,6540.75,1,0.15,0,None,0
2024-09-16,38,SKU-PER-006,Hydrating Rose Water Face Toner Mist 200ml,Personal Care,127,24765.0,0,0.00,0,None,0
2024-09-16,38,SKU-HOU-001,Citrus Herbal Anti-Bacterial Floor Cleaner 2L,Household Essentials,116,26680.0,0,0.00,0,None,0
2024-09-16,38,SKU-HOU-002,Concentrated Enzymatic Liquid Laundry Detergent 1L,Household Essentials,137,38223.0,0,0.00,0,None,0
2024-09-16,38,SKU-HOU-003,Multi-Surface Disinfectant Surface Spray 500ml,Household Essentials,69,11385.0,0,0.00,0,None,0
2024-09-16,38,SKU-HOU-004,100% Biodegradable Cornstarch Garbage Bags (30 pcs),Household Essentials,178,24920.0,0,0.00,0,None,0
2024-09-16,38,SKU-HOU-005,Lemon Blossom Grease-Cutting Dishwash Gel 750ml,Household Essentials,135,20925.0,0,0.00,0,None,0
2024-09-16,38,SKU-HOU-006,Lavender Aromatherapy Mosquito Repellent Vaporizer Pack,Household Essentials,75,14925.0,0,0.00,0,None,0
2024-09-23,39,SKU-GRO-001,Royal Basmati Rice 5kg,Staples & Groceries,89,53311.0,0,0.00,0,None,0
2024-09-23,39,SKU-GRO-002,Sharbati Whole Wheat Atta 10kg,Staples & Groceries,181,78735.0,0,0.00,0,None,0
2024-09-23,39,SKU-GRO-003,Cold-Pressed Mustard Oil 1L,Staples & Groceries,126,24570.0,0,0.00,0,None,0
2024-09-23,39,SKU-GRO-004,Organic Toor Dal 2kg,Staples & Groceries,125,34375.0,0,0.00,0,None,0
2024-09-23,39,SKU-GRO-005,Refined Sulphur-Free Sugar 5kg,Staples & Groceries,216,45716.4,1,0.15,0,None,0
2024-09-23,39,SKU-GRO-006,Assam Orthodox Whole Leaf Tea 500g,Staples & Groceries,94,28764.0,1,0.15,0,None,0
2024-09-23,39,SKU-BEV-001,Authentic Masala Chai Premix 1kg,Beverages & Dairy,114,54720.0,0,0.00,0,None,0
2024-09-23,39,SKU-BEV-002,Artisanal Cold Brew Coffee 250ml (Pack of 6),Beverages & Dairy,107,58743.0,0,0.00,0,None,0
2024-09-23,39,SKU-BEV-003,Alphonso Mango Pulp Tin 850g,Beverages & Dairy,212,39644.0,1,0.15,0,None,0
2024-09-23,39,SKU-BEV-004,Sparkling Botanical Tonic Water 250ml,Beverages & Dairy,189,16065.0,0,0.00,0,None,0
2024-09-23,39,SKU-BEV-005,Roasted Almond Badam Milk Mix 500g,Beverages & Dairy,28,8820.0,0,0.00,0,None,0
2024-09-23,39,SKU-BEV-006,Tender Coconut Water Tetrapack 200ml (12-pk),Beverages & Dairy,110,46200.0,0,0.00,0,None,0
2024-09-23,39,SKU-SNK-001,Peri Peri Roasted Foxnut Makhana 150g,Snacks & Packaged Foods,167,31563.0,0,0.00,0,None,0
2024-09-23,39,SKU-SNK-002,Dark Chocolate Quinoa Granola 400g,Snacks & Packaged Foods,63,21987.0,0,0.00,0,None,0
2024-09-23,39,SKU-SNK-003,Multigrain Roasted Nachos 200g,Snacks & Packaged Foods,217,18260.55,1,0.15,0,None,0
2024-09-23,39,SKU-SNK-004,Handcrafted Kaju Katli Gift Box 500g,Snacks & Packaged Foods,34,20366.0,0,0.00,0,None,0
2024-09-23,39,SKU-SNK-005,Baked Oats Digestive Biscuits 300g,Snacks & Packaged Foods,112,8960.0,0,0.00,0,None,0
2024-09-23,39,SKU-SNK-006,Gourmet Salted Pistachios 250g,Snacks & Packaged Foods,80,35200.0,0,0.00,0,None,0
2024-09-23,39,SKU-PER-001,Bhringraj & Onion Hair Fall Control Shampoo 300ml,Personal Care,97,29003.0,0,0.00,0,None,0
2024-09-23,39,SKU-PER-002,Neem & Salicylic Acid Clarifying Face Wash 150ml,Personal Care,101,21210.0,0,0.00,0,None,0
2024-09-23,39,SKU-PER-003,Matte Gel Sunscreen SPF 50 PA++++ 50g,Personal Care,93,41757.0,0,0.00,0,None,0
2024-09-23,39,SKU-PER-004,Deep Cleansing Activated Bamboo Charcoal Soap 125g,Personal Care,134,11926.0,0,0.00,0,None,0
2024-09-23,39,SKU-PER-005,Cedarwood & Argan Nourishing Beard Oil 30ml,Personal Care,16,4560.0,0,0.00,0,None,0
2024-09-23,39,SKU-PER-006,Hydrating Rose Water Face Toner Mist 200ml,Personal Care,75,14625.0,0,0.00,0,None,0
2024-09-23,39,SKU-HOU-001,Citrus Herbal Anti-Bacterial Floor Cleaner 2L,Household Essentials,128,25024.0,1,0.15,0,None,0
2024-09-23,39,SKU-HOU-002,Concentrated Enzymatic Liquid Laundry Detergent 1L,Household Essentials,243,57627.45,1,0.15,0,None,0
2024-09-23,39,SKU-HOU-003,Multi-Surface Disinfectant Surface Spray 500ml,Household Essentials,98,16170.0,0,0.00,0,None,0
2024-09-23,39,SKU-HOU-004,100% Biodegradable Cornstarch Garbage Bags (30 pcs),Household Essentials,152,21280.0,0,0.00,0,None,0
2024-09-23,39,SKU-HOU-005,Lemon Blossom Grease-Cutting Dishwash Gel 750ml,Household Essentials,171,26505.0,0,0.00,0,None,0
2024-09-23,39,SKU-HOU-006,Lavender Aromatherapy Mosquito Repellent Vaporizer Pack,Household Essentials,89,17711.0,0,0.00,0,None,0
2024-09-30,40,SKU-GRO-001,Royal Basmati Rice 5kg,Staples & Groceries,168,85537.2,1,0.15,0,None,0
2024-09-30,40,SKU-GRO-002,Sharbati Whole Wheat Atta 10kg,Staples & Groceries,224,97440.0,0,0.00,0,None,0
2024-09-30,40,SKU-GRO-003,Cold-Pressed Mustard Oil 1L,Staples & Groceries,119,23205.0,0,0.00,0,None,0
2024-09-30,40,SKU-GRO-004,Organic Toor Dal 2kg,Staples & Groceries,159,37166.25,1,0.15,0,None,0
2024-09-30,40,SKU-GRO-005,Refined Sulphur-Free Sugar 5kg,Staples & Groceries,148,36852.0,0,0.00,0,None,0
2024-09-30,40,SKU-GRO-006,Assam Orthodox Whole Leaf Tea 500g,Staples & Groceries,122,43920.0,0,0.00,0,None,0
2024-09-30,40,SKU-BEV-001,Authentic Masala Chai Premix 1kg,Beverages & Dairy,117,47736.0,1,0.15,0,None,0
2024-09-30,40,SKU-BEV-002,Artisanal Cold Brew Coffee 250ml (Pack of 6),Beverages & Dairy,41,22509.0,0,0.00,0,None,0
2024-09-30,40,SKU-BEV-003,Alphonso Mango Pulp Tin 850g,Beverages & Dairy,74,16280.0,0,0.00,0,None,0
2024-09-30,40,SKU-BEV-004,Sparkling Botanical Tonic Water 250ml,Beverages & Dairy,161,13685.0,0,0.00,0,None,0
2024-09-30,40,SKU-BEV-005,Roasted Almond Badam Milk Mix 500g,Beverages & Dairy,75,23625.0,0,0.00,0,None,0
2024-09-30,40,SKU-BEV-006,Tender Coconut Water Tetrapack 200ml (12-pk),Beverages & Dairy,107,44940.0,0,0.00,0,None,0
2024-09-30,40,SKU-SNK-001,Peri Peri Roasted Foxnut Makhana 150g,Snacks & Packaged Foods,132,24948.0,0,0.00,0,None,0
2024-09-30,40,SKU-SNK-002,Dark Chocolate Quinoa Granola 400g,Snacks & Packaged Foods,65,22685.0,0,0.00,0,None,0
2024-09-30,40,SKU-SNK-003,Multigrain Roasted Nachos 200g,Snacks & Packaged Foods,193,19107.0,0,0.00,0,None,0
2024-09-30,40,SKU-SNK-004,Handcrafted Kaju Katli Gift Box 500g,Snacks & Packaged Foods,78,46722.0,0,0.00,0,None,0
2024-09-30,40,SKU-SNK-005,Baked Oats Digestive Biscuits 300g,Snacks & Packaged Foods,144,11520.0,0,0.00,0,None,0
2024-09-30,40,SKU-SNK-006,Gourmet Salted Pistachios 250g,Snacks & Packaged Foods,90,39600.0,0,0.00,0,None,0
2024-09-30,40,SKU-PER-001,Bhringraj & Onion Hair Fall Control Shampoo 300ml,Personal Care,142,42458.0,0,0.00,0,None,0
2024-09-30,40,SKU-PER-002,Neem & Salicylic Acid Clarifying Face Wash 150ml,Personal Care,161,33810.0,0,0.00,0,None,0
2024-09-30,40,SKU-PER-003,Matte Gel Sunscreen SPF 50 PA++++ 50g,Personal Care,69,30981.0,0,0.00,0,None,0
2024-09-30,40,SKU-PER-004,Deep Cleansing Activated Bamboo Charcoal Soap 125g,Personal Care,138,12282.0,0,0.00,0,None,0
2024-09-30,40,SKU-PER-005,Cedarwood & Argan Nourishing Beard Oil 30ml,Personal Care,23,6555.0,0,0.00,0,None,0
2024-09-30,40,SKU-PER-006,Hydrating Rose Water Face Toner Mist 200ml,Personal Care,58,11310.0,0,0.00,0,None,0
2024-09-30,40,SKU-HOU-001,Citrus Herbal Anti-Bacterial Floor Cleaner 2L,Household Essentials,103,23690.0,0,0.00,0,None,0
2024-09-30,40,SKU-HOU-002,Concentrated Enzymatic Liquid Laundry Detergent 1L,Household Essentials,199,55521.0,0,0.00,0,None,0
2024-09-30,40,SKU-HOU-003,Multi-Surface Disinfectant Surface Spray 500ml,Household Essentials,95,15675.0,0,0.00,0,None,0
2024-09-30,40,SKU-HOU-004,100% Biodegradable Cornstarch Garbage Bags (30 pcs),Household Essentials,168,19992.0,1,0.15,0,None,0
2024-09-30,40,SKU-HOU-005,Lemon Blossom Grease-Cutting Dishwash Gel 750ml,Household Essentials,169,26195.0,0,0.00,0,None,0
2024-09-30,40,SKU-HOU-006,Lavender Aromatherapy Mosquito Repellent Vaporizer Pack,Household Essentials,107,21293.0,0,0.00,0,None,0
2024-10-07,41,SKU-GRO-001,Royal Basmati Rice 5kg,Staples & Groceries,182,109018.0,0,0.00,1,Dussehra Festive Prep,0
2024-10-07,41,SKU-GRO-002,Sharbati Whole Wheat Atta 10kg,Staples & Groceries,243,105705.0,0,0.00,1,Dussehra Festive Prep,0
2024-10-07,41,SKU-GRO-003,Cold-Pressed Mustard Oil 1L,Staples & Groceries,188,36660.0,0,0.00,1,Dussehra Festive Prep,0
2024-10-07,41,SKU-GRO-004,Organic Toor Dal 2kg,Staples & Groceries,179,49225.0,0,0.00,1,Dussehra Festive Prep,0
2024-10-07,41,SKU-GRO-005,Refined Sulphur-Free Sugar 5kg,Staples & Groceries,143,35607.0,0,0.00,1,Dussehra Festive Prep,0
2024-10-07,41,SKU-GRO-006,Assam Orthodox Whole Leaf Tea 500g,Staples & Groceries,41,14760.0,0,0.00,1,Dussehra Festive Prep,0
2024-10-07,41,SKU-BEV-001,Authentic Masala Chai Premix 1kg,Beverages & Dairy,178,85440.0,0,0.00,1,Dussehra Festive Prep,0
2024-10-07,41,SKU-BEV-002,Artisanal Cold Brew Coffee 250ml (Pack of 6),Beverages & Dairy,124,68076.0,0,0.00,1,Dussehra Festive Prep,0
2024-10-07,41,SKU-BEV-003,Alphonso Mango Pulp Tin 850g,Beverages & Dairy,99,21780.0,0,0.00,1,Dussehra Festive Prep,0
2024-10-07,41,SKU-BEV-004,Sparkling Botanical Tonic Water 250ml,Beverages & Dairy,200,17000.0,0,0.00,1,Dussehra Festive Prep,0
2024-10-07,41,SKU-BEV-005,Roasted Almond Badam Milk Mix 500g,Beverages & Dairy,116,36540.0,0,0.00,1,Dussehra Festive Prep,0
2024-10-07,41,SKU-BEV-006,Tender Coconut Water Tetrapack 200ml (12-pk),Beverages & Dairy,147,61740.0,0,0.00,1,Dussehra Festive Prep,0
2024-10-07,41,SKU-SNK-001,Peri Peri Roasted Foxnut Makhana 150g,Snacks & Packaged Foods,171,27471.15,1,0.15,1,Dussehra Festive Prep,0
2024-10-07,41,SKU-SNK-002,Dark Chocolate Quinoa Granola 400g,Snacks & Packaged Foods,158,55142.0,0,0.00,1,Dussehra Festive Prep,0
2024-10-07,41,SKU-SNK-003,Multigrain Roasted Nachos 200g,Snacks & Packaged Foods,333,32967.0,0,0.00,1,Dussehra Festive Prep,0
2024-10-07,41,SKU-SNK-004,Handcrafted Kaju Katli Gift Box 500g,Snacks & Packaged Foods,73,43727.0,0,0.00,1,Dussehra Festive Prep,0
2024-10-07,41,SKU-SNK-005,Baked Oats Digestive Biscuits 300g,Snacks & Packaged Foods,167,13360.0,0,0.00,1,Dussehra Festive Prep,0
2024-10-07,41,SKU-SNK-006,Gourmet Salted Pistachios 250g,Snacks & Packaged Foods,80,35200.0,0,0.00,1,Dussehra Festive Prep,0
2024-10-07,41,SKU-PER-001,Bhringraj & Onion Hair Fall Control Shampoo 300ml,Personal Care,155,46345.0,0,0.00,1,Dussehra Festive Prep,0
2024-10-07,41,SKU-PER-002,Neem & Salicylic Acid Clarifying Face Wash 150ml,Personal Care,129,27090.0,0,0.00,1,Dussehra Festive Prep,0
2024-10-07,41,SKU-PER-003,Matte Gel Sunscreen SPF 50 PA++++ 50g,Personal Care,155,69595.0,0,0.00,1,Dussehra Festive Prep,0
2024-10-07,41,SKU-PER-004,Deep Cleansing Activated Bamboo Charcoal Soap 125g,Personal Care,125,11125.0,0,0.00,1,Dussehra Festive Prep,0
2024-10-07,41,SKU-PER-005,Cedarwood & Argan Nourishing Beard Oil 30ml,Personal Care,85,24225.0,0,0.00,1,Dussehra Festive Prep,0
2024-10-07,41,SKU-PER-006,Hydrating Rose Water Face Toner Mist 200ml,Personal Care,123,23985.0,0,0.00,1,Dussehra Festive Prep,0
2024-10-07,41,SKU-HOU-001,Citrus Herbal Anti-Bacterial Floor Cleaner 2L,Household Essentials,213,48990.0,0,0.00,1,Dussehra Festive Prep,0
2024-10-07,41,SKU-HOU-002,Concentrated Enzymatic Liquid Laundry Detergent 1L,Household Essentials,265,73935.0,0,0.00,1,Dussehra Festive Prep,0
2024-10-07,41,SKU-HOU-003,Multi-Surface Disinfectant Surface Spray 500ml,Household Essentials,232,32538.0,1,0.15,1,Dussehra Festive Prep,0
2024-10-07,41,SKU-HOU-004,100% Biodegradable Cornstarch Garbage Bags (30 pcs),Household Essentials,209,29260.0,0,0.00,1,Dussehra Festive Prep,0
2024-10-07,41,SKU-HOU-005,Lemon Blossom Grease-Cutting Dishwash Gel 750ml,Household Essentials,140,21700.0,0,0.00,1,Dussehra Festive Prep,0
2024-10-07,41,SKU-HOU-006,Lavender Aromatherapy Mosquito Repellent Vaporizer Pack,Household Essentials,249,42118.35,1,0.15,1,Dussehra Festive Prep,0
2024-10-14,42,SKU-GRO-001,Royal Basmati Rice 5kg,Staples & Groceries,150,89850.0,0,0.00,0,None,0
2024-10-14,42,SKU-GRO-002,Sharbati Whole Wheat Atta 10kg,Staples & Groceries,224,82824.0,1,0.15,0,None,0
2024-10-14,42,SKU-GRO-003,Cold-Pressed Mustard Oil 1L,Staples & Groceries,137,26715.0,0,0.00,0,None,0
2024-10-14,42,SKU-GRO-004,Organic Toor Dal 2kg,Staples & Groceries,112,30800.0,0,0.00,0,None,0
2024-10-14,42,SKU-GRO-005,Refined Sulphur-Free Sugar 5kg,Staples & Groceries,164,40836.0,0,0.00,0,None,0
2024-10-14,42,SKU-GRO-006,Assam Orthodox Whole Leaf Tea 500g,Staples & Groceries,98,35280.0,0,0.00,0,None,0
2024-10-14,42,SKU-BEV-001,Authentic Masala Chai Premix 1kg,Beverages & Dairy,93,44640.0,0,0.00,0,None,0
2024-10-14,42,SKU-BEV-002,Artisanal Cold Brew Coffee 250ml (Pack of 6),Beverages & Dairy,87,40598.55,1,0.15,0,None,0
2024-10-14,42,SKU-BEV-003,Alphonso Mango Pulp Tin 850g,Beverages & Dairy,67,14740.0,0,0.00,0,None,0
2024-10-14,42,SKU-BEV-004,Sparkling Botanical Tonic Water 250ml,Beverages & Dairy,216,18360.0,0,0.00,0,None,0
2024-10-14,42,SKU-BEV-005,Roasted Almond Badam Milk Mix 500g,Beverages & Dairy,99,31185.0,0,0.00,0,None,0
2024-10-14,42,SKU-BEV-006,Tender Coconut Water Tetrapack 200ml (12-pk),Beverages & Dairy,165,69300.0,0,0.00,0,None,0
2024-10-14,42,SKU-SNK-001,Peri Peri Roasted Foxnut Makhana 150g,Snacks & Packaged Foods,242,45738.0,0,0.00,0,None,0
2024-10-14,42,SKU-SNK-002,Dark Chocolate Quinoa Granola 400g,Snacks & Packaged Foods,86,30014.0,0,0.00,0,None,0
2024-10-14,42,SKU-SNK-003,Multigrain Roasted Nachos 200g,Snacks & Packaged Foods,180,17820.0,0,0.00,0,None,0
2024-10-14,42,SKU-SNK-004,Handcrafted Kaju Katli Gift Box 500g,Snacks & Packaged Foods,88,52712.0,0,0.00,0,None,0
2024-10-14,42,SKU-SNK-005,Baked Oats Digestive Biscuits 300g,Snacks & Packaged Foods,122,9760.0,0,0.00,0,None,0
2024-10-14,42,SKU-SNK-006,Gourmet Salted Pistachios 250g,Snacks & Packaged Foods,40,17600.0,0,0.00,0,None,0
2024-10-14,42,SKU-PER-001,Bhringraj & Onion Hair Fall Control Shampoo 300ml,Personal Care,88,26312.0,0,0.00,0,None,0
2024-10-14,42,SKU-PER-002,Neem & Salicylic Acid Clarifying Face Wash 150ml,Personal Care,145,30450.0,0,0.00,0,None,0
2024-10-14,42,SKU-PER-003,Matte Gel Sunscreen SPF 50 PA++++ 50g,Personal Care,182,69460.3,1,0.15,0,None,0
2024-10-14,42,SKU-PER-004,Deep Cleansing Activated Bamboo Charcoal Soap 125g,Personal Care,151,13439.0,0,0.00,0,None,0
2024-10-14,42,SKU-PER-005,Cedarwood & Argan Nourishing Beard Oil 30ml,Personal Care,11,3135.0,0,0.00,0,None,0
2024-10-14,42,SKU-PER-006,Hydrating Rose Water Face Toner Mist 200ml,Personal Care,117,22815.0,0,0.00,0,None,1
2024-10-14,42,SKU-HOU-001,Citrus Herbal Anti-Bacterial Floor Cleaner 2L,Household Essentials,123,28290.0,0,0.00,0,None,0
2024-10-14,42,SKU-HOU-002,Concentrated Enzymatic Liquid Laundry Detergent 1L,Household Essentials,140,39060.0,0,0.00,0,None,0
2024-10-14,42,SKU-HOU-003,Multi-Surface Disinfectant Surface Spray 500ml,Household Essentials,130,21450.0,0,0.00,0,None,0
2024-10-14,42,SKU-HOU-004,100% Biodegradable Cornstarch Garbage Bags (30 pcs),Household Essentials,162,22680.0,0,0.00,0,None,0
2024-10-14,42,SKU-HOU-005,Lemon Blossom Grease-Cutting Dishwash Gel 750ml,Household Essentials,168,26040.0,0,0.00,0,None,0
2024-10-14,42,SKU-HOU-006,Lavender Aromatherapy Mosquito Repellent Vaporizer Pack,Household Essentials,123,24477.0,0,0.00,0,None,0
2024-10-21,43,SKU-GRO-001,Royal Basmati Rice 5kg,Staples & Groceries,117,70083.0,0,0.00,0,None,0
2024-10-21,43,SKU-GRO-002,Sharbati Whole Wheat Atta 10kg,Staples & Groceries,189,82215.0,0,0.00,0,None,0
2024-10-21,43,SKU-GRO-003,Cold-Pressed Mustard Oil 1L,Staples & Groceries,146,28470.0,0,0.00,0,None,0
2024-10-21,43,SKU-GRO-004,Organic Toor Dal 2kg,Staples & Groceries,116,31900.0,0,0.00,0,None,0
2024-10-21,43,SKU-GRO-005,Refined Sulphur-Free Sugar 5kg,Staples & Groceries,152,37848.0,0,0.00,0,None,0
2024-10-21,43,SKU-GRO-006,Assam Orthodox Whole Leaf Tea 500g,Staples & Groceries,95,34200.0,0,0.00,0,None,0
2024-10-21,43,SKU-BEV-001,Authentic Masala Chai Premix 1kg,Beverages & Dairy,179,85920.0,0,0.00,0,None,0
2024-10-21,43,SKU-BEV-002,Artisanal Cold Brew Coffee 250ml (Pack of 6),Beverages & Dairy,73,40077.0,0,0.00,0,None,0
2024-10-21,43,SKU-BEV-003,Alphonso Mango Pulp Tin 850g,Beverages & Dairy,107,23540.0,0,0.00,0,None,0
2024-10-21,43,SKU-BEV-004,Sparkling Botanical Tonic Water 250ml,Beverages & Dairy,183,15555.0,0,0.00,0,None,0
2024-10-21,43,SKU-BEV-005,Roasted Almond Badam Milk Mix 500g,Beverages & Dairy,62,19530.0,0,0.00,0,None,0
2024-10-21,43,SKU-BEV-006,Tender Coconut Water Tetrapack 200ml (12-pk),Beverages & Dairy,166,69720.0,0,0.00,0,None,0
2024-10-21,43,SKU-SNK-001,Peri Peri Roasted Foxnut Makhana 150g,Snacks & Packaged Foods,183,34587.0,0,0.00,0,None,0
2024-10-21,43,SKU-SNK-002,Dark Chocolate Quinoa Granola 400g,Snacks & Packaged Foods,80,27920.0,0,0.00,0,None,0
2024-10-21,43,SKU-SNK-003,Multigrain Roasted Nachos 200g,Snacks & Packaged Foods,173,17127.0,0,0.00,0,None,0
2024-10-21,43,SKU-SNK-004,Handcrafted Kaju Katli Gift Box 500g,Snacks & Packaged Foods,24,14376.0,0,0.00,0,None,0
2024-10-21,43,SKU-SNK-005,Baked Oats Digestive Biscuits 300g,Snacks & Packaged Foods,213,14484.0,1,0.15,0,None,0
2024-10-21,43,SKU-SNK-006,Gourmet Salted Pistachios 250g,Snacks & Packaged Foods,79,29546.0,1,0.15,0,None,0
2024-10-21,43,SKU-PER-001,Bhringraj & Onion Hair Fall Control Shampoo 300ml,Personal Care,109,32591.0,0,0.00,0,None,0
2024-10-21,43,SKU-PER-002,Neem & Salicylic Acid Clarifying Face Wash 150ml,Personal Care,165,29452.5,1,0.15,0,None,0
2024-10-21,43,SKU-PER-003,Matte Gel Sunscreen SPF 50 PA++++ 50g,Personal Care,143,64207.0,0,0.00,0,None,0
2024-10-21,43,SKU-PER-004,Deep Cleansing Activated Bamboo Charcoal Soap 125g,Personal Care,134,11926.0,0,0.00,0,None,0
2024-10-21,43,SKU-PER-005,Cedarwood & Argan Nourishing Beard Oil 30ml,Personal Care,18,5130.0,0,0.00,0,None,0
2024-10-21,43,SKU-PER-006,Hydrating Rose Water Face Toner Mist 200ml,Personal Care,104,20280.0,0,0.00,0,None,0
2024-10-21,43,SKU-HOU-001,Citrus Herbal Anti-Bacterial Floor Cleaner 2L,Household Essentials,134,30820.0,0,0.00,0,None,0
2024-10-21,43,SKU-HOU-002,Concentrated Enzymatic Liquid Laundry Detergent 1L,Household Essentials,158,44082.0,0,0.00,0,None,0
2024-10-21,43,SKU-HOU-003,Multi-Surface Disinfectant Surface Spray 500ml,Household Essentials,154,25410.0,0,0.00,0,None,0
2024-10-21,43,SKU-HOU-004,100% Biodegradable Cornstarch Garbage Bags (30 pcs),Household Essentials,209,29260.0,0,0.00,0,None,0
2024-10-21,43,SKU-HOU-005,Lemon Blossom Grease-Cutting Dishwash Gel 750ml,Household Essentials,255,33596.25,1,0.15,0,None,0
2024-10-21,43,SKU-HOU-006,Lavender Aromatherapy Mosquito Repellent Vaporizer Pack,Household Essentials,99,19701.0,0,0.00,0,None,0
2024-10-28,44,SKU-GRO-001,Royal Basmati Rice 5kg,Staples & Groceries,248,148552.0,0,0.00,1,Diwali Grand Festival,0
2024-10-28,44,SKU-GRO-002,Sharbati Whole Wheat Atta 10kg,Staples & Groceries,362,157470.0,0,0.00,1,Diwali Grand Festival,0
2024-10-28,44,SKU-GRO-003,Cold-Pressed Mustard Oil 1L,Staples & Groceries,380,62985.0,1,0.15,1,Diwali Grand Festival,0
2024-10-28,44,SKU-GRO-004,Organic Toor Dal 2kg,Staples & Groceries,215,59125.0,0,0.00,1,Diwali Grand Festival,0
2024-10-28,44,SKU-GRO-005,Refined Sulphur-Free Sugar 5kg,Staples & Groceries,269,66981.0,0,0.00,1,Diwali Grand Festival,0
2024-10-28,44,SKU-GRO-006,Assam Orthodox Whole Leaf Tea 500g,Staples & Groceries,154,55440.0,0,0.00,1,Diwali Grand Festival,0
2024-10-28,44,SKU-BEV-001,Authentic Masala Chai Premix 1kg,Beverages & Dairy,240,115200.0,0,0.00,1,Diwali Grand Festival,0
2024-10-28,44,SKU-BEV-002,Artisanal Cold Brew Coffee 250ml (Pack of 6),Beverages & Dairy,167,91683.0,0,0.00,1,Diwali Grand Festival,0
2024-10-28,44,SKU-BEV-003,Alphonso Mango Pulp Tin 850g,Beverages & Dairy,70,15400.0,0,0.00,1,Diwali Grand Festival,0
2024-10-28,44,SKU-BEV-004,Sparkling Botanical Tonic Water 250ml,Beverages & Dairy,205,17425.0,0,0.00,1,Diwali Grand Festival,0
2024-10-28,44,SKU-BEV-005,Roasted Almond Badam Milk Mix 500g,Beverages & Dairy,192,51408.0,1,0.15,1,Diwali Grand Festival,0
2024-10-28,44,SKU-BEV-006,Tender Coconut Water Tetrapack 200ml (12-pk),Beverages & Dairy,139,58380.0,0,0.00,1,Diwali Grand Festival,0
2024-10-28,44,SKU-SNK-001,Peri Peri Roasted Foxnut Makhana 150g,Snacks & Packaged Foods,179,33831.0,0,0.00,1,Diwali Grand Festival,0
2024-10-28,44,SKU-SNK-002,Dark Chocolate Quinoa Granola 400g,Snacks & Packaged Foods,162,56538.0,0,0.00,1,Diwali Grand Festival,0
2024-10-28,44,SKU-SNK-003,Multigrain Roasted Nachos 200g,Snacks & Packaged Foods,475,47025.0,0,0.00,1,Diwali Grand Festival,0
2024-10-28,44,SKU-SNK-004,Handcrafted Kaju Katli Gift Box 500g,Snacks & Packaged Foods,5,2995.0,0,0.00,1,Diwali Grand Festival,0
2024-10-28,44,SKU-SNK-005,Baked Oats Digestive Biscuits 300g,Snacks & Packaged Foods,193,15440.0,0,0.00,1,Diwali Grand Festival,0
2024-10-28,44,SKU-SNK-006,Gourmet Salted Pistachios 250g,Snacks & Packaged Foods,113,49720.0,0,0.00,1,Diwali Grand Festival,0
2024-10-28,44,SKU-PER-001,Bhringraj & Onion Hair Fall Control Shampoo 300ml,Personal Care,392,99626.8,1,0.15,1,Diwali Grand Festival,0
2024-10-28,44,SKU-PER-002,Neem & Salicylic Acid Clarifying Face Wash 150ml,Personal Care,234,49140.0,0,0.00,1,Diwali Grand Festival,0
2024-10-28,44,SKU-PER-003,Matte Gel Sunscreen SPF 50 PA++++ 50g,Personal Care,124,55676.0,0,0.00,1,Diwali Grand Festival,0
2024-10-28,44,SKU-PER-004,Deep Cleansing Activated Bamboo Charcoal Soap 125g,Personal Care,307,23224.55,1,0.15,1,Diwali Grand Festival,0
2024-10-28,44,SKU-PER-005,Cedarwood & Argan Nourishing Beard Oil 30ml,Personal Care,118,33630.0,0,0.00,1,Diwali Grand Festival,1
2024-10-28,44,SKU-PER-006,Hydrating Rose Water Face Toner Mist 200ml,Personal Care,172,28509.0,1,0.15,1,Diwali Grand Festival,2
2024-10-28,44,SKU-HOU-001,Citrus Herbal Anti-Bacterial Floor Cleaner 2L,Household Essentials,248,57040.0,0,0.00,1,Diwali Grand Festival,0
2024-10-28,44,SKU-HOU-002,Concentrated Enzymatic Liquid Laundry Detergent 1L,Household Essentials,315,87885.0,0,0.00,1,Diwali Grand Festival,0
2024-10-28,44,SKU-HOU-003,Multi-Surface Disinfectant Surface Spray 500ml,Household Essentials,154,25410.0,0,0.00,1,Diwali Grand Festival,0
2024-10-28,44,SKU-HOU-004,100% Biodegradable Cornstarch Garbage Bags (30 pcs),Household Essentials,246,34440.0,0,0.00,1,Diwali Grand Festival,0
2024-10-28,44,SKU-HOU-005,Lemon Blossom Grease-Cutting Dishwash Gel 750ml,Household Essentials,352,54560.0,0,0.00,1,Diwali Grand Festival,0
2024-10-28,44,SKU-HOU-006,Lavender Aromatherapy Mosquito Repellent Vaporizer Pack,Household Essentials,221,43979.0,0,0.00,1,Diwali Grand Festival,0
2024-11-04,45,SKU-GRO-001,Royal Basmati Rice 5kg,Staples & Groceries,135,80865.0,0,0.00,0,None,0
2024-11-04,45,SKU-GRO-002,Sharbati Whole Wheat Atta 10kg,Staples & Groceries,236,102660.0,0,0.00,0,None,0
2024-11-04,45,SKU-GRO-003,Cold-Pressed Mustard Oil 1L,Staples & Groceries,126,24570.0,0,0.00,0,None,0
2024-11-04,45,SKU-GRO-004,Organic Toor Dal 2kg,Staples & Groceries,120,33000.0,0,0.00,0,None,0
2024-11-04,45,SKU-GRO-005,Refined Sulphur-Free Sugar 5kg,Staples & Groceries,163,40587.0,0,0.00,0,None,0
2024-11-04,45,SKU-GRO-006,Assam Orthodox Whole Leaf Tea 500g,Staples & Groceries,88,31680.0,0,0.00,0,None,0
2024-11-04,45,SKU-BEV-001,Authentic Masala Chai Premix 1kg,Beverages & Dairy,123,59040.0,0,0.00,0,None,0
2024-11-04,45,SKU-BEV-002,Artisanal Cold Brew Coffee 250ml (Pack of 6),Beverages & Dairy,68,37332.0,0,0.00,0,None,0
2024-11-04,45,SKU-BEV-003,Alphonso Mango Pulp Tin 850g,Beverages & Dairy,31,6820.0,0,0.00,0,None,0
2024-11-04,45,SKU-BEV-004,Sparkling Botanical Tonic Water 250ml,Beverages & Dairy,209,15100.25,1,0.15,0,None,0
2024-11-04,45,SKU-BEV-005,Roasted Almond Badam Milk Mix 500g,Beverages & Dairy,66,20790.0,0,0.00,0,None,0
2024-11-04,45,SKU-BEV-006,Tender Coconut Water Tetrapack 200ml (12-pk),Beverages & Dairy,131,46767.0,1,0.15,0,None,0
2024-11-04,45,SKU-SNK-001,Peri Peri Roasted Foxnut Makhana 150g,Snacks & Packaged Foods,221,41769.0,0,0.00,0,None,0
2024-11-04,45,SKU-SNK-002,Dark Chocolate Quinoa Granola 400g,Snacks & Packaged Foods,194,57550.1,1,0.15,0,None,0
2024-11-04,45,SKU-SNK-003,Multigrain Roasted Nachos 200g,Snacks & Packaged Foods,182,18018.0,0,0.00,0,None,0
2024-11-04,45,SKU-SNK-004,Handcrafted Kaju Katli Gift Box 500g,Snacks & Packaged Foods,36,18329.4,1,0.15,0,None,0
2024-11-04,45,SKU-SNK-005,Baked Oats Digestive Biscuits 300g,Snacks & Packaged Foods,133,10640.0,0,0.00,0,None,0
2024-11-04,45,SKU-SNK-006,Gourmet Salted Pistachios 250g,Snacks & Packaged Foods,103,45320.0,0,0.00,0,None,4
2024-11-04,45,SKU-PER-001,Bhringraj & Onion Hair Fall Control Shampoo 300ml,Personal Care,112,33488.0,0,0.00,0,None,0
2024-11-04,45,SKU-PER-002,Neem & Salicylic Acid Clarifying Face Wash 150ml,Personal Care,144,30240.0,0,0.00,0,None,0
2024-11-04,45,SKU-PER-003,Matte Gel Sunscreen SPF 50 PA++++ 50g,Personal Care,145,65105.0,0,0.00,0,None,0
2024-11-04,45,SKU-PER-004,Deep Cleansing Activated Bamboo Charcoal Soap 125g,Personal Care,152,13528.0,0,0.00,0,None,0
2024-11-04,45,SKU-PER-005,Cedarwood & Argan Nourishing Beard Oil 30ml,Personal Care,31,7509.75,1,0.15,0,None,0
2024-11-04,45,SKU-PER-006,Hydrating Rose Water Face Toner Mist 200ml,Personal Care,74,14430.0,0,0.00,0,None,0
2024-11-04,45,SKU-HOU-001,Citrus Herbal Anti-Bacterial Floor Cleaner 2L,Household Essentials,101,23230.0,0,0.00,0,None,0
2024-11-04,45,SKU-HOU-002,Concentrated Enzymatic Liquid Laundry Detergent 1L,Household Essentials,153,42687.0,0,0.00,0,None,0
2024-11-04,45,SKU-HOU-003,Multi-Surface Disinfectant Surface Spray 500ml,Household Essentials,153,25245.0,0,0.00,0,None,0
2024-11-04,45,SKU-HOU-004,100% Biodegradable Cornstarch Garbage Bags (30 pcs),Household Essentials,169,23660.0,0,0.00,0,None,0
2024-11-04,45,SKU-HOU-005,Lemon Blossom Grease-Cutting Dishwash Gel 750ml,Household Essentials,159,24645.0,0,0.00,0,None,0
2024-11-04,45,SKU-HOU-006,Lavender Aromatherapy Mosquito Repellent Vaporizer Pack,Household Essentials,112,22288.0,0,0.00,0,None,0
2024-11-11,46,SKU-GRO-001,Royal Basmati Rice 5kg,Staples & Groceries,101,60499.0,0,0.00,0,None,0
2024-11-11,46,SKU-GRO-002,Sharbati Whole Wheat Atta 10kg,Staples & Groceries,193,83955.0,0,0.00,0,None,0
2024-11-11,46,SKU-GRO-003,Cold-Pressed Mustard Oil 1L,Staples & Groceries,141,27495.0,0,0.00,0,None,0
2024-11-11,46,SKU-GRO-004,Organic Toor Dal 2kg,Staples & Groceries,144,39600.0,0,0.00,0,None,0
2024-11-11,46,SKU-GRO-005,Refined Sulphur-Free Sugar 5kg,Staples & Groceries,245,51854.25,1,0.15,0,None,0
2024-11-11,46,SKU-GRO-006,Assam Orthodox Whole Leaf Tea 500g,Staples & Groceries,135,41310.0,1,0.15,0,None,0
2024-11-11,46,SKU-BEV-001,Authentic Masala Chai Premix 1kg,Beverages & Dairy,140,67200.0,0,0.00,0,None,0
2024-11-11,46,SKU-BEV-002,Artisanal Cold Brew Coffee 250ml (Pack of 6),Beverages & Dairy,120,65880.0,0,0.00,0,None,0
2024-11-11,46,SKU-BEV-003,Alphonso Mango Pulp Tin 850g,Beverages & Dairy,146,27302.0,1,0.15,0,None,0
2024-11-11,46,SKU-BEV-004,Sparkling Botanical Tonic Water 250ml,Beverages & Dairy,167,14195.0,0,0.00,0,None,0
2024-11-11,46,SKU-BEV-005,Roasted Almond Badam Milk Mix 500g,Beverages & Dairy,57,17955.0,0,0.00,0,None,0
2024-11-11,46,SKU-BEV-006,Tender Coconut Water Tetrapack 200ml (12-pk),Beverages & Dairy,161,67620.0,0,0.00,0,None,0
2024-11-11,46,SKU-SNK-001,Peri Peri Roasted Foxnut Makhana 150g,Snacks & Packaged Foods,137,25893.0,0,0.00,0,None,0
2024-11-11,46,SKU-SNK-002,Dark Chocolate Quinoa Granola 400g,Snacks & Packaged Foods,83,28967.0,0,0.00,0,None,0
2024-11-11,46,SKU-SNK-003,Multigrain Roasted Nachos 200g,Snacks & Packaged Foods,197,16577.55,1,0.15,0,None,0
2024-11-11,46,SKU-SNK-004,Handcrafted Kaju Katli Gift Box 500g,Snacks & Packaged Foods,27,16173.0,0,0.00,0,None,0
2024-11-11,46,SKU-SNK-005,Baked Oats Digestive Biscuits 300g,Snacks & Packaged Foods,175,14000.0,0,0.00,0,None,0
2024-11-11,46,SKU-SNK-006,Gourmet Salted Pistachios 250g,Snacks & Packaged Foods,43,18920.0,0,0.00,0,None,0
2024-11-11,46,SKU-PER-001,Bhringraj & Onion Hair Fall Control Shampoo 300ml,Personal Care,100,29900.0,0,0.00,0,None,0
2024-11-11,46,SKU-PER-002,Neem & Salicylic Acid Clarifying Face Wash 150ml,Personal Care,148,31080.0,0,0.00,0,None,0
2024-11-11,46,SKU-PER-003,Matte Gel Sunscreen SPF 50 PA++++ 50g,Personal Care,180,80820.0,0,0.00,0,None,4
2024-11-11,46,SKU-PER-004,Deep Cleansing Activated Bamboo Charcoal Soap 125g,Personal Care,97,8633.0,0,0.00,0,None,0
2024-11-11,46,SKU-PER-005,Cedarwood & Argan Nourishing Beard Oil 30ml,Personal Care,37,10545.0,0,0.00,0,None,0
2024-11-11,46,SKU-PER-006,Hydrating Rose Water Face Toner Mist 200ml,Personal Care,74,14430.0,0,0.00,0,None,0
2024-11-11,46,SKU-HOU-001,Citrus Herbal Anti-Bacterial Floor Cleaner 2L,Household Essentials,161,31475.5,1,0.15,0,None,0
2024-11-11,46,SKU-HOU-002,Concentrated Enzymatic Liquid Laundry Detergent 1L,Household Essentials,225,53358.75,1,0.15,0,None,0
2024-11-11,46,SKU-HOU-003,Multi-Surface Disinfectant Surface Spray 500ml,Household Essentials,154,25410.0,0,0.00,0,None,0
2024-11-11,46,SKU-HOU-004,100% Biodegradable Cornstarch Garbage Bags (30 pcs),Household Essentials,189,26460.0,0,0.00,0,None,0
2024-11-11,46,SKU-HOU-005,Lemon Blossom Grease-Cutting Dishwash Gel 750ml,Household Essentials,164,25420.0,0,0.00,0,None,0
2024-11-11,46,SKU-HOU-006,Lavender Aromatherapy Mosquito Repellent Vaporizer Pack,Household Essentials,65,12935.0,0,0.00,0,None,0
2024-11-18,47,SKU-GRO-001,Royal Basmati Rice 5kg,Staples & Groceries,206,104884.9,1,0.15,0,None,0
2024-11-18,47,SKU-GRO-002,Sharbati Whole Wheat Atta 10kg,Staples & Groceries,222,96570.0,0,0.00,0,None,0
2024-11-18,47,SKU-GRO-003,Cold-Pressed Mustard Oil 1L,Staples & Groceries,129,25155.0,0,0.00,0,None,0
2024-11-18,47,SKU-GRO-004,Organic Toor Dal 2kg,Staples & Groceries,154,35997.5,1,0.15,0,None,0
2024-11-18,47,SKU-GRO-005,Refined Sulphur-Free Sugar 5kg,Staples & Groceries,169,42081.0,0,0.00,0,None,0
2024-11-18,47,SKU-GRO-006,Assam Orthodox Whole Leaf Tea 500g,Staples & Groceries,114,41040.0,0,0.00,0,None,0
2024-11-18,47,SKU-BEV-001,Authentic Masala Chai Premix 1kg,Beverages & Dairy,156,63648.0,1,0.15,0,None,0
2024-11-18,47,SKU-BEV-002,Artisanal Cold Brew Coffee 250ml (Pack of 6),Beverages & Dairy,54,29646.0,0,0.00,0,None,0
2024-11-18,47,SKU-BEV-003,Alphonso Mango Pulp Tin 850g,Beverages & Dairy,96,21120.0,0,0.00,0,None,0
2024-11-18,47,SKU-BEV-004,Sparkling Botanical Tonic Water 250ml,Beverages & Dairy,219,18615.0,0,0.00,0,None,0
2024-11-18,47,SKU-BEV-005,Roasted Almond Badam Milk Mix 500g,Beverages & Dairy,78,24570.0,0,0.00,0,None,0
2024-11-18,47,SKU-BEV-006,Tender Coconut Water Tetrapack 200ml (12-pk),Beverages & Dairy,158,66360.0,0,0.00,0,None,0
2024-11-18,47,SKU-SNK-001,Peri Peri Roasted Foxnut Makhana 150g,Snacks & Packaged Foods,201,37989.0,0,0.00,0,None,0
2024-11-18,47,SKU-SNK-002,Dark Chocolate Quinoa Granola 400g,Snacks & Packaged Foods,90,31410.0,0,0.00,0,None,0
2024-11-18,47,SKU-SNK-003,Multigrain Roasted Nachos 200g,Snacks & Packaged Foods,208,20592.0,0,0.00,0,None,0
2024-11-18,47,SKU-SNK-004,Handcrafted Kaju Katli Gift Box 500g,Snacks & Packaged Foods,58,34742.0,0,0.00,0,None,0
2024-11-18,47,SKU-SNK-005,Baked Oats Digestive Biscuits 300g,Snacks & Packaged Foods,140,11200.0,0,0.00,0,None,0
2024-11-18,47,SKU-SNK-006,Gourmet Salted Pistachios 250g,Snacks & Packaged Foods,58,25520.0,0,0.00,0,None,0
2024-11-18,47,SKU-PER-001,Bhringraj & Onion Hair Fall Control Shampoo 300ml,Personal Care,131,39169.0,0,0.00,0,None,0
2024-11-18,47,SKU-PER-002,Neem & Salicylic Acid Clarifying Face Wash 150ml,Personal Care,151,31710.0,0,0.00,0,None,0
2024-11-18,47,SKU-PER-003,Matte Gel Sunscreen SPF 50 PA++++ 50g,Personal Care,93,41757.0,0,0.00,0,None,0
2024-11-18,47,SKU-PER-004,Deep Cleansing Activated Bamboo Charcoal Soap 125g,Personal Care,125,11125.0,0,0.00,0,None,0
2024-11-18,47,SKU-PER-005,Cedarwood & Argan Nourishing Beard Oil 30ml,Personal Care,24,6840.0,0,0.00,0,None,0
2024-11-18,47,SKU-PER-006,Hydrating Rose Water Face Toner Mist 200ml,Personal Care,99,19305.0,0,0.00,0,None,0
2024-11-18,47,SKU-HOU-001,Citrus Herbal Anti-Bacterial Floor Cleaner 2L,Household Essentials,98,22540.0,0,0.00,0,None,0
2024-11-18,47,SKU-HOU-002,Concentrated Enzymatic Liquid Laundry Detergent 1L,Household Essentials,186,51894.0,0,0.00,0,None,0
2024-11-18,47,SKU-HOU-003,Multi-Surface Disinfectant Surface Spray 500ml,Household Essentials,143,23595.0,0,0.00,0,None,0
2024-11-18,47,SKU-HOU-004,100% Biodegradable Cornstarch Garbage Bags (30 pcs),Household Essentials,126,14994.0,1,0.15,0,None,0
2024-11-18,47,SKU-HOU-005,Lemon Blossom Grease-Cutting Dishwash Gel 750ml,Household Essentials,151,23405.0,0,0.00,0,None,0
2024-11-18,47,SKU-HOU-006,Lavender Aromatherapy Mosquito Repellent Vaporizer Pack,Household Essentials,140,27860.0,0,0.00,0,None,0
2024-11-25,48,SKU-GRO-001,Royal Basmati Rice 5kg,Staples & Groceries,149,89251.0,0,0.00,0,None,0
2024-11-25,48,SKU-GRO-002,Sharbati Whole Wheat Atta 10kg,Staples & Groceries,265,115275.0,0,0.00,0,None,0
2024-11-25,48,SKU-GRO-003,Cold-Pressed Mustard Oil 1L,Staples & Groceries,184,35880.0,0,0.00,0,None,0
2024-11-25,48,SKU-GRO-004,Organic Toor Dal 2kg,Staples & Groceries,116,31900.0,0,0.00,0,None,0
2024-11-25,48,SKU-GRO-005,Refined Sulphur-Free Sugar 5kg,Staples & Groceries,184,45816.0,0,0.00,0,None,0
2024-11-25,48,SKU-GRO-006,Assam Orthodox Whole Leaf Tea 500g,Staples & Groceries,83,29880.0,0,0.00,0,None,0
2024-11-25,48,SKU-BEV-001,Authentic Masala Chai Premix 1kg,Beverages & Dairy,141,67680.0,0,0.00,0,None,0
2024-11-25,48,SKU-BEV-002,Artisanal Cold Brew Coffee 250ml (Pack of 6),Beverages & Dairy,110,60390.0,0,0.00,0,None,0
2024-11-25,48,SKU-BEV-003,Alphonso Mango Pulp Tin 850g,Beverages & Dairy,132,29040.0,0,0.00,0,None,0
2024-11-25,48,SKU-BEV-004,Sparkling Botanical Tonic Water 250ml,Beverages & Dairy,164,13940.0,0,0.00,0,None,0
2024-11-25,48,SKU-BEV-005,Roasted Almond Badam Milk Mix 500g,Beverages & Dairy,75,23625.0,0,0.00,0,None,0
2024-11-25,48,SKU-BEV-006,Tender Coconut Water Tetrapack 200ml (12-pk),Beverages & Dairy,152,63840.0,0,0.00,0,None,2
2024-11-25,48,SKU-SNK-001,Peri Peri Roasted Foxnut Makhana 150g,Snacks & Packaged Foods,188,30202.2,1,0.15,0,None,0
2024-11-25,48,SKU-SNK-002,Dark Chocolate Quinoa Granola 400g,Snacks & Packaged Foods,69,24081.0,0,0.00,0,None,0
2024-11-25,48,SKU-SNK-003,Multigrain Roasted Nachos 200g,Snacks & Packaged Foods,227,22473.0,0,0.00,0,None,0
2024-11-25,48,SKU-SNK-004,Handcrafted Kaju Katli Gift Box 500g,Snacks & Packaged Foods,62,37138.0,0,0.00,0,None,0
2024-11-25,48,SKU-SNK-005,Baked Oats Digestive Biscuits 300g,Snacks & Packaged Foods,151,12080.0,0,0.00,0,None,0
2024-11-25,48,SKU-SNK-006,Gourmet Salted Pistachios 250g,Snacks & Packaged Foods,50,22000.0,0,0.00,0,None,0
2024-11-25,48,SKU-PER-001,Bhringraj & Onion Hair Fall Control Shampoo 300ml,Personal Care,141,42159.0,0,0.00,0,None,0
2024-11-25,48,SKU-PER-002,Neem & Salicylic Acid Clarifying Face Wash 150ml,Personal Care,144,30240.0,0,0.00,0,None,0
2024-11-25,48,SKU-PER-003,Matte Gel Sunscreen SPF 50 PA++++ 50g,Personal Care,117,52533.0,0,0.00,0,None,0
2024-11-25,48,SKU-PER-004,Deep Cleansing Activated Bamboo Charcoal Soap 125g,Personal Care,121,10769.0,0,0.00,0,None,0
2024-11-25,48,SKU-PER-005,Cedarwood & Argan Nourishing Beard Oil 30ml,Personal Care,39,11115.0,0,0.00,0,None,0
2024-11-25,48,SKU-PER-006,Hydrating Rose Water Face Toner Mist 200ml,Personal Care,92,17940.0,0,0.00,0,None,0
2024-11-25,48,SKU-HOU-001,Citrus Herbal Anti-Bacterial Floor Cleaner 2L,Household Essentials,141,32430.0,0,0.00,0,None,0
2024-11-25,48,SKU-HOU-002,Concentrated Enzymatic Liquid Laundry Detergent 1L,Household Essentials,159,44361.0,0,0.00,0,None,0
2024-11-25,48,SKU-HOU-003,Multi-Surface Disinfectant Surface Spray 500ml,Household Essentials,113,15848.25,1,0.15,0,None,0
2024-11-25,48,SKU-HOU-004,100% Biodegradable Cornstarch Garbage Bags (30 pcs),Household Essentials,190,26600.0,0,0.00,0,None,0
2024-11-25,48,SKU-HOU-005,Lemon Blossom Grease-Cutting Dishwash Gel 750ml,Household Essentials,176,27280.0,0,0.00,0,None,0
2024-11-25,48,SKU-HOU-006,Lavender Aromatherapy Mosquito Repellent Vaporizer Pack,Household Essentials,171,28924.65,1,0.15,0,None,0
2024-12-02,49,SKU-GRO-001,Royal Basmati Rice 5kg,Staples & Groceries,151,90449.0,0,0.00,0,None,0
2024-12-02,49,SKU-GRO-002,Sharbati Whole Wheat Atta 10kg,Staples & Groceries,229,84672.75,1,0.15,0,None,0
2024-12-02,49,SKU-GRO-003,Cold-Pressed Mustard Oil 1L,Staples & Groceries,189,36855.0,0,0.00,0,None,0
2024-12-02,49,SKU-GRO-004,Organic Toor Dal 2kg,Staples & Groceries,129,35475.0,0,0.00,0,None,0
2024-12-02,49,SKU-GRO-005,Refined Sulphur-Free Sugar 5kg,Staples & Groceries,184,45816.0,0,0.00,0,None,0
2024-12-02,49,SKU-GRO-006,Assam Orthodox Whole Leaf Tea 500g,Staples & Groceries,113,40680.0,0,0.00,0,None,0
2024-12-02,49,SKU-BEV-001,Authentic Masala Chai Premix 1kg,Beverages & Dairy,103,49440.0,0,0.00,0,None,0
2024-12-02,49,SKU-BEV-002,Artisanal Cold Brew Coffee 250ml (Pack of 6),Beverages & Dairy,143,66730.95,1,0.15,0,None,0
2024-12-02,49,SKU-BEV-003,Alphonso Mango Pulp Tin 850g,Beverages & Dairy,62,13640.0,0,0.00,0,None,0
2024-12-02,49,SKU-BEV-004,Sparkling Botanical Tonic Water 250ml,Beverages & Dairy,145,12325.0,0,0.00,0,None,0
2024-12-02,49,SKU-BEV-005,Roasted Almond Badam Milk Mix 500g,Beverages & Dairy,88,27720.0,0,0.00,0,None,0
2024-12-02,49,SKU-BEV-006,Tender Coconut Water Tetrapack 200ml (12-pk),Beverages & Dairy,33,13860.0,0,0.00,0,None,0
2024-12-02,49,SKU-SNK-001,Peri Peri Roasted Foxnut Makhana 150g,Snacks & Packaged Foods,194,36666.0,0,0.00,0,None,0
2024-12-02,49,SKU-SNK-002,Dark Chocolate Quinoa Granola 400g,Snacks & Packaged Foods,100,34900.0,0,0.00,0,None,0
2024-12-02,49,SKU-SNK-003,Multigrain Roasted Nachos 200g,Snacks & Packaged Foods,163,16137.0,0,0.00,0,None,0
2024-12-02,49,SKU-SNK-004,Handcrafted Kaju Katli Gift Box 500g,Snacks & Packaged Foods,51,30549.0,0,0.00,0,None,0
2024-12-02,49,SKU-SNK-005,Baked Oats Digestive Biscuits 300g,Snacks & Packaged Foods,138,11040.0,0,0.00,0,None,0
2024-12-02,49,SKU-SNK-006,Gourmet Salted Pistachios 250g,Snacks & Packaged Foods,77,33880.0,0,0.00,0,None,0
2024-12-02,49,SKU-PER-001,Bhringraj & Onion Hair Fall Control Shampoo 300ml,Personal Care,133,39767.0,0,0.00,0,None,0
2024-12-02,49,SKU-PER-002,Neem & Salicylic Acid Clarifying Face Wash 150ml,Personal Care,150,31500.0,0,0.00,0,None,0
2024-12-02,49,SKU-PER-003,Matte Gel Sunscreen SPF 50 PA++++ 50g,Personal Care,199,75948.35,1,0.15,0,None,0
2024-12-02,49,SKU-PER-004,Deep Cleansing Activated Bamboo Charcoal Soap 125g,Personal Care,168,14952.0,0,0.00,0,None,0
2024-12-02,49,SKU-PER-005,Cedarwood & Argan Nourishing Beard Oil 30ml,Personal Care,33,9405.0,0,0.00,0,None,0
2024-12-02,49,SKU-PER-006,Hydrating Rose Water Face Toner Mist 200ml,Personal Care,56,10920.0,0,0.00,0,None,0
2024-12-02,49,SKU-HOU-001,Citrus Herbal Anti-Bacterial Floor Cleaner 2L,Household Essentials,112,25760.0,0,0.00,0,None,0
2024-12-02,49,SKU-HOU-002,Concentrated Enzymatic Liquid Laundry Detergent 1L,Household Essentials,243,67797.0,0,0.00,0,None,0
2024-12-02,49,SKU-HOU-003,Multi-Surface Disinfectant Surface Spray 500ml,Household Essentials,91,15015.0,0,0.00,0,None,0
2024-12-02,49,SKU-HOU-004,100% Biodegradable Cornstarch Garbage Bags (30 pcs),Household Essentials,142,19880.0,0,0.00,0,None,0
2024-12-02,49,SKU-HOU-005,Lemon Blossom Grease-Cutting Dishwash Gel 750ml,Household Essentials,134,20770.0,0,0.00,0,None,0
2024-12-02,49,SKU-HOU-006,Lavender Aromatherapy Mosquito Repellent Vaporizer Pack,Household Essentials,73,14527.0,0,0.00,0,None,0
2024-12-09,50,SKU-GRO-001,Royal Basmati Rice 5kg,Staples & Groceries,135,80865.0,0,0.00,0,None,0
2024-12-09,50,SKU-GRO-002,Sharbati Whole Wheat Atta 10kg,Staples & Groceries,182,79170.0,0,0.00,0,None,0
2024-12-09,50,SKU-GRO-003,Cold-Pressed Mustard Oil 1L,Staples & Groceries,158,30810.0,0,0.00,0,None,0
2024-12-09,50,SKU-GRO-004,Organic Toor Dal 2kg,Staples & Groceries,146,40150.0,0,0.00,0,None,0
2024-12-09,50,SKU-GRO-005,Refined Sulphur-Free Sugar 5kg,Staples & Groceries,135,33615.0,0,0.00,0,None,0
2024-12-09,50,SKU-GRO-006,Assam Orthodox Whole Leaf Tea 500g,Staples & Groceries,84,30240.0,0,0.00,0,None,0
2024-12-09,50,SKU-BEV-001,Authentic Masala Chai Premix 1kg,Beverages & Dairy,138,66240.0,0,0.00,0,None,0
2024-12-09,50,SKU-BEV-002,Artisanal Cold Brew Coffee 250ml (Pack of 6),Beverages & Dairy,105,57645.0,0,0.00,0,None,0
2024-12-09,50,SKU-BEV-003,Alphonso Mango Pulp Tin 850g,Beverages & Dairy,71,15620.0,0,0.00,0,None,0
2024-12-09,50,SKU-BEV-004,Sparkling Botanical Tonic Water 250ml,Beverages & Dairy,142,12070.0,0,0.00,0,None,0
2024-12-09,50,SKU-BEV-005,Roasted Almond Badam Milk Mix 500g,Beverages & Dairy,86,27090.0,0,0.00,0,None,0
2024-12-09,50,SKU-BEV-006,Tender Coconut Water Tetrapack 200ml (12-pk),Beverages & Dairy,145,60900.0,0,0.00,0,None,0
2024-12-09,50,SKU-SNK-001,Peri Peri Roasted Foxnut Makhana 150g,Snacks & Packaged Foods,264,49896.0,0,0.00,0,None,0
2024-12-09,50,SKU-SNK-002,Dark Chocolate Quinoa Granola 400g,Snacks & Packaged Foods,86,30014.0,0,0.00,0,None,0
2024-12-09,50,SKU-SNK-003,Multigrain Roasted Nachos 200g,Snacks & Packaged Foods,198,19602.0,0,0.00,0,None,0
2024-12-09,50,SKU-SNK-004,Handcrafted Kaju Katli Gift Box 500g,Snacks & Packaged Foods,52,31148.0,0,0.00,0,None,0
2024-12-09,50,SKU-SNK-005,Baked Oats Digestive Biscuits 300g,Snacks & Packaged Foods,158,10744.0,1,0.15,0,None,0
2024-12-09,50,SKU-SNK-006,Gourmet Salted Pistachios 250g,Snacks & Packaged Foods,127,47498.0,1,0.15,0,None,0
2024-12-09,50,SKU-PER-001,Bhringraj & Onion Hair Fall Control Shampoo 300ml,Personal Care,99,29601.0,0,0.00,0,None,0
2024-12-09,50,SKU-PER-002,Neem & Salicylic Acid Clarifying Face Wash 150ml,Personal Care,206,36771.0,1,0.15,0,None,0
2024-12-09,50,SKU-PER-003,Matte Gel Sunscreen SPF 50 PA++++ 50g,Personal Care,145,65105.0,0,0.00,0,None,0
2024-12-09,50,SKU-PER-004,Deep Cleansing Activated Bamboo Charcoal Soap 125g,Personal Care,133,11837.0,0,0.00,0,None,0
2024-12-09,50,SKU-PER-005,Cedarwood & Argan Nourishing Beard Oil 30ml,Personal Care,46,13110.0,0,0.00,0,None,0
2024-12-09,50,SKU-PER-006,Hydrating Rose Water Face Toner Mist 200ml,Personal Care,60,11700.0,0,0.00,0,None,0
2024-12-09,50,SKU-HOU-001,Citrus Herbal Anti-Bacterial Floor Cleaner 2L,Household Essentials,103,23690.0,0,0.00,0,None,0
2024-12-09,50,SKU-HOU-002,Concentrated Enzymatic Liquid Laundry Detergent 1L,Household Essentials,198,55242.0,0,0.00,0,None,0
2024-12-09,50,SKU-HOU-003,Multi-Surface Disinfectant Surface Spray 500ml,Household Essentials,111,18315.0,0,0.00,0,None,0
2024-12-09,50,SKU-HOU-004,100% Biodegradable Cornstarch Garbage Bags (30 pcs),Household Essentials,182,25480.0,0,0.00,0,None,0
2024-12-09,50,SKU-HOU-005,Lemon Blossom Grease-Cutting Dishwash Gel 750ml,Household Essentials,243,32015.25,1,0.15,0,None,0
2024-12-09,50,SKU-HOU-006,Lavender Aromatherapy Mosquito Repellent Vaporizer Pack,Household Essentials,120,23880.0,0,0.00,0,None,0
2024-12-16,51,SKU-GRO-001,Royal Basmati Rice 5kg,Staples & Groceries,153,91647.0,0,0.00,1,Christmas & Year-End Cleansing,0
2024-12-16,51,SKU-GRO-002,Sharbati Whole Wheat Atta 10kg,Staples & Groceries,370,160950.0,0,0.00,1,Christmas & Year-End Cleansing,0
2024-12-16,51,SKU-GRO-003,Cold-Pressed Mustard Oil 1L,Staples & Groceries,205,33978.75,1,0.15,1,Christmas & Year-End Cleansing,0
2024-12-16,51,SKU-GRO-004,Organic Toor Dal 2kg,Staples & Groceries,186,51150.0,0,0.00,1,Christmas & Year-End Cleansing,0
2024-12-16,51,SKU-GRO-005,Refined Sulphur-Free Sugar 5kg,Staples & Groceries,253,62997.0,0,0.00,1,Christmas & Year-End Cleansing,0
2024-12-16,51,SKU-GRO-006,Assam Orthodox Whole Leaf Tea 500g,Staples & Groceries,137,49320.0,0,0.00,1,Christmas & Year-End Cleansing,0
2024-12-16,51,SKU-BEV-001,Authentic Masala Chai Premix 1kg,Beverages & Dairy,86,41280.0,0,0.00,1,Christmas & Year-End Cleansing,0
2024-12-16,51,SKU-BEV-002,Artisanal Cold Brew Coffee 250ml (Pack of 6),Beverages & Dairy,77,42273.0,0,0.00,1,Christmas & Year-End Cleansing,0
2024-12-16,51,SKU-BEV-003,Alphonso Mango Pulp Tin 850g,Beverages & Dairy,97,21340.0,0,0.00,1,Christmas & Year-End Cleansing,0
2024-12-16,51,SKU-BEV-004,Sparkling Botanical Tonic Water 250ml,Beverages & Dairy,225,19125.0,0,0.00,1,Christmas & Year-End Cleansing,0
2024-12-16,51,SKU-BEV-005,Roasted Almond Badam Milk Mix 500g,Beverages & Dairy,108,28917.0,1,0.15,1,Christmas & Year-End Cleansing,1
2024-12-16,51,SKU-BEV-006,Tender Coconut Water Tetrapack 200ml (12-pk),Beverages & Dairy,164,68880.0,0,0.00,1,Christmas & Year-End Cleansing,0
2024-12-16,51,SKU-SNK-001,Peri Peri Roasted Foxnut Makhana 150g,Snacks & Packaged Foods,191,36099.0,0,0.00,1,Christmas & Year-End Cleansing,0
2024-12-16,51,SKU-SNK-002,Dark Chocolate Quinoa Granola 400g,Snacks & Packaged Foods,82,28618.0,0,0.00,1,Christmas & Year-End Cleansing,0
2024-12-16,51,SKU-SNK-003,Multigrain Roasted Nachos 200g,Snacks & Packaged Foods,276,27324.0,0,0.00,1,Christmas & Year-End Cleansing,0
2024-12-16,51,SKU-SNK-004,Handcrafted Kaju Katli Gift Box 500g,Snacks & Packaged Foods,90,53910.0,0,0.00,1,Christmas & Year-End Cleansing,0
2024-12-16,51,SKU-SNK-005,Baked Oats Digestive Biscuits 300g,Snacks & Packaged Foods,178,14240.0,0,0.00,1,Christmas & Year-End Cleansing,0
2024-12-16,51,SKU-SNK-006,Gourmet Salted Pistachios 250g,Snacks & Packaged Foods,111,48840.0,0,0.00,1,Christmas & Year-End Cleansing,0
2024-12-16,51,SKU-PER-001,Bhringraj & Onion Hair Fall Control Shampoo 300ml,Personal Care,245,62266.75,1,0.15,1,Christmas & Year-End Cleansing,0
2024-12-16,51,SKU-PER-002,Neem & Salicylic Acid Clarifying Face Wash 150ml,Personal Care,213,44730.0,0,0.00,1,Christmas & Year-End Cleansing,0
2024-12-16,51,SKU-PER-003,Matte Gel Sunscreen SPF 50 PA++++ 50g,Personal Care,102,45798.0,0,0.00,1,Christmas & Year-End Cleansing,0
2024-12-16,51,SKU-PER-004,Deep Cleansing Activated Bamboo Charcoal Soap 125g,Personal Care,282,21333.3,1,0.15,1,Christmas & Year-End Cleansing,0
2024-12-16,51,SKU-PER-005,Cedarwood & Argan Nourishing Beard Oil 30ml,Personal Care,54,15390.0,0,0.00,1,Christmas & Year-End Cleansing,0
2024-12-16,51,SKU-PER-006,Hydrating Rose Water Face Toner Mist 200ml,Personal Care,178,29503.5,1,0.15,1,Christmas & Year-End Cleansing,0
2024-12-16,51,SKU-HOU-001,Citrus Herbal Anti-Bacterial Floor Cleaner 2L,Household Essentials,171,39330.0,0,0.00,1,Christmas & Year-End Cleansing,0
2024-12-16,51,SKU-HOU-002,Concentrated Enzymatic Liquid Laundry Detergent 1L,Household Essentials,222,61938.0,0,0.00,1,Christmas & Year-End Cleansing,0
2024-12-16,51,SKU-HOU-003,Multi-Surface Disinfectant Surface Spray 500ml,Household Essentials,187,30855.0,0,0.00,1,Christmas & Year-End Cleansing,0
2024-12-16,51,SKU-HOU-004,100% Biodegradable Cornstarch Garbage Bags (30 pcs),Household Essentials,207,28980.0,0,0.00,1,Christmas & Year-End Cleansing,0
2024-12-16,51,SKU-HOU-005,Lemon Blossom Grease-Cutting Dishwash Gel 750ml,Household Essentials,244,37820.0,0,0.00,1,Christmas & Year-End Cleansing,0
2024-12-16,51,SKU-HOU-006,Lavender Aromatherapy Mosquito Repellent Vaporizer Pack,Household Essentials,86,17114.0,0,0.00,1,Christmas & Year-End Cleansing,0
2024-12-23,52,SKU-GRO-001,Royal Basmati Rice 5kg,Staples & Groceries,112,67088.0,0,0.00,0,None,0
2024-12-23,52,SKU-GRO-002,Sharbati Whole Wheat Atta 10kg,Staples & Groceries,241,104835.0,0,0.00,0,None,0
2024-12-23,52,SKU-GRO-003,Cold-Pressed Mustard Oil 1L,Staples & Groceries,208,40560.0,0,0.00,0,None,0
2024-12-23,52,SKU-GRO-004,Organic Toor Dal 2kg,Staples & Groceries,118,32450.0,0,0.00,0,None,0
2024-12-23,52,SKU-GRO-005,Refined Sulphur-Free Sugar 5kg,Staples & Groceries,196,48804.0,0,0.00,0,None,0
2024-12-23,52,SKU-GRO-006,Assam Orthodox Whole Leaf Tea 500g,Staples & Groceries,75,27000.0,0,0.00,0,None,0
2024-12-23,52,SKU-BEV-001,Authentic Masala Chai Premix 1kg,Beverages & Dairy,134,64320.0,0,0.00,0,None,0
2024-12-23,52,SKU-BEV-002,Artisanal Cold Brew Coffee 250ml (Pack of 6),Beverages & Dairy,67,36783.0,0,0.00,0,None,0
2024-12-23,52,SKU-BEV-003,Alphonso Mango Pulp Tin 850g,Beverages & Dairy,91,20020.0,0,0.00,0,None,0
2024-12-23,52,SKU-BEV-004,Sparkling Botanical Tonic Water 250ml,Beverages & Dairy,184,13294.0,1,0.15,0,None,0
2024-12-23,52,SKU-BEV-005,Roasted Almond Badam Milk Mix 500g,Beverages & Dairy,16,5040.0,0,0.00,0,None,0
2024-12-23,52,SKU-BEV-006,Tender Coconut Water Tetrapack 200ml (12-pk),Beverages & Dairy,243,86751.0,1,0.15,0,None,0
2024-12-23,52,SKU-SNK-001,Peri Peri Roasted Foxnut Makhana 150g,Snacks & Packaged Foods,184,34776.0,0,0.00,0,None,0
2024-12-23,52,SKU-SNK-002,Dark Chocolate Quinoa Granola 400g,Snacks & Packaged Foods,221,65559.65,1,0.15,0,None,0
2024-12-23,52,SKU-SNK-003,Multigrain Roasted Nachos 200g,Snacks & Packaged Foods,176,17424.0,0,0.00,0,None,0
2024-12-23,52,SKU-SNK-004,Handcrafted Kaju Katli Gift Box 500g,Snacks & Packaged Foods,92,46841.8,1,0.15,0,None,0
2024-12-23,52,SKU-SNK-005,Baked Oats Digestive Biscuits 300g,Snacks & Packaged Foods,100,8000.0,0,0.00,0,None,0
2024-12-23,52,SKU-SNK-006,Gourmet Salted Pistachios 250g,Snacks & Packaged Foods,81,35640.0,0,0.00,0,None,0
2024-12-23,52,SKU-PER-001,Bhringraj & Onion Hair Fall Control Shampoo 300ml,Personal Care,101,30199.0,0,0.00,0,None,0
2024-12-23,52,SKU-PER-002,Neem & Salicylic Acid Clarifying Face Wash 150ml,Personal Care,146,30660.0,0,0.00,0,None,0
2024-12-23,52,SKU-PER-003,Matte Gel Sunscreen SPF 50 PA++++ 50g,Personal Care,50,22450.0,0,0.00,0,None,0
2024-12-23,52,SKU-PER-004,Deep Cleansing Activated Bamboo Charcoal Soap 125g,Personal Care,130,11570.0,0,0.00,0,None,0
2024-12-23,52,SKU-PER-005,Cedarwood & Argan Nourishing Beard Oil 30ml,Personal Care,45,10901.25,1,0.15,0,None,0
2024-12-23,52,SKU-PER-006,Hydrating Rose Water Face Toner Mist 200ml,Personal Care,88,17160.0,0,0.00,0,None,0
2024-12-23,52,SKU-HOU-001,Citrus Herbal Anti-Bacterial Floor Cleaner 2L,Household Essentials,131,30130.0,0,0.00,0,None,0
2024-12-23,52,SKU-HOU-002,Concentrated Enzymatic Liquid Laundry Detergent 1L,Household Essentials,214,59706.0,0,0.00,0,None,0
2024-12-23,52,SKU-HOU-003,Multi-Surface Disinfectant Surface Spray 500ml,Household Essentials,110,18150.0,0,0.00,0,None,0
2024-12-23,52,SKU-HOU-004,100% Biodegradable Cornstarch Garbage Bags (30 pcs),Household Essentials,170,23800.0,0,0.00,0,None,0
2024-12-23,52,SKU-HOU-005,Lemon Blossom Grease-Cutting Dishwash Gel 750ml,Household Essentials,159,24645.0,0,0.00,0,None,0
2024-12-23,52,SKU-HOU-006,Lavender Aromatherapy Mosquito Repellent Vaporizer Pack,Household Essentials,69,13731.0,0,0.00,0,None,0
2024-12-30,53,SKU-GRO-001,Royal Basmati Rice 5kg,Staples & Groceries,156,93444.0,0,0.00,0,None,0
2024-12-30,53,SKU-GRO-002,Sharbati Whole Wheat Atta 10kg,Staples & Groceries,254,110490.0,0,0.00,0,None,0
2024-12-30,53,SKU-GRO-003,Cold-Pressed Mustard Oil 1L,Staples & Groceries,176,34320.0,0,0.00,0,None,0
2024-12-30,53,SKU-GRO-004,Organic Toor Dal 2kg,Staples & Groceries,138,37950.0,0,0.00,0,None,0
2024-12-30,53,SKU-GRO-005,Refined Sulphur-Free Sugar 5kg,Staples & Groceries,236,49949.4,1,0.15,0,None,0
2024-12-30,53,SKU-GRO-006,Assam Orthodox Whole Leaf Tea 500g,Staples & Groceries,170,52020.0,1,0.15,0,None,0
2024-12-30,53,SKU-BEV-001,Authentic Masala Chai Premix 1kg,Beverages & Dairy,146,70080.0,0,0.00,0,None,0
2024-12-30,53,SKU-BEV-002,Artisanal Cold Brew Coffee 250ml (Pack of 6),Beverages & Dairy,75,41175.0,0,0.00,0,None,0
2024-12-30,53,SKU-BEV-003,Alphonso Mango Pulp Tin 850g,Beverages & Dairy,129,24123.0,1,0.15,0,None,0
2024-12-30,53,SKU-BEV-004,Sparkling Botanical Tonic Water 250ml,Beverages & Dairy,134,11390.0,0,0.00,0,None,0
2024-12-30,53,SKU-BEV-005,Roasted Almond Badam Milk Mix 500g,Beverages & Dairy,80,25200.0,0,0.00,0,None,0
2024-12-30,53,SKU-BEV-006,Tender Coconut Water Tetrapack 200ml (12-pk),Beverages & Dairy,161,67620.0,0,0.00,0,None,0
2024-12-30,53,SKU-SNK-001,Peri Peri Roasted Foxnut Makhana 150g,Snacks & Packaged Foods,198,37422.0,0,0.00,0,None,0
2024-12-30,53,SKU-SNK-002,Dark Chocolate Quinoa Granola 400g,Snacks & Packaged Foods,42,14658.0,0,0.00,0,None,0
2024-12-30,53,SKU-SNK-003,Multigrain Roasted Nachos 200g,Snacks & Packaged Foods,301,25329.15,1,0.15,0,None,0
2024-12-30,53,SKU-SNK-004,Handcrafted Kaju Katli Gift Box 500g,Snacks & Packaged Foods,74,44326.0,0,0.00,0,None,0
2024-12-30,53,SKU-SNK-005,Baked Oats Digestive Biscuits 300g,Snacks & Packaged Foods,192,15360.0,0,0.00,0,None,2
2024-12-30,53,SKU-SNK-006,Gourmet Salted Pistachios 250g,Snacks & Packaged Foods,33,14520.0,0,0.00,0,None,0
2024-12-30,53,SKU-PER-001,Bhringraj & Onion Hair Fall Control Shampoo 300ml,Personal Care,132,39468.0,0,0.00,0,None,0
2024-12-30,53,SKU-PER-002,Neem & Salicylic Acid Clarifying Face Wash 150ml,Personal Care,165,34650.0,0,0.00,0,None,0
2024-12-30,53,SKU-PER-003,Matte Gel Sunscreen SPF 50 PA++++ 50g,Personal Care,100,44900.0,0,0.00,0,None,0
2024-12-30,53,SKU-PER-004,Deep Cleansing Activated Bamboo Charcoal Soap 125g,Personal Care,172,15308.0,0,0.00,0,None,0
2024-12-30,53,SKU-PER-005,Cedarwood & Argan Nourishing Beard Oil 30ml,Personal Care,10,2850.0,0,0.00,0,None,0
2024-12-30,53,SKU-PER-006,Hydrating Rose Water Face Toner Mist 200ml,Personal Care,127,24765.0,0,0.00,0,None,0
2024-12-30,53,SKU-HOU-001,Citrus Herbal Anti-Bacterial Floor Cleaner 2L,Household Essentials,159,31084.5,1,0.15,0,None,0
2024-12-30,53,SKU-HOU-002,Concentrated Enzymatic Liquid Laundry Detergent 1L,Household Essentials,255,60473.25,1,0.15,0,None,0
2024-12-30,53,SKU-HOU-003,Multi-Surface Disinfectant Surface Spray 500ml,Household Essentials,93,15345.0,0,0.00,0,None,0
2024-12-30,53,SKU-HOU-004,100% Biodegradable Cornstarch Garbage Bags (30 pcs),Household Essentials,170,23800.0,0,0.00,0,None,0
2024-12-30,53,SKU-HOU-005,Lemon Blossom Grease-Cutting Dishwash Gel 750ml,Household Essentials,196,30380.0,0,0.00,0,None,0
2024-12-30,53,SKU-HOU-006,Lavender Aromatherapy Mosquito Repellent Vaporizer Pack,Household Essentials,96,19104.0,0,0.00,0,None,0
2025-01-06,54,SKU-GRO-001,Royal Basmati Rice 5kg,Staples & Groceries,252,128305.8,1,0.15,0,None,0
2025-01-06,54,SKU-GRO-002,Sharbati Whole Wheat Atta 10kg,Staples & Groceries,200,87000.0,0,0.00,0,None,0
2025-01-06,54,SKU-GRO-003,Cold-Pressed Mustard Oil 1L,Staples & Groceries,177,34515.0,0,0.00,0,None,0
2025-01-06,54,SKU-GRO-004,Organic Toor Dal 2kg,Staples & Groceries,205,47918.75,1,0.15,0,None,0
2025-01-06,54,SKU-GRO-005,Refined Sulphur-Free Sugar 5kg,Staples & Groceries,236,58764.0,0,0.00,0,None,0
2025-01-06,54,SKU-GRO-006,Assam Orthodox Whole Leaf Tea 500g,Staples & Groceries,66,23760.0,0,0.00,0,None,0
2025-01-06,54,SKU-BEV-001,Authentic Masala Chai Premix 1kg,Beverages & Dairy,195,79560.0,1,0.15,0,None,0
2025-01-06,54,SKU-BEV-002,Artisanal Cold Brew Coffee 250ml (Pack of 6),Beverages & Dairy,103,56547.0,0,0.00,0,None,0
2025-01-06,54,SKU-BEV-003,Alphonso Mango Pulp Tin 850g,Beverages & Dairy,14,3080.0,0,0.00,0,None,0
2025-01-06,54,SKU-BEV-004,Sparkling Botanical Tonic Water 250ml,Beverages & Dairy,98,8330.0,0,0.00,0,None,0
2025-01-06,54,SKU-BEV-005,Roasted Almond Badam Milk Mix 500g,Beverages & Dairy,69,21735.0,0,0.00,0,None,0
2025-01-06,54,SKU-BEV-006,Tender Coconut Water Tetrapack 200ml (12-pk),Beverages & Dairy,224,94080.0,0,0.00,0,None,0
2025-01-06,54,SKU-SNK-001,Peri Peri Roasted Foxnut Makhana 150g,Snacks & Packaged Foods,204,38556.0,0,0.00,0,None,0
2025-01-06,54,SKU-SNK-002,Dark Chocolate Quinoa Granola 400g,Snacks & Packaged Foods,133,46417.0,0,0.00,0,None,0
2025-01-06,54,SKU-SNK-003,Multigrain Roasted Nachos 200g,Snacks & Packaged Foods,211,20889.0,0,0.00,0,None,0
2025-01-06,54,SKU-SNK-004,Handcrafted Kaju Katli Gift Box 500g,Snacks & Packaged Foods,49,29351.0,0,0.00,0,None,0
2025-01-06,54,SKU-SNK-005,Baked Oats Digestive Biscuits 300g,Snacks & Packaged Foods,179,14320.0,0,0.00,0,None,0
2025-01-06,54,SKU-SNK-006,Gourmet Salted Pistachios 250g,Snacks & Packaged Foods,47,20680.0,0,0.00,0,None,0
2025-01-06,54,SKU-PER-001,Bhringraj & Onion Hair Fall Control Shampoo 300ml,Personal Care,119,35581.0,0,0.00,0,None,0
2025-01-06,54,SKU-PER-002,Neem & Salicylic Acid Clarifying Face Wash 150ml,Personal Care,121,25410.0,0,0.00,0,None,0
2025-01-06,54,SKU-PER-003,Matte Gel Sunscreen SPF 50 PA++++ 50g,Personal Care,105,47145.0,0,0.00,0,None,0
2025-01-06,54,SKU-PER-004,Deep Cleansing Activated Bamboo Charcoal Soap 125g,Personal Care,180,16020.0,0,0.00,0,None,0
2025-01-06,54,SKU-PER-005,Cedarwood & Argan Nourishing Beard Oil 30ml,Personal Care,37,10545.0,0,0.00,0,None,0
2025-01-06,54,SKU-PER-006,Hydrating Rose Water Face Toner Mist 200ml,Personal Care,83,16185.0,0,0.00,0,None,0
2025-01-06,54,SKU-HOU-001,Citrus Herbal Anti-Bacterial Floor Cleaner 2L,Household Essentials,189,43470.0,0,0.00,0,None,0
2025-01-06,54,SKU-HOU-002,Concentrated Enzymatic Liquid Laundry Detergent 1L,Household Essentials,216,60264.0,0,0.00,0,None,0
2025-01-06,54,SKU-HOU-003,Multi-Surface Disinfectant Surface Spray 500ml,Household Essentials,113,18645.0,0,0.00,0,None,0
2025-01-06,54,SKU-HOU-004,100% Biodegradable Cornstarch Garbage Bags (30 pcs),Household Essentials,255,30345.0,1,0.15,0,None,0
2025-01-06,54,SKU-HOU-005,Lemon Blossom Grease-Cutting Dishwash Gel 750ml,Household Essentials,178,27590.0,0,0.00,0,None,0
2025-01-06,54,SKU-HOU-006,Lavender Aromatherapy Mosquito Repellent Vaporizer Pack,Household Essentials,204,40596.0,0,0.00,0,None,0
2025-01-13,55,SKU-GRO-001,Royal Basmati Rice 5kg,Staples & Groceries,123,73677.0,0,0.00,1,Republic Day 2025 Super Deal,0
2025-01-13,55,SKU-GRO-002,Sharbati Whole Wheat Atta 10kg,Staples & Groceries,245,106575.0,0,0.00,1,Republic Day 2025 Super Deal,0
2025-01-13,55,SKU-GRO-003,Cold-Pressed Mustard Oil 1L,Staples & Groceries,206,40170.0,0,0.00,1,Republic Day 2025 Super Deal,0
2025-01-13,55,SKU-GRO-004,Organic Toor Dal 2kg,Staples & Groceries,138,37950.0,0,0.00,1,Republic Day 2025 Super Deal,0
2025-01-13,55,SKU-GRO-005,Refined Sulphur-Free Sugar 5kg,Staples & Groceries,270,67230.0,0,0.00,1,Republic Day 2025 Super Deal,0
2025-01-13,55,SKU-GRO-006,Assam Orthodox Whole Leaf Tea 500g,Staples & Groceries,128,46080.0,0,0.00,1,Republic Day 2025 Super Deal,0
2025-01-13,55,SKU-BEV-001,Authentic Masala Chai Premix 1kg,Beverages & Dairy,148,71040.0,0,0.00,1,Republic Day 2025 Super Deal,0
2025-01-13,55,SKU-BEV-002,Artisanal Cold Brew Coffee 250ml (Pack of 6),Beverages & Dairy,71,38979.0,0,0.00,1,Republic Day 2025 Super Deal,0
2025-01-13,55,SKU-BEV-003,Alphonso Mango Pulp Tin 850g,Beverages & Dairy,105,23100.0,0,0.00,1,Republic Day 2025 Super Deal,0
2025-01-13,55,SKU-BEV-004,Sparkling Botanical Tonic Water 250ml,Beverages & Dairy,119,10115.0,0,0.00,1,Republic Day 2025 Super Deal,0
2025-01-13,55,SKU-BEV-005,Roasted Almond Badam Milk Mix 500g,Beverages & Dairy,145,45675.0,0,0.00,1,Republic Day 2025 Super Deal,0
2025-01-13,55,SKU-BEV-006,Tender Coconut Water Tetrapack 200ml (12-pk),Beverages & Dairy,138,57960.0,0,0.00,1,Republic Day 2025 Super Deal,0
2025-01-13,55,SKU-SNK-001,Peri Peri Roasted Foxnut Makhana 150g,Snacks & Packaged Foods,351,56388.15,1,0.15,1,Republic Day 2025 Super Deal,0
2025-01-13,55,SKU-SNK-002,Dark Chocolate Quinoa Granola 400g,Snacks & Packaged Foods,216,75384.0,0,0.00,1,Republic Day 2025 Super Deal,0
2025-01-13,55,SKU-SNK-003,Multigrain Roasted Nachos 200g,Snacks & Packaged Foods,223,22077.0,0,0.00,1,Republic Day 2025 Super Deal,0
2025-01-13,55,SKU-SNK-004,Handcrafted Kaju Katli Gift Box 500g,Snacks & Packaged Foods,106,63494.0,0,0.00,1,Republic Day 2025 Super Deal,0
2025-01-13,55,SKU-SNK-005,Baked Oats Digestive Biscuits 300g,Snacks & Packaged Foods,251,20080.0,0,0.00,1,Republic Day 2025 Super Deal,0
2025-01-13,55,SKU-SNK-006,Gourmet Salted Pistachios 250g,Snacks & Packaged Foods,105,46200.0,0,0.00,1,Republic Day 2025 Super Deal,0
2025-01-13,55,SKU-PER-001,Bhringraj & Onion Hair Fall Control Shampoo 300ml,Personal Care,145,43355.0,0,0.00,1,Republic Day 2025 Super Deal,0
2025-01-13,55,SKU-PER-002,Neem & Salicylic Acid Clarifying Face Wash 150ml,Personal Care,204,42840.0,0,0.00,1,Republic Day 2025 Super Deal,0
2025-01-13,55,SKU-PER-003,Matte Gel Sunscreen SPF 50 PA++++ 50g,Personal Care,93,41757.0,0,0.00,1,Republic Day 2025 Super Deal,0
2025-01-13,55,SKU-PER-004,Deep Cleansing Activated Bamboo Charcoal Soap 125g,Personal Care,196,17444.0,0,0.00,1,Republic Day 2025 Super Deal,0
2025-01-13,55,SKU-PER-005,Cedarwood & Argan Nourishing Beard Oil 30ml,Personal Care,76,21660.0,0,0.00,1,Republic Day 2025 Super Deal,0
2025-01-13,55,SKU-PER-006,Hydrating Rose Water Face Toner Mist 200ml,Personal Care,120,23400.0,0,0.00,1,Republic Day 2025 Super Deal,0
2025-01-13,55,SKU-HOU-001,Citrus Herbal Anti-Bacterial Floor Cleaner 2L,Household Essentials,204,46920.0,0,0.00,1,Republic Day 2025 Super Deal,0
2025-01-13,55,SKU-HOU-002,Concentrated Enzymatic Liquid Laundry Detergent 1L,Household Essentials,249,69471.0,0,0.00,1,Republic Day 2025 Super Deal,0
2025-01-13,55,SKU-HOU-003,Multi-Surface Disinfectant Surface Spray 500ml,Household Essentials,234,32818.5,1,0.15,1,Republic Day 2025 Super Deal,0
2025-01-13,55,SKU-HOU-004,100% Biodegradable Cornstarch Garbage Bags (30 pcs),Household Essentials,247,34580.0,0,0.00,1,Republic Day 2025 Super Deal,0
2025-01-13,55,SKU-HOU-005,Lemon Blossom Grease-Cutting Dishwash Gel 750ml,Household Essentials,279,43245.0,0,0.00,1,Republic Day 2025 Super Deal,0
2025-01-13,55,SKU-HOU-006,Lavender Aromatherapy Mosquito Repellent Vaporizer Pack,Household Essentials,215,36367.25,1,0.15,1,Republic Day 2025 Super Deal,0
2025-01-20,56,SKU-GRO-001,Royal Basmati Rice 5kg,Staples & Groceries,159,95241.0,0,0.00,0,None,0
2025-01-20,56,SKU-GRO-002,Sharbati Whole Wheat Atta 10kg,Staples & Groceries,310,114622.5,1,0.15,0,None,0
2025-01-20,56,SKU-GRO-003,Cold-Pressed Mustard Oil 1L,Staples & Groceries,202,39390.0,0,0.00,0,None,0
2025-01-20,56,SKU-GRO-004,Organic Toor Dal 2kg,Staples & Groceries,165,45375.0,0,0.00,0,None,0
2025-01-20,56,SKU-GRO-005,Refined Sulphur-Free Sugar 5kg,Staples & Groceries,192,47808.0,0,0.00,0,None,0
2025-01-20,56,SKU-GRO-006,Assam Orthodox Whole Leaf Tea 500g,Staples & Groceries,112,40320.0,0,0.00,0,None,0
2025-01-20,56,SKU-BEV-001,Authentic Masala Chai Premix 1kg,Beverages & Dairy,205,98400.0,0,0.00,0,None,0
2025-01-20,56,SKU-BEV-002,Artisanal Cold Brew Coffee 250ml (Pack of 6),Beverages & Dairy,92,42931.8,1,0.15,0,None,0
2025-01-20,56,SKU-BEV-003,Alphonso Mango Pulp Tin 850g,Beverages & Dairy,93,20460.0,0,0.00,0,None,0
2025-01-20,56,SKU-BEV-004,Sparkling Botanical Tonic Water 250ml,Beverages & Dairy,176,14960.0,0,0.00,0,None,0
2025-01-20,56,SKU-BEV-005,Roasted Almond Badam Milk Mix 500g,Beverages & Dairy,90,28350.0,0,0.00,0,None,0
2025-01-20,56,SKU-BEV-006,Tender Coconut Water Tetrapack 200ml (12-pk),Beverages & Dairy,116,48720.0,0,0.00,0,None,0
2025-01-20,56,SKU-SNK-001,Peri Peri Roasted Foxnut Makhana 150g,Snacks & Packaged Foods,196,37044.0,0,0.00,0,None,0
2025-01-20,56,SKU-SNK-002,Dark Chocolate Quinoa Granola 400g,Snacks & Packaged Foods,121,42229.0,0,0.00,0,None,0
2025-01-20,56,SKU-SNK-003,Multigrain Roasted Nachos 200g,Snacks & Packaged Foods,170,16830.0,0,0.00,0,None,0
2025-01-20,56,SKU-SNK-004,Handcrafted Kaju Katli Gift Box 500g,Snacks & Packaged Foods,64,38336.0,0,0.00,0,None,0
2025-01-20,56,SKU-SNK-005,Baked Oats Digestive Biscuits 300g,Snacks & Packaged Foods,158,12640.0,0,0.00,0,None,0
2025-01-20,56,SKU-SNK-006,Gourmet Salted Pistachios 250g,Snacks & Packaged Foods,62,27280.0,0,0.00,0,None,0
2025-01-20,56,SKU-PER-001,Bhringraj & Onion Hair Fall Control Shampoo 300ml,Personal Care,136,40664.0,0,0.00,0,None,0
2025-01-20,56,SKU-PER-002,Neem & Salicylic Acid Clarifying Face Wash 150ml,Personal Care,141,29610.0,0,0.00,0,None,0
2025-01-20,56,SKU-PER-003,Matte Gel Sunscreen SPF 50 PA++++ 50g,Personal Care,212,80909.8,1,0.15,0,None,0
2025-01-20,56,SKU-PER-004,Deep Cleansing Activated Bamboo Charcoal Soap 125g,Personal Care,167,14863.0,0,0.00,0,None,0
2025-01-20,56,SKU-PER-005,Cedarwood & Argan Nourishing Beard Oil 30ml,Personal Care,67,19095.0,0,0.00,0,None,0
2025-01-20,56,SKU-PER-006,Hydrating Rose Water Face Toner Mist 200ml,Personal Care,103,20085.0,0,0.00,0,None,0
2025-01-20,56,SKU-HOU-001,Citrus Herbal Anti-Bacterial Floor Cleaner 2L,Household Essentials,158,36340.0,0,0.00,0,None,0
2025-01-20,56,SKU-HOU-002,Concentrated Enzymatic Liquid Laundry Detergent 1L,Household Essentials,177,49383.0,0,0.00,0,None,0
2025-01-20,56,SKU-HOU-003,Multi-Surface Disinfectant Surface Spray 500ml,Household Essentials,94,15510.0,0,0.00,0,None,0
2025-01-20,56,SKU-HOU-004,100% Biodegradable Cornstarch Garbage Bags (30 pcs),Household Essentials,159,22260.0,0,0.00,0,None,0
2025-01-20,56,SKU-HOU-005,Lemon Blossom Grease-Cutting Dishwash Gel 750ml,Household Essentials,204,31620.0,0,0.00,0,None,0
2025-01-20,56,SKU-HOU-006,Lavender Aromatherapy Mosquito Repellent Vaporizer Pack,Household Essentials,105,20895.0,0,0.00,0,None,0
2025-01-27,57,SKU-GRO-001,Royal Basmati Rice 5kg,Staples & Groceries,189,113211.0,0,0.00,0,None,0
2025-01-27,57,SKU-GRO-002,Sharbati Whole Wheat Atta 10kg,Staples & Groceries,266,115710.0,0,0.00,0,None,0
2025-01-27,57,SKU-GRO-003,Cold-Pressed Mustard Oil 1L,Staples & Groceries,179,34905.0,0,0.00,0,None,0
2025-01-27,57,SKU-GRO-004,Organic Toor Dal 2kg,Staples & Groceries,146,40150.0,0,0.00,0,None,0
2025-01-27,57,SKU-GRO-005,Refined Sulphur-Free Sugar 5kg,Staples & Groceries,159,39591.0,0,0.00,0,None,0
2025-01-27,57,SKU-GRO-006,Assam Orthodox Whole Leaf Tea 500g,Staples & Groceries,109,39240.0,0,0.00,0,None,0
2025-01-27,57,SKU-BEV-001,Authentic Masala Chai Premix 1kg,Beverages & Dairy,175,84000.0,0,0.00,0,None,0
2025-01-27,57,SKU-BEV-002,Artisanal Cold Brew Coffee 250ml (Pack of 6),Beverages & Dairy,70,38430.0,0,0.00,0,None,0
2025-01-27,57,SKU-BEV-003,Alphonso Mango Pulp Tin 850g,Beverages & Dairy,101,22220.0,0,0.00,0,None,0
2025-01-27,57,SKU-BEV-004,Sparkling Botanical Tonic Water 250ml,Beverages & Dairy,121,10285.0,0,0.00,0,None,0
2025-01-27,57,SKU-BEV-005,Roasted Almond Badam Milk Mix 500g,Beverages & Dairy,105,33075.0,0,0.00,0,None,0
2025-01-27,57,SKU-BEV-006,Tender Coconut Water Tetrapack 200ml (12-pk),Beverages & Dairy,43,18060.0,0,0.00,0,None,0
2025-01-27,57,SKU-SNK-001,Peri Peri Roasted Foxnut Makhana 150g,Snacks & Packaged Foods,241,45549.0,0,0.00,0,None,0
2025-01-27,57,SKU-SNK-002,Dark Chocolate Quinoa Granola 400g,Snacks & Packaged Foods,147,51303.0,0,0.00,0,None,0
2025-01-27,57,SKU-SNK-003,Multigrain Roasted Nachos 200g,Snacks & Packaged Foods,192,19008.0,0,0.00,0,None,0
2025-01-27,57,SKU-SNK-004,Handcrafted Kaju Katli Gift Box 500g,Snacks & Packaged Foods,57,34143.0,0,0.00,0,None,0
2025-01-27,57,SKU-SNK-005,Baked Oats Digestive Biscuits 300g,Snacks & Packaged Foods,256,17408.0,1,0.15,0,None,0
2025-01-27,57,SKU-SNK-006,Gourmet Salted Pistachios 250g,Snacks & Packaged Foods,124,46376.0,1,0.15,0,None,0
2025-01-27,57,SKU-PER-001,Bhringraj & Onion Hair Fall Control Shampoo 300ml,Personal Care,140,41860.0,0,0.00,0,None,0
2025-01-27,57,SKU-PER-002,Neem & Salicylic Acid Clarifying Face Wash 150ml,Personal Care,196,34986.0,1,0.15,0,None,0
2025-01-27,57,SKU-PER-003,Matte Gel Sunscreen SPF 50 PA++++ 50g,Personal Care,94,42206.0,0,0.00,0,None,0
2025-01-27,57,SKU-PER-004,Deep Cleansing Activated Bamboo Charcoal Soap 125g,Personal Care,141,12549.0,0,0.00,0,None,0
2025-01-27,57,SKU-PER-005,Cedarwood & Argan Nourishing Beard Oil 30ml,Personal Care,78,22230.0,0,0.00,0,None,0
2025-01-27,57,SKU-PER-006,Hydrating Rose Water Face Toner Mist 200ml,Personal Care,115,22425.0,0,0.00,0,None,0
2025-01-27,57,SKU-HOU-001,Citrus Herbal Anti-Bacterial Floor Cleaner 2L,Household Essentials,132,30360.0,0,0.00,0,None,0
2025-01-27,57,SKU-HOU-002,Concentrated Enzymatic Liquid Laundry Detergent 1L,Household Essentials,240,66960.0,0,0.00,0,None,0
2025-01-27,57,SKU-HOU-003,Multi-Surface Disinfectant Surface Spray 500ml,Household Essentials,161,26565.0,0,0.00,0,None,2
2025-01-27,57,SKU-HOU-004,100% Biodegradable Cornstarch Garbage Bags (30 pcs),Household Essentials,139,19460.0,0,0.00,0,None,0
2025-01-27,57,SKU-HOU-005,Lemon Blossom Grease-Cutting Dishwash Gel 750ml,Household Essentials,278,36626.5,1,0.15,0,None,0
2025-01-27,57,SKU-HOU-006,Lavender Aromatherapy Mosquito Repellent Vaporizer Pack,Household Essentials,156,31044.0,0,0.00,0,None,0
2025-02-03,58,SKU-GRO-001,Royal Basmati Rice 5kg,Staples & Groceries,186,111414.0,0,0.00,0,None,0
2025-02-03,58,SKU-GRO-002,Sharbati Whole Wheat Atta 10kg,Staples & Groceries,244,106140.0,0,0.00,0,None,0
2025-02-03,58,SKU-GRO-003,Cold-Pressed Mustard Oil 1L,Staples & Groceries,149,24696.75,1,0.15,0,None,0
2025-02-03,58,SKU-GRO-004,Organic Toor Dal 2kg,Staples & Groceries,187,51425.0,0,0.00,0,None,0
2025-02-03,58,SKU-GRO-005,Refined Sulphur-Free Sugar 5kg,Staples & Groceries,230,57270.0,0,0.00,0,None,0
2025-02-03,58,SKU-GRO-006,Assam Orthodox Whole Leaf Tea 500g,Staples & Groceries,81,29160.0,0,0.00,0,None,0
2025-02-03,58,SKU-BEV-001,Authentic Masala Chai Premix 1kg,Beverages & Dairy,184,88320.0,0,0.00,0,None,0
2025-02-03,58,SKU-BEV-002,Artisanal Cold Brew Coffee 250ml (Pack of 6),Beverages & Dairy,128,70272.0,0,0.00,0,None,0
2025-02-03,58,SKU-BEV-003,Alphonso Mango Pulp Tin 850g,Beverages & Dairy,114,25080.0,0,0.00,0,None,0
2025-02-03,58,SKU-BEV-004,Sparkling Botanical Tonic Water 250ml,Beverages & Dairy,225,19125.0,0,0.00,0,None,0
2025-02-03,58,SKU-BEV-005,Roasted Almond Badam Milk Mix 500g,Beverages & Dairy,97,25971.75,1,0.15,0,None,0
2025-02-03,58,SKU-BEV-006,Tender Coconut Water Tetrapack 200ml (12-pk),Beverages & Dairy,121,50820.0,0,0.00,0,None,0
2025-02-03,58,SKU-SNK-001,Peri Peri Roasted Foxnut Makhana 150g,Snacks & Packaged Foods,287,54243.0,0,0.00,0,None,0
2025-02-03,58,SKU-SNK-002,Dark Chocolate Quinoa Granola 400g,Snacks & Packaged Foods,122,42578.0,0,0.00,0,None,0
2025-02-03,58,SKU-SNK-003,Multigrain Roasted Nachos 200g,Snacks & Packaged Foods,298,29502.0,0,0.00,0,None,0
2025-02-03,58,SKU-SNK-004,Handcrafted Kaju Katli Gift Box 500g,Snacks & Packaged Foods,112,67088.0,0,0.00,0,None,0
2025-02-03,58,SKU-SNK-005,Baked Oats Digestive Biscuits 300g,Snacks & Packaged Foods,191,15280.0,0,0.00,0,None,0
2025-02-03,58,SKU-SNK-006,Gourmet Salted Pistachios 250g,Snacks & Packaged Foods,81,35640.0,0,0.00,0,None,0
2025-02-03,58,SKU-PER-001,Bhringraj & Onion Hair Fall Control Shampoo 300ml,Personal Care,154,39139.1,1,0.15,0,None,0
2025-02-03,58,SKU-PER-002,Neem & Salicylic Acid Clarifying Face Wash 150ml,Personal Care,111,23310.0,0,0.00,0,None,0
2025-02-03,58,SKU-PER-003,Matte Gel Sunscreen SPF 50 PA++++ 50g,Personal Care,208,93392.0,0,0.00,0,None,0
2025-02-03,58,SKU-PER-004,Deep Cleansing Activated Bamboo Charcoal Soap 125g,Personal Care,211,15962.15,1,0.15,0,None,0
2025-02-03,58,SKU-PER-005,Cedarwood & Argan Nourishing Beard Oil 30ml,Personal Care,43,12255.0,0,0.00,0,None,0
2025-02-03,58,SKU-PER-006,Hydrating Rose Water Face Toner Mist 200ml,Personal Care,117,19392.75,1,0.15,0,None,0
2025-02-03,58,SKU-HOU-001,Citrus Herbal Anti-Bacterial Floor Cleaner 2L,Household Essentials,137,31510.0,0,0.00,0,None,0
2025-02-03,58,SKU-HOU-002,Concentrated Enzymatic Liquid Laundry Detergent 1L,Household Essentials,245,68355.0,0,0.00,0,None,0
2025-02-03,58,SKU-HOU-003,Multi-Surface Disinfectant Surface Spray 500ml,Household Essentials,42,6930.0,0,0.00,0,None,0
2025-02-03,58,SKU-HOU-004,100% Biodegradable Cornstarch Garbage Bags (30 pcs),Household Essentials,160,22400.0,0,0.00,0,None,0
2025-02-03,58,SKU-HOU-005,Lemon Blossom Grease-Cutting Dishwash Gel 750ml,Household Essentials,233,36115.0,0,0.00,0,None,0
2025-02-03,58,SKU-HOU-006,Lavender Aromatherapy Mosquito Repellent Vaporizer Pack,Household Essentials,195,38805.0,0,0.00,0,None,0
2025-02-10,59,SKU-GRO-001,Royal Basmati Rice 5kg,Staples & Groceries,208,124592.0,0,0.00,0,None,0
2025-02-10,59,SKU-GRO-002,Sharbati Whole Wheat Atta 10kg,Staples & Groceries,272,118320.0,0,0.00,0,None,0
2025-02-10,59,SKU-GRO-003,Cold-Pressed Mustard Oil 1L,Staples & Groceries,207,40365.0,0,0.00,0,None,0
2025-02-10,59,SKU-GRO-004,Organic Toor Dal 2kg,Staples & Groceries,158,43450.0,0,0.00,0,None,0
2025-02-10,59,SKU-GRO-005,Refined Sulphur-Free Sugar 5kg,Staples & Groceries,205,51045.0,0,0.00,0,None,0
2025-02-10,59,SKU-GRO-006,Assam Orthodox Whole Leaf Tea 500g,Staples & Groceries,141,50760.0,0,0.00,0,None,0
2025-02-10,59,SKU-BEV-001,Authentic Masala Chai Premix 1kg,Beverages & Dairy,170,81600.0,0,0.00,0,None,0
2025-02-10,59,SKU-BEV-002,Artisanal Cold Brew Coffee 250ml (Pack of 6),Beverages & Dairy,67,36783.0,0,0.00,0,None,0
2025-02-10,59,SKU-BEV-003,Alphonso Mango Pulp Tin 850g,Beverages & Dairy,81,17820.0,0,0.00,0,None,0
2025-02-10,59,SKU-BEV-004,Sparkling Botanical Tonic Water 250ml,Beverages & Dairy,213,15389.25,1,0.15,0,None,0
2025-02-10,59,SKU-BEV-005,Roasted Almond Badam Milk Mix 500g,Beverages & Dairy,90,28350.0,0,0.00,0,None,0
2025-02-10,59,SKU-BEV-006,Tender Coconut Water Tetrapack 200ml (12-pk),Beverages & Dairy,192,68544.0,1,0.15,0,None,0
2025-02-10,59,SKU-SNK-001,Peri Peri Roasted Foxnut Makhana 150g,Snacks & Packaged Foods,190,35910.0,0,0.00,0,None,0
2025-02-10,59,SKU-SNK-002,Dark Chocolate Quinoa Granola 400g,Snacks & Packaged Foods,199,59033.35,1,0.15,0,None,0
2025-02-10,59,SKU-SNK-003,Multigrain Roasted Nachos 200g,Snacks & Packaged Foods,273,27027.0,0,0.00,0,None,0
2025-02-10,59,SKU-SNK-004,Handcrafted Kaju Katli Gift Box 500g,Snacks & Packaged Foods,58,29530.7,1,0.15,0,None,0
2025-02-10,59,SKU-SNK-005,Baked Oats Digestive Biscuits 300g,Snacks & Packaged Foods,133,10640.0,0,0.00,0,None,0
2025-02-10,59,SKU-SNK-006,Gourmet Salted Pistachios 250g,Snacks & Packaged Foods,86,37840.0,0,0.00,0,None,0
2025-02-10,59,SKU-PER-001,Bhringraj & Onion Hair Fall Control Shampoo 300ml,Personal Care,117,34983.0,0,0.00,0,None,0
2025-02-10,59,SKU-PER-002,Neem & Salicylic Acid Clarifying Face Wash 150ml,Personal Care,120,25200.0,0,0.00,0,None,0
2025-02-10,59,SKU-PER-003,Matte Gel Sunscreen SPF 50 PA++++ 50g,Personal Care,141,63309.0,0,0.00,0,None,0
2025-02-10,59,SKU-PER-004,Deep Cleansing Activated Bamboo Charcoal Soap 125g,Personal Care,198,17622.0,0,0.00,0,None,0
2025-02-10,59,SKU-PER-005,Cedarwood & Argan Nourishing Beard Oil 30ml,Personal Care,52,12597.0,1,0.15,0,None,0
2025-02-10,59,SKU-PER-006,Hydrating Rose Water Face Toner Mist 200ml,Personal Care,134,26130.0,0,0.00,0,None,0
2025-02-10,59,SKU-HOU-001,Citrus Herbal Anti-Bacterial Floor Cleaner 2L,Household Essentials,165,37950.0,0,0.00,0,None,0
2025-02-10,59,SKU-HOU-002,Concentrated Enzymatic Liquid Laundry Detergent 1L,Household Essentials,226,63054.0,0,0.00,0,None,0
2025-02-10,59,SKU-HOU-003,Multi-Surface Disinfectant Surface Spray 500ml,Household Essentials,160,26400.0,0,0.00,0,None,0
2025-02-10,59,SKU-HOU-004,100% Biodegradable Cornstarch Garbage Bags (30 pcs),Household Essentials,222,31080.0,0,0.00,0,None,0
2025-02-10,59,SKU-HOU-005,Lemon Blossom Grease-Cutting Dishwash Gel 750ml,Household Essentials,184,28520.0,0,0.00,0,None,0
2025-02-10,59,SKU-HOU-006,Lavender Aromatherapy Mosquito Repellent Vaporizer Pack,Household Essentials,154,30646.0,0,0.00,0,None,0
2025-02-17,60,SKU-GRO-001,Royal Basmati Rice 5kg,Staples & Groceries,203,121597.0,0,0.00,0,None,0
2025-02-17,60,SKU-GRO-002,Sharbati Whole Wheat Atta 10kg,Staples & Groceries,279,121365.0,0,0.00,0,None,0
2025-02-17,60,SKU-GRO-003,Cold-Pressed Mustard Oil 1L,Staples & Groceries,137,26715.0,0,0.00,0,None,0
2025-02-17,60,SKU-GRO-004,Organic Toor Dal 2kg,Staples & Groceries,131,36025.0,0,0.00,0,None,0
2025-02-17,60,SKU-GRO-005,Refined Sulphur-Free Sugar 5kg,Staples & Groceries,284,60108.6,1,0.15,0,None,0
2025-02-17,60,SKU-GRO-006,Assam Orthodox Whole Leaf Tea 500g,Staples & Groceries,148,45288.0,1,0.15,0,None,0
2025-02-17,60,SKU-BEV-001,Authentic Masala Chai Premix 1kg,Beverages & Dairy,223,107040.0,0,0.00,0,None,0
2025-02-17,60,SKU-BEV-002,Artisanal Cold Brew Coffee 250ml (Pack of 6),Beverages & Dairy,121,66429.0,0,0.00,0,None,0
2025-02-17,60,SKU-BEV-003,Alphonso Mango Pulp Tin 850g,Beverages & Dairy,5,935.0,1,0.15,0,None,0
2025-02-17,60,SKU-BEV-004,Sparkling Botanical Tonic Water 250ml,Beverages & Dairy,180,15300.0,0,0.00,0,None,0
2025-02-17,60,SKU-BEV-005,Roasted Almond Badam Milk Mix 500g,Beverages & Dairy,80,25200.0,0,0.00,0,None,0
2025-02-17,60,SKU-BEV-006,Tender Coconut Water Tetrapack 200ml (12-pk),Beverages & Dairy,126,52920.0,0,0.00,0,None,0
2025-02-17,60,SKU-SNK-001,Peri Peri Roasted Foxnut Makhana 150g,Snacks & Packaged Foods,261,49329.0,0,0.00,0,None,0
2025-02-17,60,SKU-SNK-002,Dark Chocolate Quinoa Granola 400g,Snacks & Packaged Foods,88,30712.0,0,0.00,0,None,0
2025-02-17,60,SKU-SNK-003,Multigrain Roasted Nachos 200g,Snacks & Packaged Foods,392,32986.8,1,0.15,0,None,0
2025-02-17,60,SKU-SNK-004,Handcrafted Kaju Katli Gift Box 500g,Snacks & Packaged Foods,25,14975.0,0,0.00,0,None,0
2025-02-17,60,SKU-SNK-005,Baked Oats Digestive Biscuits 300g,Snacks & Packaged Foods,206,16480.0,0,0.00,0,None,0
2025-02-17,60,SKU-SNK-006,Gourmet Salted Pistachios 250g,Snacks & Packaged Foods,73,32120.0,0,0.00,0,None,0
2025-02-17,60,SKU-PER-001,Bhringraj & Onion Hair Fall Control Shampoo 300ml,Personal Care,128,38272.0,0,0.00,0,None,0
2025-02-17,60,SKU-PER-002,Neem & Salicylic Acid Clarifying Face Wash 150ml,Personal Care,112,23520.0,0,0.00,0,None,0
2025-02-17,60,SKU-PER-003,Matte Gel Sunscreen SPF 50 PA++++ 50g,Personal Care,189,84861.0,0,0.00,0,None,0
2025-02-17,60,SKU-PER-004,Deep Cleansing Activated Bamboo Charcoal Soap 125g,Personal Care,135,12015.0,0,0.00,0,None,0
2025-02-17,60,SKU-PER-005,Cedarwood & Argan Nourishing Beard Oil 30ml,Personal Care,55,15675.0,0,0.00,0,None,0
2025-02-17,60,SKU-PER-006,Hydrating Rose Water Face Toner Mist 200ml,Personal Care,140,27300.0,0,0.00,0,None,0
2025-02-17,60,SKU-HOU-001,Citrus Herbal Anti-Bacterial Floor Cleaner 2L,Household Essentials,167,32648.5,1,0.15,0,None,0
2025-02-17,60,SKU-HOU-002,Concentrated Enzymatic Liquid Laundry Detergent 1L,Household Essentials,181,42924.15,1,0.15,0,None,0
2025-02-17,60,SKU-HOU-003,Multi-Surface Disinfectant Surface Spray 500ml,Household Essentials,81,13365.0,0,0.00,0,None,0
2025-02-17,60,SKU-HOU-004,100% Biodegradable Cornstarch Garbage Bags (30 pcs),Household Essentials,196,27440.0,0,0.00,0,None,0
2025-02-17,60,SKU-HOU-005,Lemon Blossom Grease-Cutting Dishwash Gel 750ml,Household Essentials,191,29605.0,0,0.00,0,None,0
2025-02-17,60,SKU-HOU-006,Lavender Aromatherapy Mosquito Repellent Vaporizer Pack,Household Essentials,166,33034.0,0,0.00,0,None,0
2025-02-24,61,SKU-GRO-001,Royal Basmati Rice 5kg,Staples & Groceries,187,95211.05,1,0.15,0,None,0
2025-02-24,61,SKU-GRO-002,Sharbati Whole Wheat Atta 10kg,Staples & Groceries,286,124410.0,0,0.00,0,None,0
2025-02-24,61,SKU-GRO-003,Cold-Pressed Mustard Oil 1L,Staples & Groceries,223,43485.0,0,0.00,0,None,0
2025-02-24,61,SKU-GRO-004,Organic Toor Dal 2kg,Staples & Groceries,154,35997.5,1,0.15,0,None,0
2025-02-24,61,SKU-GRO-005,Refined Sulphur-Free Sugar 5kg,Staples & Groceries,232,57768.0,0,0.00,0,None,0
2025-02-24,61,SKU-GRO-006,Assam Orthodox Whole Leaf Tea 500g,Staples & Groceries,146,52560.0,0,0.00,0,None,0
2025-02-24,61,SKU-BEV-001,Authentic Masala Chai Premix 1kg,Beverages & Dairy,216,88128.0,1,0.15,0,None,0
2025-02-24,61,SKU-BEV-002,Artisanal Cold Brew Coffee 250ml (Pack of 6),Beverages & Dairy,122,66978.0,0,0.00,0,None,0
2025-02-24,61,SKU-BEV-003,Alphonso Mango Pulp Tin 850g,Beverages & Dairy,81,17820.0,0,0.00,0,None,0
2025-02-24,61,SKU-BEV-004,Sparkling Botanical Tonic Water 250ml,Beverages & Dairy,147,12495.0,0,0.00,0,None,0
2025-02-24,61,SKU-BEV-005,Roasted Almond Badam Milk Mix 500g,Beverages & Dairy,86,27090.0,0,0.00,0,None,0
2025-02-24,61,SKU-BEV-006,Tender Coconut Water Tetrapack 200ml (12-pk),Beverages & Dairy,131,55020.0,0,0.00,0,None,0
2025-02-24,61,SKU-SNK-001,Peri Peri Roasted Foxnut Makhana 150g,Snacks & Packaged Foods,275,51975.0,0,0.00,0,None,0
2025-02-24,61,SKU-SNK-002,Dark Chocolate Quinoa Granola 400g,Snacks & Packaged Foods,74,25826.0,0,0.00,0,None,0
2025-02-24,61,SKU-SNK-003,Multigrain Roasted Nachos 200g,Snacks & Packaged Foods,254,25146.0,0,0.00,0,None,0
2025-02-24,61,SKU-SNK-004,Handcrafted Kaju Katli Gift Box 500g,Snacks & Packaged Foods,5,2995.0,0,0.00,0,None,0
2025-02-24,61,SKU-SNK-005,Baked Oats Digestive Biscuits 300g,Snacks & Packaged Foods,201,16080.0,0,0.00,0,None,0
2025-02-24,61,SKU-SNK-006,Gourmet Salted Pistachios 250g,Snacks & Packaged Foods,67,29480.0,0,0.00,0,None,0
2025-02-24,61,SKU-PER-001,Bhringraj & Onion Hair Fall Control Shampoo 300ml,Personal Care,130,38870.0,0,0.00,0,None,0
2025-02-24,61,SKU-PER-002,Neem & Salicylic Acid Clarifying Face Wash 150ml,Personal Care,218,45780.0,0,0.00,0,None,0
2025-02-24,61,SKU-PER-003,Matte Gel Sunscreen SPF 50 PA++++ 50g,Personal Care,67,30083.0,0,0.00,0,None,0
2025-02-24,61,SKU-PER-004,Deep Cleansing Activated Bamboo Charcoal Soap 125g,Personal Care,136,12104.0,0,0.00,0,None,0
2025-02-24,61,SKU-PER-005,Cedarwood & Argan Nourishing Beard Oil 30ml,Personal Care,73,20805.0,0,0.00,0,None,0
2025-02-24,61,SKU-PER-006,Hydrating Rose Water Face Toner Mist 200ml,Personal Care,82,15990.0,0,0.00,0,None,0
2025-02-24,61,SKU-HOU-001,Citrus Herbal Anti-Bacterial Floor Cleaner 2L,Household Essentials,130,29900.0,0,0.00,0,None,0
2025-02-24,61,SKU-HOU-002,Concentrated Enzymatic Liquid Laundry Detergent 1L,Household Essentials,204,56916.0,0,0.00,0,None,0
2025-02-24,61,SKU-HOU-003,Multi-Surface Disinfectant Surface Spray 500ml,Household Essentials,124,20460.0,0,0.00,0,None,0
2025-02-24,61,SKU-HOU-004,100% Biodegradable Cornstarch Garbage Bags (30 pcs),Household Essentials,284,33796.0,1,0.15,0,None,0
2025-02-24,61,SKU-HOU-005,Lemon Blossom Grease-Cutting Dishwash Gel 750ml,Household Essentials,226,35030.0,0,0.00,0,None,0
2025-02-24,61,SKU-HOU-006,Lavender Aromatherapy Mosquito Repellent Vaporizer Pack,Household Essentials,175,34825.0,0,0.00,0,None,0
2025-03-03,62,SKU-GRO-001,Royal Basmati Rice 5kg,Staples & Groceries,171,102429.0,0,0.00,0,None,0
2025-03-03,62,SKU-GRO-002,Sharbati Whole Wheat Atta 10kg,Staples & Groceries,257,111795.0,0,0.00,0,None,0
2025-03-03,62,SKU-GRO-003,Cold-Pressed Mustard Oil 1L,Staples & Groceries,163,31785.0,0,0.00,0,None,0
2025-03-03,62,SKU-GRO-004,Organic Toor Dal 2kg,Staples & Groceries,191,52525.0,0,0.00,0,None,0
2025-03-03,62,SKU-GRO-005,Refined Sulphur-Free Sugar 5kg,Staples & Groceries,203,50547.0,0,0.00,0,None,0
2025-03-03,62,SKU-GRO-006,Assam Orthodox Whole Leaf Tea 500g,Staples & Groceries,126,45360.0,0,0.00,0,None,0
2025-03-03,62,SKU-BEV-001,Authentic Masala Chai Premix 1kg,Beverages & Dairy,132,63360.0,0,0.00,0,None,0
2025-03-03,62,SKU-BEV-002,Artisanal Cold Brew Coffee 250ml (Pack of 6),Beverages & Dairy,65,35685.0,0,0.00,0,None,0
2025-03-03,62,SKU-BEV-003,Alphonso Mango Pulp Tin 850g,Beverages & Dairy,102,22440.0,0,0.00,0,None,0
2025-03-03,62,SKU-BEV-004,Sparkling Botanical Tonic Water 250ml,Beverages & Dairy,144,12240.0,0,0.00,0,None,0
2025-03-03,62,SKU-BEV-005,Roasted Almond Badam Milk Mix 500g,Beverages & Dairy,105,33075.0,0,0.00,0,None,0
2025-03-03,62,SKU-BEV-006,Tender Coconut Water Tetrapack 200ml (12-pk),Beverages & Dairy,174,73080.0,0,0.00,0,None,0
2025-03-03,62,SKU-SNK-001,Peri Peri Roasted Foxnut Makhana 150g,Snacks & Packaged Foods,326,52371.9,1,0.15,0,None,0
2025-03-03,62,SKU-SNK-002,Dark Chocolate Quinoa Granola 400g,Snacks & Packaged Foods,132,46068.0,0,0.00,0,None,0
2025-03-03,62,SKU-SNK-003,Multigrain Roasted Nachos 200g,Snacks & Packaged Foods,216,21384.0,0,0.00,0,None,0
2025-03-03,62,SKU-SNK-004,Handcrafted Kaju Katli Gift Box 500g,Snacks & Packaged Foods,76,45524.0,0,0.00,0,None,0
2025-03-03,62,SKU-SNK-005,Baked Oats Digestive Biscuits 300g,Snacks & Packaged Foods,234,18720.0,0,0.00,0,None,0
2025-03-03,62,SKU-SNK-006,Gourmet Salted Pistachios 250g,Snacks & Packaged Foods,78,34320.0,0,0.00,0,None,0
2025-03-03,62,SKU-PER-001,Bhringraj & Onion Hair Fall Control Shampoo 300ml,Personal Care,130,38870.0,0,0.00,0,None,0
2025-03-03,62,SKU-PER-002,Neem & Salicylic Acid Clarifying Face Wash 150ml,Personal Care,138,28980.0,0,0.00,0,None,0
2025-03-03,62,SKU-PER-003,Matte Gel Sunscreen SPF 50 PA++++ 50g,Personal Care,37,16613.0,0,0.00,0,None,0
2025-03-03,62,SKU-PER-004,Deep Cleansing Activated Bamboo Charcoal Soap 125g,Personal Care,120,10680.0,0,0.00,0,None,0
2025-03-03,62,SKU-PER-005,Cedarwood & Argan Nourishing Beard Oil 30ml,Personal Care,89,25365.0,0,0.00,0,None,0
2025-03-03,62,SKU-PER-006,Hydrating Rose Water Face Toner Mist 200ml,Personal Care,72,14040.0,0,0.00,0,None,0
2025-03-03,62,SKU-HOU-001,Citrus Herbal Anti-Bacterial Floor Cleaner 2L,Household Essentials,152,34960.0,0,0.00,0,None,0
2025-03-03,62,SKU-HOU-002,Concentrated Enzymatic Liquid Laundry Detergent 1L,Household Essentials,283,78957.0,0,0.00,0,None,0
2025-03-03,62,SKU-HOU-003,Multi-Surface Disinfectant Surface Spray 500ml,Household Essentials,183,25665.75,1,0.15,0,None,0
2025-03-03,62,SKU-HOU-004,100% Biodegradable Cornstarch Garbage Bags (30 pcs),Household Essentials,168,23520.0,0,0.00,0,None,0
2025-03-03,62,SKU-HOU-005,Lemon Blossom Grease-Cutting Dishwash Gel 750ml,Household Essentials,224,34720.0,0,0.00,0,None,0
2025-03-03,62,SKU-HOU-006,Lavender Aromatherapy Mosquito Repellent Vaporizer Pack,Household Essentials,232,39242.8,1,0.15,0,None,0
2025-03-10,63,SKU-GRO-001,Royal Basmati Rice 5kg,Staples & Groceries,219,131181.0,0,0.00,1,None,1
2025-03-10,63,SKU-GRO-002,Sharbati Whole Wheat Atta 10kg,Staples & Groceries,329,121647.75,1,0.15,1,None,0
2025-03-10,63,SKU-GRO-003,Cold-Pressed Mustard Oil 1L,Staples & Groceries,174,33930.0,0,0.00,1,None,0
2025-03-10,63,SKU-GRO-004,Organic Toor Dal 2kg,Staples & Groceries,144,39600.0,0,0.00,1,None,0
2025-03-10,63,SKU-GRO-005,Refined Sulphur-Free Sugar 5kg,Staples & Groceries,223,55527.0,0,0.00,1,None,0
2025-03-10,63,SKU-GRO-006,Assam Orthodox Whole Leaf Tea 500g,Staples & Groceries,163,58680.0,0,0.00,1,None,0
2025-03-10,63,SKU-BEV-001,Authentic Masala Chai Premix 1kg,Beverages & Dairy,125,60000.0,0,0.00,1,Holi 2025,0
2025-03-10,63,SKU-BEV-002,Artisanal Cold Brew Coffee 250ml (Pack of 6),Beverages & Dairy,212,98929.8,1,0.15,1,Holi 2025,0
2025-03-10,63,SKU-BEV-003,Alphonso Mango Pulp Tin 850g,Beverages & Dairy,211,46420.0,0,0.00,1,Holi 2025,1
2025-03-10,63,SKU-BEV-004,Sparkling Botanical Tonic Water 250ml,Beverages & Dairy,265,22525.0,0,0.00,1,Holi 2025,0
2025-03-10,63,SKU-BEV-005,Roasted Almond Badam Milk Mix 500g,Beverages & Dairy,117,36855.0,0,0.00,1,Holi 2025,0
2025-03-10,63,SKU-BEV-006,Tender Coconut Water Tetrapack 200ml (12-pk),Beverages & Dairy,125,52500.0,0,0.00,1,Holi 2025,0
2025-03-10,63,SKU-SNK-001,Peri Peri Roasted Foxnut Makhana 150g,Snacks & Packaged Foods,282,53298.0,0,0.00,1,Holi 2025,0
2025-03-10,63,SKU-SNK-002,Dark Chocolate Quinoa Granola 400g,Snacks & Packaged Foods,200,69800.0,0,0.00,1,Holi 2025,0
2025-03-10,63,SKU-SNK-003,Multigrain Roasted Nachos 200g,Snacks & Packaged Foods,403,39897.0,0,0.00,1,Holi 2025,0
2025-03-10,63,SKU-SNK-004,Handcrafted Kaju Katli Gift Box 500g,Snacks & Packaged Foods,81,48519.0,0,0.00,1,Holi 2025,0
2025-03-10,63,SKU-SNK-005,Baked Oats Digestive Biscuits 300g,Snacks & Packaged Foods,178,14240.0,0,0.00,1,Holi 2025,0
2025-03-10,63,SKU-SNK-006,Gourmet Salted Pistachios 250g,Snacks & Packaged Foods,66,29040.0,0,0.00,1,Holi 2025,0
2025-03-10,63,SKU-PER-001,Bhringraj & Onion Hair Fall Control Shampoo 300ml,Personal Care,207,61893.0,0,0.00,1,None,0
2025-03-10,63,SKU-PER-002,Neem & Salicylic Acid Clarifying Face Wash 150ml,Personal Care,215,45150.0,0,0.00,1,None,0
2025-03-10,63,SKU-PER-003,Matte Gel Sunscreen SPF 50 PA++++ 50g,Personal Care,170,64880.5,1,0.15,1,None,0
2025-03-10,63,SKU-PER-004,Deep Cleansing Activated Bamboo Charcoal Soap 125g,Personal Care,189,16821.0,0,0.00,1,None,0
2025-03-10,63,SKU-PER-005,Cedarwood & Argan Nourishing Beard Oil 30ml,Personal Care,24,6840.0,0,0.00,1,None,0
2025-03-10,63,SKU-PER-006,Hydrating Rose Water Face Toner Mist 200ml,Personal Care,131,25545.0,0,0.00,1,None,0
2025-03-10,63,SKU-HOU-001,Citrus Herbal Anti-Bacterial Floor Cleaner 2L,Household Essentials,179,41170.0,0,0.00,1,None,0
2025-03-10,63,SKU-HOU-002,Concentrated Enzymatic Liquid Laundry Detergent 1L,Household Essentials,242,67518.0,0,0.00,1,None,0
2025-03-10,63,SKU-HOU-003,Multi-Surface Disinfectant Surface Spray 500ml,Household Essentials,147,24255.0,0,0.00,1,None,0
2025-03-10,63,SKU-HOU-004,100% Biodegradable Cornstarch Garbage Bags (30 pcs),Household Essentials,198,27720.0,0,0.00,1,None,0
2025-03-10,63,SKU-HOU-005,Lemon Blossom Grease-Cutting Dishwash Gel 750ml,Household Essentials,226,35030.0,0,0.00,1,None,0
2025-03-10,63,SKU-HOU-006,Lavender Aromatherapy Mosquito Repellent Vaporizer Pack,Household Essentials,52,10348.0,0,0.00,1,None,0
2025-03-17,64,SKU-GRO-001,Royal Basmati Rice 5kg,Staples & Groceries,153,91647.0,0,0.00,0,None,0
2025-03-17,64,SKU-GRO-002,Sharbati Whole Wheat Atta 10kg,Staples & Groceries,252,109620.0,0,0.00,0,None,0
2025-03-17,64,SKU-GRO-003,Cold-Pressed Mustard Oil 1L,Staples & Groceries,156,30420.0,0,0.00,0,None,0
2025-03-17,64,SKU-GRO-004,Organic Toor Dal 2kg,Staples & Groceries,140,38500.0,0,0.00,0,None,0
2025-03-17,64,SKU-GRO-005,Refined Sulphur-Free Sugar 5kg,Staples & Groceries,208,51792.0,0,0.00,0,None,0
2025-03-17,64,SKU-GRO-006,Assam Orthodox Whole Leaf Tea 500g,Staples & Groceries,68,24480.0,0,0.00,0,None,0
2025-03-17,64,SKU-BEV-001,Authentic Masala Chai Premix 1kg,Beverages & Dairy,130,62400.0,0,0.00,0,None,0
2025-03-17,64,SKU-BEV-002,Artisanal Cold Brew Coffee 250ml (Pack of 6),Beverages & Dairy,67,36783.0,0,0.00,0,None,0
2025-03-17,64,SKU-BEV-003,Alphonso Mango Pulp Tin 850g,Beverages & Dairy,110,24200.0,0,0.00,0,None,0
2025-03-17,64,SKU-BEV-004,Sparkling Botanical Tonic Water 250ml,Beverages & Dairy,162,13770.0,0,0.00,0,None,0
2025-03-17,64,SKU-BEV-005,Roasted Almond Badam Milk Mix 500g,Beverages & Dairy,108,34020.0,0,0.00,0,None,0
2025-03-17,64,SKU-BEV-006,Tender Coconut Water Tetrapack 200ml (12-pk),Beverages & Dairy,81,34020.0,0,0.00,0,None,0
2025-03-17,64,SKU-SNK-001,Peri Peri Roasted Foxnut Makhana 150g,Snacks & Packaged Foods,154,29106.0,0,0.00,0,None,0
2025-03-17,64,SKU-SNK-002,Dark Chocolate Quinoa Granola 400g,Snacks & Packaged Foods,130,45370.0,0,0.00,0,None,0
2025-03-17,64,SKU-SNK-003,Multigrain Roasted Nachos 200g,Snacks & Packaged Foods,303,29997.0,0,0.00,0,None,0
2025-03-17,64,SKU-SNK-004,Handcrafted Kaju Katli Gift Box 500g,Snacks & Packaged Foods,91,54509.0,0,0.00,0,None,0
2025-03-17,64,SKU-SNK-005,Baked Oats Digestive Biscuits 300g,Snacks & Packaged Foods,272,18496.0,1,0.15,0,None,0
2025-03-17,64,SKU-SNK-006,Gourmet Salted Pistachios 250g,Snacks & Packaged Foods,139,51986.0,1,0.15,0,None,0
2025-03-17,64,SKU-PER-001,Bhringraj & Onion Hair Fall Control Shampoo 300ml,Personal Care,168,50232.0,0,0.00,0,None,0
2025-03-17,64,SKU-PER-002,Neem & Salicylic Acid Clarifying Face Wash 150ml,Personal Care,204,36414.0,1,0.15,0,None,0
2025-03-17,64,SKU-PER-003,Matte Gel Sunscreen SPF 50 PA++++ 50g,Personal Care,114,51186.0,0,0.00,0,None,0
2025-03-17,64,SKU-PER-004,Deep Cleansing Activated Bamboo Charcoal Soap 125g,Personal Care,216,19224.0,0,0.00,0,None,0
2025-03-17,64,SKU-PER-005,Cedarwood & Argan Nourishing Beard Oil 30ml,Personal Care,39,11115.0,0,0.00,0,None,0
2025-03-17,64,SKU-PER-006,Hydrating Rose Water Face Toner Mist 200ml,Personal Care,134,26130.0,0,0.00,0,None,0
2025-03-17,64,SKU-HOU-001,Citrus Herbal Anti-Bacterial Floor Cleaner 2L,Household Essentials,171,39330.0,0,0.00,0,None,0
2025-03-17,64,SKU-HOU-002,Concentrated Enzymatic Liquid Laundry Detergent 1L,Household Essentials,270,75330.0,0,0.00,0,None,0
2025-03-17,64,SKU-HOU-003,Multi-Surface Disinfectant Surface Spray 500ml,Household Essentials,165,27225.0,0,0.00,0,None,0
2025-03-17,64,SKU-HOU-004,100% Biodegradable Cornstarch Garbage Bags (30 pcs),Household Essentials,243,34020.0,0,0.00,0,None,0
2025-03-17,64,SKU-HOU-005,Lemon Blossom Grease-Cutting Dishwash Gel 750ml,Household Essentials,259,34123.25,1,0.15,0,None,0
2025-03-17,64,SKU-HOU-006,Lavender Aromatherapy Mosquito Repellent Vaporizer Pack,Household Essentials,159,31641.0,0,0.00,0,None,0
2025-03-24,65,SKU-GRO-001,Royal Basmati Rice 5kg,Staples & Groceries,145,86855.0,0,0.00,0,None,0
2025-03-24,65,SKU-GRO-002,Sharbati Whole Wheat Atta 10kg,Staples & Groceries,228,99180.0,0,0.00,0,None,0
2025-03-24,65,SKU-GRO-003,Cold-Pressed Mustard Oil 1L,Staples & Groceries,214,35470.5,1,0.15,0,None,0
2025-03-24,65,SKU-GRO-004,Organic Toor Dal 2kg,Staples & Groceries,153,42075.0,0,0.00,0,None,0
2025-03-24,65,SKU-GRO-005,Refined Sulphur-Free Sugar 5kg,Staples & Groceries,214,53286.0,0,0.00,0,None,0
2025-03-24,65,SKU-GRO-006,Assam Orthodox Whole Leaf Tea 500g,Staples & Groceries,122,43920.0,0,0.00,0,None,0
2025-03-24,65,SKU-BEV-001,Authentic Masala Chai Premix 1kg,Beverages & Dairy,125,60000.0,0,0.00,0,None,0
2025-03-24,65,SKU-BEV-002,Artisanal Cold Brew Coffee 250ml (Pack of 6),Beverages & Dairy,83,45567.0,0,0.00,0,None,0
2025-03-24,65,SKU-BEV-003,Alphonso Mango Pulp Tin 850g,Beverages & Dairy,44,9680.0,0,0.00,0,None,0
2025-03-24,65,SKU-BEV-004,Sparkling Botanical Tonic Water 250ml,Beverages & Dairy,171,14535.0,0,0.00,0,None,0
2025-03-24,65,SKU-BEV-005,Roasted Almond Badam Milk Mix 500g,Beverages & Dairy,113,30255.75,1,0.15,0,None,0
2025-03-24,65,SKU-BEV-006,Tender Coconut Water Tetrapack 200ml (12-pk),Beverages & Dairy,110,46200.0,0,0.00,0,None,0
2025-03-24,65,SKU-SNK-001,Peri Peri Roasted Foxnut Makhana 150g,Snacks & Packaged Foods,218,41202.0,0,0.00,0,None,0
2025-03-24,65,SKU-SNK-002,Dark Chocolate Quinoa Granola 400g,Snacks & Packaged Foods,90,31410.0,0,0.00,0,None,0
2025-03-24,65,SKU-SNK-003,Multigrain Roasted Nachos 200g,Snacks & Packaged Foods,196,19404.0,0,0.00,0,None,0
2025-03-24,65,SKU-SNK-004,Handcrafted Kaju Katli Gift Box 500g,Snacks & Packaged Foods,83,49717.0,0,0.00,0,None,0
2025-03-24,65,SKU-SNK-005,Baked Oats Digestive Biscuits 300g,Snacks & Packaged Foods,192,15360.0,0,0.00,0,None,0
2025-03-24,65,SKU-SNK-006,Gourmet Salted Pistachios 250g,Snacks & Packaged Foods,47,20680.0,0,0.00,0,None,0
2025-03-24,65,SKU-PER-001,Bhringraj & Onion Hair Fall Control Shampoo 300ml,Personal Care,170,43205.5,1,0.15,0,None,0
2025-03-24,65,SKU-PER-002,Neem & Salicylic Acid Clarifying Face Wash 150ml,Personal Care,186,39060.0,0,0.00,0,None,0
2025-03-24,65,SKU-PER-003,Matte Gel Sunscreen SPF 50 PA++++ 50g,Personal Care,230,103270.0,0,0.00,0,None,0
2025-03-24,65,SKU-PER-004,Deep Cleansing Activated Bamboo Charcoal Soap 125g,Personal Care,217,16416.05,1,0.15,0,None,0
2025-03-24,65,SKU-PER-005,Cedarwood & Argan Nourishing Beard Oil 30ml,Personal Care,52,14820.0,0,0.00,0,None,0
2025-03-24,65,SKU-PER-006,Hydrating Rose Water Face Toner Mist 200ml,Personal Care,180,29835.0,1,0.15,0,None,0
2025-03-24,65,SKU-HOU-001,Citrus Herbal Anti-Bacterial Floor Cleaner 2L,Household Essentials,181,41630.0,0,0.00,0,None,0
2025-03-24,65,SKU-HOU-002,Concentrated Enzymatic Liquid Laundry Detergent 1L,Household Essentials,226,63054.0,0,0.00,0,None,0
2025-03-24,65,SKU-HOU-003,Multi-Surface Disinfectant Surface Spray 500ml,Household Essentials,97,16005.0,0,0.00,0,None,0
2025-03-24,65,SKU-HOU-004,100% Biodegradable Cornstarch Garbage Bags (30 pcs),Household Essentials,211,29540.0,0,0.00,0,None,0
2025-03-24,65,SKU-HOU-005,Lemon Blossom Grease-Cutting Dishwash Gel 750ml,Household Essentials,196,30380.0,0,0.00,0,None,0
2025-03-24,65,SKU-HOU-006,Lavender Aromatherapy Mosquito Repellent Vaporizer Pack,Household Essentials,194,38606.0,0,0.00,0,None,0
2025-03-31,66,SKU-GRO-001,Royal Basmati Rice 5kg,Staples & Groceries,199,119201.0,0,0.00,0,None,0
2025-03-31,66,SKU-GRO-002,Sharbati Whole Wheat Atta 10kg,Staples & Groceries,245,106575.0,0,0.00,0,None,0
2025-03-31,66,SKU-GRO-003,Cold-Pressed Mustard Oil 1L,Staples & Groceries,172,33540.0,0,0.00,0,None,0
2025-03-31,66,SKU-GRO-004,Organic Toor Dal 2kg,Staples & Groceries,138,37950.0,0,0.00,0,None,0
2025-03-31,66,SKU-GRO-005,Refined Sulphur-Free Sugar 5kg,Staples & Groceries,181,45069.0,0,0.00,0,None,0
2025-03-31,66,SKU-GRO-006,Assam Orthodox Whole Leaf Tea 500g,Staples & Groceries,118,42480.0,0,0.00,0,None,0
2025-03-31,66,SKU-BEV-001,Authentic Masala Chai Premix 1kg,Beverages & Dairy,140,67200.0,0,0.00,0,None,0
2025-03-31,66,SKU-BEV-002,Artisanal Cold Brew Coffee 250ml (Pack of 6),Beverages & Dairy,194,106506.0,0,0.00,0,None,0
2025-03-31,66,SKU-BEV-003,Alphonso Mango Pulp Tin 850g,Beverages & Dairy,68,14960.0,0,0.00,0,None,0
2025-03-31,66,SKU-BEV-004,Sparkling Botanical Tonic Water 250ml,Beverages & Dairy,246,17773.5,1,0.15,0,None,0
2025-03-31,66,SKU-BEV-005,Roasted Almond Badam Milk Mix 500g,Beverages & Dairy,135,42525.0,0,0.00,0,None,0
2025-03-31,66,SKU-BEV-006,Tender Coconut Water Tetrapack 200ml (12-pk),Beverages & Dairy,294,104958.0,1,0.15,0,None,0
2025-03-31,66,SKU-SNK-001,Peri Peri Roasted Foxnut Makhana 150g,Snacks & Packaged Foods,166,31374.0,0,0.00,0,None,0
2025-03-31,66,SKU-SNK-002,Dark Chocolate Quinoa Granola 400g,Snacks & Packaged Foods,213,63186.45,1,0.15,0,None,0
2025-03-31,66,SKU-SNK-003,Multigrain Roasted Nachos 200g,Snacks & Packaged Foods,270,26730.0,0,0.00,0,None,0
2025-03-31,66,SKU-SNK-004,Handcrafted Kaju Katli Gift Box 500g,Snacks & Packaged Foods,5,2545.75,1,0.15,0,None,0
2025-03-31,66,SKU-SNK-005,Baked Oats Digestive Biscuits 300g,Snacks & Packaged Foods,182,14560.0,0,0.00,0,None,0
2025-03-31,66,SKU-SNK-006,Gourmet Salted Pistachios 250g,Snacks & Packaged Foods,95,41800.0,0,0.00,0,None,1
2025-03-31,66,SKU-PER-001,Bhringraj & Onion Hair Fall Control Shampoo 300ml,Personal Care,208,62192.0,0,0.00,0,None,0
2025-03-31,66,SKU-PER-002,Neem & Salicylic Acid Clarifying Face Wash 150ml,Personal Care,255,53550.0,0,0.00,0,None,0
2025-03-31,66,SKU-PER-003,Matte Gel Sunscreen SPF 50 PA++++ 50g,Personal Care,195,87555.0,0,0.00,0,None,0
2025-03-31,66,SKU-PER-004,Deep Cleansing Activated Bamboo Charcoal Soap 125g,Personal Care,196,17444.0,0,0.00,0,None,0
2025-03-31,66,SKU-PER-005,Cedarwood & Argan Nourishing Beard Oil 30ml,Personal Care,42,10174.5,1,0.15,0,None,0
2025-03-31,66,SKU-PER-006,Hydrating Rose Water Face Toner Mist 200ml,Personal Care,123,23985.0,0,0.00,0,None,0
2025-03-31,66,SKU-HOU-001,Citrus Herbal Anti-Bacterial Floor Cleaner 2L,Household Essentials,193,44390.0,0,0.00,0,None,0
2025-03-31,66,SKU-HOU-002,Concentrated Enzymatic Liquid Laundry Detergent 1L,Household Essentials,187,52173.0,0,0.00,0,None,0
2025-03-31,66,SKU-HOU-003,Multi-Surface Disinfectant Surface Spray 500ml,Household Essentials,140,23100.0,0,0.00,0,None,0
2025-03-31,66,SKU-HOU-004,100% Biodegradable Cornstarch Garbage Bags (30 pcs),Household Essentials,249,34860.0,0,0.00,0,None,0
2025-03-31,66,SKU-HOU-005,Lemon Blossom Grease-Cutting Dishwash Gel 750ml,Household Essentials,221,34255.0,0,0.00,0,None,0
2025-03-31,66,SKU-HOU-006,Lavender Aromatherapy Mosquito Repellent Vaporizer Pack,Household Essentials,176,35024.0,0,0.00,0,None,0
2025-04-07,67,SKU-GRO-001,Royal Basmati Rice 5kg,Staples & Groceries,192,115008.0,0,0.00,0,None,0
2025-04-07,67,SKU-GRO-002,Sharbati Whole Wheat Atta 10kg,Staples & Groceries,222,96570.0,0,0.00,0,None,0
2025-04-07,67,SKU-GRO-003,Cold-Pressed Mustard Oil 1L,Staples & Groceries,160,31200.0,0,0.00,0,None,0
2025-04-07,67,SKU-GRO-004,Organic Toor Dal 2kg,Staples & Groceries,106,29150.0,0,0.00,0,None,0
2025-04-07,67,SKU-GRO-005,Refined Sulphur-Free Sugar 5kg,Staples & Groceries,256,54182.4,1,0.15,0,None,4
2025-04-07,67,SKU-GRO-006,Assam Orthodox Whole Leaf Tea 500g,Staples & Groceries,168,51408.0,1,0.15,0,None,0
2025-04-07,67,SKU-BEV-001,Authentic Masala Chai Premix 1kg,Beverages & Dairy,170,81600.0,0,0.00,0,None,0
2025-04-07,67,SKU-BEV-002,Artisanal Cold Brew Coffee 250ml (Pack of 6),Beverages & Dairy,108,59292.0,0,0.00,0,None,0
2025-04-07,67,SKU-BEV-003,Alphonso Mango Pulp Tin 850g,Beverages & Dairy,212,39644.0,1,0.15,0,None,0
2025-04-07,67,SKU-BEV-004,Sparkling Botanical Tonic Water 250ml,Beverages & Dairy,180,15300.0,0,0.00,0,None,0
2025-04-07,67,SKU-BEV-005,Roasted Almond Badam Milk Mix 500g,Beverages & Dairy,72,22680.0,0,0.00,0,None,0
2025-04-07,67,SKU-BEV-006,Tender Coconut Water Tetrapack 200ml (12-pk),Beverages & Dairy,86,36120.0,0,0.00,0,None,0
2025-04-07,67,SKU-SNK-001,Peri Peri Roasted Foxnut Makhana 150g,Snacks & Packaged Foods,301,56889.0,0,0.00,0,None,0
2025-04-07,67,SKU-SNK-002,Dark Chocolate Quinoa Granola 400g,Snacks & Packaged Foods,100,34900.0,0,0.00,0,None,0
2025-04-07,67,SKU-SNK-003,Multigrain Roasted Nachos 200g,Snacks & Packaged Foods,382,32145.3,1,0.15,0,None,0
2025-04-07,67,SKU-SNK-004,Handcrafted Kaju Katli Gift Box 500g,Snacks & Packaged Foods,16,9584.0,0,0.00,0,None,0
2025-04-07,67,SKU-SNK-005,Baked Oats Digestive Biscuits 300g,Snacks & Packaged Foods,123,9840.0,0,0.00,0,None,0
2025-04-07,67,SKU-SNK-006,Gourmet Salted Pistachios 250g,Snacks & Packaged Foods,85,37400.0,0,0.00,0,None,0
2025-04-07,67,SKU-PER-001,Bhringraj & Onion Hair Fall Control Shampoo 300ml,Personal Care,231,69069.0,0,0.00,0,None,0
2025-04-07,67,SKU-PER-002,Neem & Salicylic Acid Clarifying Face Wash 150ml,Personal Care,163,34230.0,0,0.00,0,None,0
2025-04-07,67,SKU-PER-003,Matte Gel Sunscreen SPF 50 PA++++ 50g,Personal Care,163,73187.0,0,0.00,0,None,0
2025-04-07,67,SKU-PER-004,Deep Cleansing Activated Bamboo Charcoal Soap 125g,Personal Care,273,24297.0,0,0.00,0,None,0
2025-04-07,67,SKU-PER-005,Cedarwood & Argan Nourishing Beard Oil 30ml,Personal Care,32,9120.0,0,0.00,0,None,0
2025-04-07,67,SKU-PER-006,Hydrating Rose Water Face Toner Mist 200ml,Personal Care,103,20085.0,0,0.00,0,None,0
2025-04-07,67,SKU-HOU-001,Citrus Herbal Anti-Bacterial Floor Cleaner 2L,Household Essentials,214,41837.0,1,0.15,0,None,0
2025-04-07,67,SKU-HOU-002,Concentrated Enzymatic Liquid Laundry Detergent 1L,Household Essentials,283,67113.45,1,0.15,0,None,0
2025-04-07,67,SKU-HOU-003,Multi-Surface Disinfectant Surface Spray 500ml,Household Essentials,116,19140.0,0,0.00,0,None,0
2025-04-07,67,SKU-HOU-004,100% Biodegradable Cornstarch Garbage Bags (30 pcs),Household Essentials,221,30940.0,0,0.00,0,None,0
2025-04-07,67,SKU-HOU-005,Lemon Blossom Grease-Cutting Dishwash Gel 750ml,Household Essentials,238,36890.0,0,0.00,0,None,0
2025-04-07,67,SKU-HOU-006,Lavender Aromatherapy Mosquito Repellent Vaporizer Pack,Household Essentials,159,31641.0,0,0.00,0,None,0
2025-04-14,68,SKU-GRO-001,Royal Basmati Rice 5kg,Staples & Groceries,198,100811.7,1,0.15,0,None,0
2025-04-14,68,SKU-GRO-002,Sharbati Whole Wheat Atta 10kg,Staples & Groceries,256,111360.0,0,0.00,0,None,0
2025-04-14,68,SKU-GRO-003,Cold-Pressed Mustard Oil 1L,Staples & Groceries,172,33540.0,0,0.00,0,None,0
2025-04-14,68,SKU-GRO-004,Organic Toor Dal 2kg,Staples & Groceries,219,51191.25,1,0.15,0,None,0
2025-04-14,68,SKU-GRO-005,Refined Sulphur-Free Sugar 5kg,Staples & Groceries,224,55776.0,0,0.00,0,None,0
2025-04-14,68,SKU-GRO-006,Assam Orthodox Whole Leaf Tea 500g,Staples & Groceries,148,53280.0,0,0.00,0,None,0
2025-04-14,68,SKU-BEV-001,Authentic Masala Chai Premix 1kg,Beverages & Dairy,165,67320.0,1,0.15,0,None,0
2025-04-14,68,SKU-BEV-002,Artisanal Cold Brew Coffee 250ml (Pack of 6),Beverages & Dairy,89,48861.0,0,0.00,0,None,0
2025-04-14,68,SKU-BEV-003,Alphonso Mango Pulp Tin 850g,Beverages & Dairy,134,29480.0,0,0.00,0,None,0
2025-04-14,68,SKU-BEV-004,Sparkling Botanical Tonic Water 250ml,Beverages & Dairy,212,18020.0,0,0.00,0,None,0
2025-04-14,68,SKU-BEV-005,Roasted Almond Badam Milk Mix 500g,Beverages & Dairy,113,35595.0,0,0.00,0,None,0
2025-04-14,68,SKU-BEV-006,Tender Coconut Water Tetrapack 200ml (12-pk),Beverages & Dairy,180,75600.0,0,0.00,0,None,0
2025-04-14,68,SKU-SNK-001,Peri Peri Roasted Foxnut Makhana 150g,Snacks & Packaged Foods,248,46872.0,0,0.00,0,None,0
2025-04-14,68,SKU-SNK-002,Dark Chocolate Quinoa Granola 400g,Snacks & Packaged Foods,73,25477.0,0,0.00,0,None,0
2025-04-14,68,SKU-SNK-003,Multigrain Roasted Nachos 200g,Snacks & Packaged Foods,188,18612.0,0,0.00,0,None,0
2025-04-14,68,SKU-SNK-004,Handcrafted Kaju Katli Gift Box 500g,Snacks & Packaged Foods,91,54509.0,0,0.00,0,None,0
2025-04-14,68,SKU-SNK-005,Baked Oats Digestive Biscuits 300g,Snacks & Packaged Foods,134,10720.0,0,0.00,0,None,0
2025-04-14,68,SKU-SNK-006,Gourmet Salted Pistachios 250g,Snacks & Packaged Foods,87,38280.0,0,0.00,0,None,0
2025-04-14,68,SKU-PER-001,Bhringraj & Onion Hair Fall Control Shampoo 300ml,Personal Care,142,42458.0,0,0.00,0,None,0
2025-04-14,68,SKU-PER-002,Neem & Salicylic Acid Clarifying Face Wash 150ml,Personal Care,257,53970.0,0,0.00,0,None,0
2025-04-14,68,SKU-PER-003,Matte Gel Sunscreen SPF 50 PA++++ 50g,Personal Care,87,39063.0,0,0.00,0,None,0
2025-04-14,68,SKU-PER-004,Deep Cleansing Activated Bamboo Charcoal Soap 125g,Personal Care,241,21449.0,0,0.00,0,None,0
2025-04-14,68,SKU-PER-005,Cedarwood & Argan Nourishing Beard Oil 30ml,Personal Care,94,26790.0,0,0.00,0,None,0
2025-04-14,68,SKU-PER-006,Hydrating Rose Water Face Toner Mist 200ml,Personal Care,146,28470.0,0,0.00,0,None,0
2025-04-14,68,SKU-HOU-001,Citrus Herbal Anti-Bacterial Floor Cleaner 2L,Household Essentials,212,48760.0,0,0.00,0,None,0
2025-04-14,68,SKU-HOU-002,Concentrated Enzymatic Liquid Laundry Detergent 1L,Household Essentials,225,62775.0,0,0.00,0,None,0
2025-04-14,68,SKU-HOU-003,Multi-Surface Disinfectant Surface Spray 500ml,Household Essentials,149,24585.0,0,0.00,0,None,0
2025-04-14,68,SKU-HOU-004,100% Biodegradable Cornstarch Garbage Bags (30 pcs),Household Essentials,337,40103.0,1,0.15,0,None,0
2025-04-14,68,SKU-HOU-005,Lemon Blossom Grease-Cutting Dishwash Gel 750ml,Household Essentials,183,28365.0,0,0.00,0,None,0
2025-04-14,68,SKU-HOU-006,Lavender Aromatherapy Mosquito Repellent Vaporizer Pack,Household Essentials,79,15721.0,0,0.00,0,None,0
2025-04-21,69,SKU-GRO-001,Royal Basmati Rice 5kg,Staples & Groceries,199,119201.0,0,0.00,0,None,0
2025-04-21,69,SKU-GRO-002,Sharbati Whole Wheat Atta 10kg,Staples & Groceries,262,113970.0,0,0.00,0,None,0
2025-04-21,69,SKU-GRO-003,Cold-Pressed Mustard Oil 1L,Staples & Groceries,172,33540.0,0,0.00,0,None,0
2025-04-21,69,SKU-GRO-004,Organic Toor Dal 2kg,Staples & Groceries,135,37125.0,0,0.00,0,None,0
2025-04-21,69,SKU-GRO-005,Refined Sulphur-Free Sugar 5kg,Staples & Groceries,188,46812.0,0,0.00,0,None,0
2025-04-21,69,SKU-GRO-006,Assam Orthodox Whole Leaf Tea 500g,Staples & Groceries,68,24480.0,0,0.00,0,None,0
2025-04-21,69,SKU-BEV-001,Authentic Masala Chai Premix 1kg,Beverages & Dairy,139,66720.0,0,0.00,0,None,0
2025-04-21,69,SKU-BEV-002,Artisanal Cold Brew Coffee 250ml (Pack of 6),Beverages & Dairy,104,57096.0,0,0.00,0,None,0
2025-04-21,69,SKU-BEV-003,Alphonso Mango Pulp Tin 850g,Beverages & Dairy,136,29920.0,0,0.00,0,None,0
2025-04-21,69,SKU-BEV-004,Sparkling Botanical Tonic Water 250ml,Beverages & Dairy,406,34510.0,0,0.00,0,None,0
2025-04-21,69,SKU-BEV-005,Roasted Almond Badam Milk Mix 500g,Beverages & Dairy,117,36855.0,0,0.00,0,None,0
2025-04-21,69,SKU-BEV-006,Tender Coconut Water Tetrapack 200ml (12-pk),Beverages & Dairy,189,79380.0,0,0.00,0,None,0
2025-04-21,69,SKU-SNK-001,Peri Peri Roasted Foxnut Makhana 150g,Snacks & Packaged Foods,224,35985.6,1,0.15,0,None,0
2025-04-21,69,SKU-SNK-002,Dark Chocolate Quinoa Granola 400g,Snacks & Packaged Foods,119,41531.0,0,0.00,0,None,0
2025-04-21,69,SKU-SNK-003,Multigrain Roasted Nachos 200g,Snacks & Packaged Foods,237,23463.0,0,0.00,0,None,0
2025-04-21,69,SKU-SNK-004,Handcrafted Kaju Katli Gift Box 500g,Snacks & Packaged Foods,102,61098.0,0,0.00,0,None,0
2025-04-21,69,SKU-SNK-005,Baked Oats Digestive Biscuits 300g,Snacks & Packaged Foods,147,11760.0,0,0.00,0,None,0
2025-04-21,69,SKU-SNK-006,Gourmet Salted Pistachios 250g,Snacks & Packaged Foods,89,39160.0,0,0.00,0,None,0
2025-04-21,69,SKU-PER-001,Bhringraj & Onion Hair Fall Control Shampoo 300ml,Personal Care,143,42757.0,0,0.00,0,None,0
2025-04-21,69,SKU-PER-002,Neem & Salicylic Acid Clarifying Face Wash 150ml,Personal Care,279,58590.0,0,0.00,0,None,0
2025-04-21,69,SKU-PER-003,Matte Gel Sunscreen SPF 50 PA++++ 50g,Personal Care,216,96984.0,0,0.00,0,None,0
2025-04-21,69,SKU-PER-004,Deep Cleansing Activated Bamboo Charcoal Soap 125g,Personal Care,175,15575.0,0,0.00,0,None,0
2025-04-21,69,SKU-PER-005,Cedarwood & Argan Nourishing Beard Oil 30ml,Personal Care,60,17100.0,0,0.00,0,None,0
2025-04-21,69,SKU-PER-006,Hydrating Rose Water Face Toner Mist 200ml,Personal Care,104,20280.0,0,0.00,0,None,0
2025-04-21,69,SKU-HOU-001,Citrus Herbal Anti-Bacterial Floor Cleaner 2L,Household Essentials,144,33120.0,0,0.00,0,None,0
2025-04-21,69,SKU-HOU-002,Concentrated Enzymatic Liquid Laundry Detergent 1L,Household Essentials,235,65565.0,0,0.00,0,None,0
2025-04-21,69,SKU-HOU-003,Multi-Surface Disinfectant Surface Spray 500ml,Household Essentials,166,23281.5,1,0.15,0,None,0
2025-04-21,69,SKU-HOU-004,100% Biodegradable Cornstarch Garbage Bags (30 pcs),Household Essentials,232,32480.0,0,0.00,0,None,0
2025-04-21,69,SKU-HOU-005,Lemon Blossom Grease-Cutting Dishwash Gel 750ml,Household Essentials,195,30225.0,0,0.00,0,None,0
2025-04-21,69,SKU-HOU-006,Lavender Aromatherapy Mosquito Repellent Vaporizer Pack,Household Essentials,232,39242.8,1,0.15,0,None,0
2025-04-28,70,SKU-GRO-001,Royal Basmati Rice 5kg,Staples & Groceries,193,115607.0,0,0.00,1,None,0
2025-04-28,70,SKU-GRO-002,Sharbati Whole Wheat Atta 10kg,Staples & Groceries,394,145681.5,1,0.15,1,None,0
2025-04-28,70,SKU-GRO-003,Cold-Pressed Mustard Oil 1L,Staples & Groceries,208,40560.0,0,0.00,1,None,0
2025-04-28,70,SKU-GRO-004,Organic Toor Dal 2kg,Staples & Groceries,150,41250.0,0,0.00,1,None,0
2025-04-28,70,SKU-GRO-005,Refined Sulphur-Free Sugar 5kg,Staples & Groceries,207,51543.0,0,0.00,1,None,0
2025-04-28,70,SKU-GRO-006,Assam Orthodox Whole Leaf Tea 500g,Staples & Groceries,138,49680.0,0,0.00,1,None,0
2025-04-28,70,SKU-BEV-001,Authentic Masala Chai Premix 1kg,Beverages & Dairy,284,136320.0,0,0.00,1,Summer Heatwave Promo,0
2025-04-28,70,SKU-BEV-002,Artisanal Cold Brew Coffee 250ml (Pack of 6),Beverages & Dairy,157,73264.05,1,0.15,1,Summer Heatwave Promo,0
2025-04-28,70,SKU-BEV-003,Alphonso Mango Pulp Tin 850g,Beverages & Dairy,310,68200.0,0,0.00,1,Summer Heatwave Promo,0
2025-04-28,70,SKU-BEV-004,Sparkling Botanical Tonic Water 250ml,Beverages & Dairy,425,36125.0,0,0.00,1,Summer Heatwave Promo,1
2025-04-28,70,SKU-BEV-005,Roasted Almond Badam Milk Mix 500g,Beverages & Dairy,155,48825.0,0,0.00,1,Summer Heatwave Promo,0
2025-04-28,70,SKU-BEV-006,Tender Coconut Water Tetrapack 200ml (12-pk),Beverages & Dairy,194,81480.0,0,0.00,1,Summer Heatwave Promo,0
2025-04-28,70,SKU-SNK-001,Peri Peri Roasted Foxnut Makhana 150g,Snacks & Packaged Foods,276,52164.0,0,0.00,1,None,0
2025-04-28,70,SKU-SNK-002,Dark Chocolate Quinoa Granola 400g,Snacks & Packaged Foods,88,30712.0,0,0.00,1,None,0
2025-04-28,70,SKU-SNK-003,Multigrain Roasted Nachos 200g,Snacks & Packaged Foods,244,24156.0,0,0.00,1,None,0
2025-04-28,70,SKU-SNK-004,Handcrafted Kaju Katli Gift Box 500g,Snacks & Packaged Foods,13,7787.0,0,0.00,1,None,0
2025-04-28,70,SKU-SNK-005,Baked Oats Digestive Biscuits 300g,Snacks & Packaged Foods,202,16160.0,0,0.00,1,None,0
2025-04-28,70,SKU-SNK-006,Gourmet Salted Pistachios 250g,Snacks & Packaged Foods,102,44880.0,0,0.00,1,None,0
2025-04-28,70,SKU-PER-001,Bhringraj & Onion Hair Fall Control Shampoo 300ml,Personal Care,278,83122.0,0,0.00,1,Summer Heatwave Promo,0
2025-04-28,70,SKU-PER-002,Neem & Salicylic Acid Clarifying Face Wash 150ml,Personal Care,296,62160.0,0,0.00,1,Summer Heatwave Promo,0
2025-04-28,70,SKU-PER-003,Matte Gel Sunscreen SPF 50 PA++++ 50g,Personal Care,234,89306.1,1,0.15,1,Summer Heatwave Promo,0
2025-04-28,70,SKU-PER-004,Deep Cleansing Activated Bamboo Charcoal Soap 125g,Personal Care,287,25543.0,0,0.00,1,Summer Heatwave Promo,0
2025-04-28,70,SKU-PER-005,Cedarwood & Argan Nourishing Beard Oil 30ml,Personal Care,122,34770.0,0,0.00,1,Summer Heatwave Promo,0
2025-04-28,70,SKU-PER-006,Hydrating Rose Water Face Toner Mist 200ml,Personal Care,173,33735.0,0,0.00,1,Summer Heatwave Promo,0
2025-04-28,70,SKU-HOU-001,Citrus Herbal Anti-Bacterial Floor Cleaner 2L,Household Essentials,131,30130.0,0,0.00,1,None,0
2025-04-28,70,SKU-HOU-002,Concentrated Enzymatic Liquid Laundry Detergent 1L,Household Essentials,266,74214.0,0,0.00,1,None,0
2025-04-28,70,SKU-HOU-003,Multi-Surface Disinfectant Surface Spray 500ml,Household Essentials,120,19800.0,0,0.00,1,None,0
2025-04-28,70,SKU-HOU-004,100% Biodegradable Cornstarch Garbage Bags (30 pcs),Household Essentials,286,40040.0,0,0.00,1,None,0
2025-04-28,70,SKU-HOU-005,Lemon Blossom Grease-Cutting Dishwash Gel 750ml,Household Essentials,187,28985.0,0,0.00,1,None,0
2025-04-28,70,SKU-HOU-006,Lavender Aromatherapy Mosquito Repellent Vaporizer Pack,Household Essentials,149,29651.0,0,0.00,1,None,0
2025-05-05,71,SKU-GRO-001,Royal Basmati Rice 5kg,Staples & Groceries,160,95840.0,0,0.00,0,None,0
2025-05-05,71,SKU-GRO-002,Sharbati Whole Wheat Atta 10kg,Staples & Groceries,281,122235.0,0,0.00,0,None,0
2025-05-05,71,SKU-GRO-003,Cold-Pressed Mustard Oil 1L,Staples & Groceries,163,31785.0,0,0.00,0,None,0
2025-05-05,71,SKU-GRO-004,Organic Toor Dal 2kg,Staples & Groceries,114,31350.0,0,0.00,0,None,0
2025-05-05,71,SKU-GRO-005,Refined Sulphur-Free Sugar 5kg,Staples & Groceries,151,37599.0,0,0.00,0,None,0
2025-05-05,71,SKU-GRO-006,Assam Orthodox Whole Leaf Tea 500g,Staples & Groceries,102,36720.0,0,0.00,0,None,0
2025-05-05,71,SKU-BEV-001,Authentic Masala Chai Premix 1kg,Beverages & Dairy,186,89280.0,0,0.00,0,None,4
2025-05-05,71,SKU-BEV-002,Artisanal Cold Brew Coffee 250ml (Pack of 6),Beverages & Dairy,75,41175.0,0,0.00,0,None,0
2025-05-05,71,SKU-BEV-003,Alphonso Mango Pulp Tin 850g,Beverages & Dairy,215,47300.0,0,0.00,0,None,0
2025-05-05,71,SKU-BEV-004,Sparkling Botanical Tonic Water 250ml,Beverages & Dairy,232,19720.0,0,0.00,0,None,0
2025-05-05,71,SKU-BEV-005,Roasted Almond Badam Milk Mix 500g,Beverages & Dairy,105,33075.0,0,0.00,0,None,0
2025-05-05,71,SKU-BEV-006,Tender Coconut Water Tetrapack 200ml (12-pk),Beverages & Dairy,141,59220.0,0,0.00,0,None,0
2025-05-05,71,SKU-SNK-001,Peri Peri Roasted Foxnut Makhana 150g,Snacks & Packaged Foods,153,28917.0,0,0.00,0,None,0
2025-05-05,71,SKU-SNK-002,Dark Chocolate Quinoa Granola 400g,Snacks & Packaged Foods,152,53048.0,0,0.00,0,None,0
2025-05-05,71,SKU-SNK-003,Multigrain Roasted Nachos 200g,Snacks & Packaged Foods,172,17028.0,0,0.00,0,None,0
2025-05-05,71,SKU-SNK-004,Handcrafted Kaju Katli Gift Box 500g,Snacks & Packaged Foods,64,38336.0,0,0.00,0,None,0
2025-05-05,71,SKU-SNK-005,Baked Oats Digestive Biscuits 300g,Snacks & Packaged Foods,193,13124.0,1,0.15,0,None,0
2025-05-05,71,SKU-SNK-006,Gourmet Salted Pistachios 250g,Snacks & Packaged Foods,136,50864.0,1,0.15,0,None,0
2025-05-05,71,SKU-PER-001,Bhringraj & Onion Hair Fall Control Shampoo 300ml,Personal Care,191,57109.0,0,0.00,0,None,0
2025-05-05,71,SKU-PER-002,Neem & Salicylic Acid Clarifying Face Wash 150ml,Personal Care,276,49266.0,1,0.15,0,None,0
2025-05-05,71,SKU-PER-003,Matte Gel Sunscreen SPF 50 PA++++ 50g,Personal Care,193,86657.0,0,0.00,0,None,0
2025-05-05,71,SKU-PER-004,Deep Cleansing Activated Bamboo Charcoal Soap 125g,Personal Care,252,22428.0,0,0.00,0,None,0
2025-05-05,71,SKU-PER-005,Cedarwood & Argan Nourishing Beard Oil 30ml,Personal Care,59,16815.0,0,0.00,0,None,0
2025-05-05,71,SKU-PER-006,Hydrating Rose Water Face Toner Mist 200ml,Personal Care,95,18525.0,0,0.00,0,None,0
2025-05-05,71,SKU-HOU-001,Citrus Herbal Anti-Bacterial Floor Cleaner 2L,Household Essentials,157,36110.0,0,0.00,0,None,0
2025-05-05,71,SKU-HOU-002,Concentrated Enzymatic Liquid Laundry Detergent 1L,Household Essentials,154,42966.0,0,0.00,0,None,0
2025-05-05,71,SKU-HOU-003,Multi-Surface Disinfectant Surface Spray 500ml,Household Essentials,117,19305.0,0,0.00,0,None,0
2025-05-05,71,SKU-HOU-004,100% Biodegradable Cornstarch Garbage Bags (30 pcs),Household Essentials,190,26600.0,0,0.00,0,None,0
2025-05-05,71,SKU-HOU-005,Lemon Blossom Grease-Cutting Dishwash Gel 750ml,Household Essentials,249,32805.75,1,0.15,0,None,0
2025-05-05,71,SKU-HOU-006,Lavender Aromatherapy Mosquito Repellent Vaporizer Pack,Household Essentials,183,36417.0,0,0.00,0,None,0
2025-05-12,72,SKU-GRO-001,Royal Basmati Rice 5kg,Staples & Groceries,199,119201.0,0,0.00,0,None,0
2025-05-12,72,SKU-GRO-002,Sharbati Whole Wheat Atta 10kg,Staples & Groceries,267,116145.0,0,0.00,0,None,0
2025-05-12,72,SKU-GRO-003,Cold-Pressed Mustard Oil 1L,Staples & Groceries,232,38454.0,1,0.15,0,None,0
2025-05-12,72,SKU-GRO-004,Organic Toor Dal 2kg,Staples & Groceries,173,47575.0,0,0.00,0,None,0
2025-05-12,72,SKU-GRO-005,Refined Sulphur-Free Sugar 5kg,Staples & Groceries,149,37101.0,0,0.00,0,None,0
2025-05-12,72,SKU-GRO-006,Assam Orthodox Whole Leaf Tea 500g,Staples & Groceries,133,47880.0,0,0.00,0,None,0
2025-05-12,72,SKU-BEV-001,Authentic Masala Chai Premix 1kg,Beverages & Dairy,230,110400.0,0,0.00,0,None,0
2025-05-12,72,SKU-BEV-002,Artisanal Cold Brew Coffee 250ml (Pack of 6),Beverages & Dairy,114,62586.0,0,0.00,0,None,2
2025-05-12,72,SKU-BEV-003,Alphonso Mango Pulp Tin 850g,Beverages & Dairy,50,11000.0,0,0.00,0,None,0
2025-05-12,72,SKU-BEV-004,Sparkling Botanical Tonic Water 250ml,Beverages & Dairy,102,8670.0,0,0.00,0,None,0
2025-05-12,72,SKU-BEV-005,Roasted Almond Badam Milk Mix 500g,Beverages & Dairy,137,36681.75,1,0.15,0,None,0
2025-05-12,72,SKU-BEV-006,Tender Coconut Water Tetrapack 200ml (12-pk),Beverages & Dairy,208,87360.0,0,0.00,0,None,0
2025-05-12,72,SKU-SNK-001,Peri Peri Roasted Foxnut Makhana 150g,Snacks & Packaged Foods,208,39312.0,0,0.00,0,None,0
2025-05-12,72,SKU-SNK-002,Dark Chocolate Quinoa Granola 400g,Snacks & Packaged Foods,116,40484.0,0,0.00,0,None,0
2025-05-12,72,SKU-SNK-003,Multigrain Roasted Nachos 200g,Snacks & Packaged Foods,268,26532.0,0,0.00,0,None,0
2025-05-12,72,SKU-SNK-004,Handcrafted Kaju Katli Gift Box 500g,Snacks & Packaged Foods,70,41930.0,0,0.00,0,None,0
2025-05-12,72,SKU-SNK-005,Baked Oats Digestive Biscuits 300g,Snacks & Packaged Foods,193,15440.0,0,0.00,0,None,0
2025-05-12,72,SKU-SNK-006,Gourmet Salted Pistachios 250g,Snacks & Packaged Foods,64,28160.0,0,0.00,0,None,0
2025-05-12,72,SKU-PER-001,Bhringraj & Onion Hair Fall Control Shampoo 300ml,Personal Care,208,52863.2,1,0.15,0,None,0
2025-05-12,72,SKU-PER-002,Neem & Salicylic Acid Clarifying Face Wash 150ml,Personal Care,191,40110.0,0,0.00,0,None,3
2025-05-12,72,SKU-PER-003,Matte Gel Sunscreen SPF 50 PA++++ 50g,Personal Care,202,90698.0,0,0.00,0,None,0
2025-05-12,72,SKU-PER-004,Deep Cleansing Activated Bamboo Charcoal Soap 125g,Personal Care,234,17702.1,1,0.15,0,None,0
2025-05-12,72,SKU-PER-005,Cedarwood & Argan Nourishing Beard Oil 30ml,Personal Care,37,10545.0,0,0.00,0,None,0
2025-05-12,72,SKU-PER-006,Hydrating Rose Water Face Toner Mist 200ml,Personal Care,153,25359.75,1,0.15,0,None,0
2025-05-12,72,SKU-HOU-001,Citrus Herbal Anti-Bacterial Floor Cleaner 2L,Household Essentials,156,35880.0,0,0.00,0,None,0
2025-05-12,72,SKU-HOU-002,Concentrated Enzymatic Liquid Laundry Detergent 1L,Household Essentials,199,55521.0,0,0.00,0,None,0
2025-05-12,72,SKU-HOU-003,Multi-Surface Disinfectant Surface Spray 500ml,Household Essentials,101,16665.0,0,0.00,0,None,0
2025-05-12,72,SKU-HOU-004,100% Biodegradable Cornstarch Garbage Bags (30 pcs),Household Essentials,170,23800.0,0,0.00,0,None,0
2025-05-12,72,SKU-HOU-005,Lemon Blossom Grease-Cutting Dishwash Gel 750ml,Household Essentials,201,31155.0,0,0.00,0,None,0
2025-05-12,72,SKU-HOU-006,Lavender Aromatherapy Mosquito Repellent Vaporizer Pack,Household Essentials,165,32835.0,0,0.00,0,None,0
2025-05-19,73,SKU-GRO-001,Royal Basmati Rice 5kg,Staples & Groceries,158,94642.0,0,0.00,0,None,0
2025-05-19,73,SKU-GRO-002,Sharbati Whole Wheat Atta 10kg,Staples & Groceries,268,116580.0,0,0.00,0,None,0
2025-05-19,73,SKU-GRO-003,Cold-Pressed Mustard Oil 1L,Staples & Groceries,244,47580.0,0,0.00,0,None,0
2025-05-19,73,SKU-GRO-004,Organic Toor Dal 2kg,Staples & Groceries,153,42075.0,0,0.00,0,None,0
2025-05-19,73,SKU-GRO-005,Refined Sulphur-Free Sugar 5kg,Staples & Groceries,197,49053.0,0,0.00,0,None,0
2025-05-19,73,SKU-GRO-006,Assam Orthodox Whole Leaf Tea 500g,Staples & Groceries,117,42120.0,0,0.00,0,None,0
2025-05-19,73,SKU-BEV-001,Authentic Masala Chai Premix 1kg,Beverages & Dairy,182,87360.0,0,0.00,0,None,0
2025-05-19,73,SKU-BEV-002,Artisanal Cold Brew Coffee 250ml (Pack of 6),Beverages & Dairy,124,68076.0,0,0.00,0,None,0
2025-05-19,73,SKU-BEV-003,Alphonso Mango Pulp Tin 850g,Beverages & Dairy,114,25080.0,0,0.00,0,None,0
2025-05-19,73,SKU-BEV-004,Sparkling Botanical Tonic Water 250ml,Beverages & Dairy,314,22686.5,1,0.15,0,None,0
2025-05-19,73,SKU-BEV-005,Roasted Almond Badam Milk Mix 500g,Beverages & Dairy,76,23940.0,0,0.00,0,None,0
2025-05-19,73,SKU-BEV-006,Tender Coconut Water Tetrapack 200ml (12-pk),Beverages & Dairy,213,76041.0,1,0.15,0,None,0
2025-05-19,73,SKU-SNK-001,Peri Peri Roasted Foxnut Makhana 150g,Snacks & Packaged Foods,178,33642.0,0,0.00,0,None,0
2025-05-19,73,SKU-SNK-002,Dark Chocolate Quinoa Granola 400g,Snacks & Packaged Foods,181,53693.65,1,0.15,0,None,0
2025-05-19,73,SKU-SNK-003,Multigrain Roasted Nachos 200g,Snacks & Packaged Foods,240,23760.0,0,0.00,0,None,0
2025-05-19,73,SKU-SNK-004,Handcrafted Kaju Katli Gift Box 500g,Snacks & Packaged Foods,151,76881.65,1,0.15,0,None,0
2025-05-19,73,SKU-SNK-005,Baked Oats Digestive Biscuits 300g,Snacks & Packaged Foods,161,12880.0,0,0.00,0,None,0
2025-05-19,73,SKU-SNK-006,Gourmet Salted Pistachios 250g,Snacks & Packaged Foods,59,25960.0,0,0.00,0,None,0
2025-05-19,73,SKU-PER-001,Bhringraj & Onion Hair Fall Control Shampoo 300ml,Personal Care,114,34086.0,0,0.00,0,None,0
2025-05-19,73,SKU-PER-002,Neem & Salicylic Acid Clarifying Face Wash 150ml,Personal Care,254,53340.0,0,0.00,0,None,0
2025-05-19,73,SKU-PER-003,Matte Gel Sunscreen SPF 50 PA++++ 50g,Personal Care,105,47145.0,0,0.00,0,None,0
2025-05-19,73,SKU-PER-004,Deep Cleansing Activated Bamboo Charcoal Soap 125g,Personal Care,165,14685.0,0,0.00,0,None,0
2025-05-19,73,SKU-PER-005,Cedarwood & Argan Nourishing Beard Oil 30ml,Personal Care,73,17684.25,1,0.15,0,None,0
2025-05-19,73,SKU-PER-006,Hydrating Rose Water Face Toner Mist 200ml,Personal Care,130,25350.0,0,0.00,0,None,0
2025-05-19,73,SKU-HOU-001,Citrus Herbal Anti-Bacterial Floor Cleaner 2L,Household Essentials,163,37490.0,0,0.00,0,None,0
2025-05-19,73,SKU-HOU-002,Concentrated Enzymatic Liquid Laundry Detergent 1L,Household Essentials,228,63612.0,0,0.00,0,None,0
2025-05-19,73,SKU-HOU-003,Multi-Surface Disinfectant Surface Spray 500ml,Household Essentials,123,20295.0,0,0.00,0,None,0
2025-05-19,73,SKU-HOU-004,100% Biodegradable Cornstarch Garbage Bags (30 pcs),Household Essentials,177,24780.0,0,0.00,0,None,0
2025-05-19,73,SKU-HOU-005,Lemon Blossom Grease-Cutting Dishwash Gel 750ml,Household Essentials,195,30225.0,0,0.00,0,None,0
2025-05-19,73,SKU-HOU-006,Lavender Aromatherapy Mosquito Repellent Vaporizer Pack,Household Essentials,158,31442.0,0,0.00,0,None,0
2025-05-26,74,SKU-GRO-001,Royal Basmati Rice 5kg,Staples & Groceries,134,80266.0,0,0.00,0,None,0
2025-05-26,74,SKU-GRO-002,Sharbati Whole Wheat Atta 10kg,Staples & Groceries,267,116145.0,0,0.00,0,None,0
2025-05-26,74,SKU-GRO-003,Cold-Pressed Mustard Oil 1L,Staples & Groceries,192,37440.0,0,0.00,0,None,0
2025-05-26,74,SKU-GRO-004,Organic Toor Dal 2kg,Staples & Groceries,149,40975.0,0,0.00,0,None,0
2025-05-26,74,SKU-GRO-005,Refined Sulphur-Free Sugar 5kg,Staples & Groceries,235,49737.75,1,0.15,0,None,0
2025-05-26,74,SKU-GRO-006,Assam Orthodox Whole Leaf Tea 500g,Staples & Groceries,153,46818.0,1,0.15,0,None,0
2025-05-26,74,SKU-BEV-001,Authentic Masala Chai Premix 1kg,Beverages & Dairy,196,94080.0,0,0.00,0,None,0
2025-05-26,74,SKU-BEV-002,Artisanal Cold Brew Coffee 250ml (Pack of 6),Beverages & Dairy,103,56547.0,0,0.00,0,None,0
2025-05-26,74,SKU-BEV-003,Alphonso Mango Pulp Tin 850g,Beverages & Dairy,155,28985.0,1,0.15,0,None,0
2025-05-26,74,SKU-BEV-004,Sparkling Botanical Tonic Water 250ml,Beverages & Dairy,163,13855.0,0,0.00,0,None,0
2025-05-26,74,SKU-BEV-005,Roasted Almond Badam Milk Mix 500g,Beverages & Dairy,57,17955.0,0,0.00,0,None,0
2025-05-26,74,SKU-BEV-006,Tender Coconut Water Tetrapack 200ml (12-pk),Beverages & Dairy,207,86940.0,0,0.00,0,None,0
2025-05-26,74,SKU-SNK-001,Peri Peri Roasted Foxnut Makhana 150g,Snacks & Packaged Foods,136,25704.0,0,0.00,0,None,0
2025-05-26,74,SKU-SNK-002,Dark Chocolate Quinoa Granola 400g,Snacks & Packaged Foods,125,43625.0,0,0.00,0,None,0
2025-05-26,74,SKU-SNK-003,Multigrain Roasted Nachos 200g,Snacks & Packaged Foods,290,24403.5,1,0.15,0,None,0
2025-05-26,74,SKU-SNK-004,Handcrafted Kaju Katli Gift Box 500g,Snacks & Packaged Foods,47,28153.0,0,0.00,0,None,0
2025-05-26,74,SKU-SNK-005,Baked Oats Digestive Biscuits 300g,Snacks & Packaged Foods,169,13520.0,0,0.00,0,None,0
2025-05-26,74,SKU-SNK-006,Gourmet Salted Pistachios 250g,Snacks & Packaged Foods,113,49720.0,0,0.00,0,None,0
2025-05-26,74,SKU-PER-001,Bhringraj & Onion Hair Fall Control Shampoo 300ml,Personal Care,187,55913.0,0,0.00,0,None,0
2025-05-26,74,SKU-PER-002,Neem & Salicylic Acid Clarifying Face Wash 150ml,Personal Care,182,38220.0,0,0.00,0,None,0
2025-05-26,74,SKU-PER-003,Matte Gel Sunscreen SPF 50 PA++++ 50g,Personal Care,145,65105.0,0,0.00,0,None,0
2025-05-26,74,SKU-PER-004,Deep Cleansing Activated Bamboo Charcoal Soap 125g,Personal Care,221,19669.0,0,0.00,0,None,0
2025-05-26,74,SKU-PER-005,Cedarwood & Argan Nourishing Beard Oil 30ml,Personal Care,55,15675.0,0,0.00,0,None,0
2025-05-26,74,SKU-PER-006,Hydrating Rose Water Face Toner Mist 200ml,Personal Care,119,23205.0,0,0.00,0,None,0
2025-05-26,74,SKU-HOU-001,Citrus Herbal Anti-Bacterial Floor Cleaner 2L,Household Essentials,164,32062.0,1,0.15,0,None,0
2025-05-26,74,SKU-HOU-002,Concentrated Enzymatic Liquid Laundry Detergent 1L,Household Essentials,285,67587.75,1,0.15,0,None,0
2025-05-26,74,SKU-HOU-003,Multi-Surface Disinfectant Surface Spray 500ml,Household Essentials,132,21780.0,0,0.00,0,None,0
2025-05-26,74,SKU-HOU-004,100% Biodegradable Cornstarch Garbage Bags (30 pcs),Household Essentials,210,29400.0,0,0.00,0,None,0
2025-05-26,74,SKU-HOU-005,Lemon Blossom Grease-Cutting Dishwash Gel 750ml,Household Essentials,244,37820.0,0,0.00,0,None,0
2025-05-26,74,SKU-HOU-006,Lavender Aromatherapy Mosquito Repellent Vaporizer Pack,Household Essentials,121,24079.0,0,0.00,0,None,0
2025-06-02,75,SKU-GRO-001,Royal Basmati Rice 5kg,Staples & Groceries,214,108958.1,1,0.15,0,None,0
2025-06-02,75,SKU-GRO-002,Sharbati Whole Wheat Atta 10kg,Staples & Groceries,201,87435.0,0,0.00,0,None,0
2025-06-02,75,SKU-GRO-003,Cold-Pressed Mustard Oil 1L,Staples & Groceries,236,46020.0,0,0.00,0,None,0
2025-06-02,75,SKU-GRO-004,Organic Toor Dal 2kg,Staples & Groceries,189,44178.75,1,0.15,0,None,0
2025-06-02,75,SKU-GRO-005,Refined Sulphur-Free Sugar 5kg,Staples & Groceries,179,44571.0,0,0.00,0,None,0
2025-06-02,75,SKU-GRO-006,Assam Orthodox Whole Leaf Tea 500g,Staples & Groceries,120,43200.0,0,0.00,0,None,0
2025-06-02,75,SKU-BEV-001,Authentic Masala Chai Premix 1kg,Beverages & Dairy,315,128520.0,1,0.15,0,None,0
2025-06-02,75,SKU-BEV-002,Artisanal Cold Brew Coffee 250ml (Pack of 6),Beverages & Dairy,190,104310.0,0,0.00,0,None,0
2025-06-02,75,SKU-BEV-003,Alphonso Mango Pulp Tin 850g,Beverages & Dairy,90,19800.0,0,0.00,0,None,0
2025-06-02,75,SKU-BEV-004,Sparkling Botanical Tonic Water 250ml,Beverages & Dairy,327,27795.0,0,0.00,0,None,0
2025-06-02,75,SKU-BEV-005,Roasted Almond Badam Milk Mix 500g,Beverages & Dairy,75,23625.0,0,0.00,0,None,0
2025-06-02,75,SKU-BEV-006,Tender Coconut Water Tetrapack 200ml (12-pk),Beverages & Dairy,255,107100.0,0,0.00,0,None,0
2025-06-02,75,SKU-SNK-001,Peri Peri Roasted Foxnut Makhana 150g,Snacks & Packaged Foods,274,51786.0,0,0.00,0,None,0
2025-06-02,75,SKU-SNK-002,Dark Chocolate Quinoa Granola 400g,Snacks & Packaged Foods,93,32457.0,0,0.00,0,None,0
2025-06-02,75,SKU-SNK-003,Multigrain Roasted Nachos 200g,Snacks & Packaged Foods,220,21780.0,0,0.00,0,None,0
2025-06-02,75,SKU-SNK-004,Handcrafted Kaju Katli Gift Box 500g,Snacks & Packaged Foods,80,47920.0,0,0.00,0,None,4
2025-06-02,75,SKU-SNK-005,Baked Oats Digestive Biscuits 300g,Snacks & Packaged Foods,161,12880.0,0,0.00,0,None,0
2025-06-02,75,SKU-SNK-006,Gourmet Salted Pistachios 250g,Snacks & Packaged Foods,26,11440.0,0,0.00,0,None,0
2025-06-02,75,SKU-PER-001,Bhringraj & Onion Hair Fall Control Shampoo 300ml,Personal Care,124,37076.0,0,0.00,0,None,0
2025-06-02,75,SKU-PER-002,Neem & Salicylic Acid Clarifying Face Wash 150ml,Personal Care,149,31290.0,0,0.00,0,None,0
2025-06-02,75,SKU-PER-003,Matte Gel Sunscreen SPF 50 PA++++ 50g,Personal Care,151,67799.0,0,0.00,0,None,0
2025-06-02,75,SKU-PER-004,Deep Cleansing Activated Bamboo Charcoal Soap 125g,Personal Care,150,13350.0,0,0.00,0,None,0
2025-06-02,75,SKU-PER-005,Cedarwood & Argan Nourishing Beard Oil 30ml,Personal Care,54,15390.0,0,0.00,0,None,0
2025-06-02,75,SKU-PER-006,Hydrating Rose Water Face Toner Mist 200ml,Personal Care,120,23400.0,0,0.00,0,None,0
2025-06-02,75,SKU-HOU-001,Citrus Herbal Anti-Bacterial Floor Cleaner 2L,Household Essentials,184,42320.0,0,0.00,0,None,0
2025-06-02,75,SKU-HOU-002,Concentrated Enzymatic Liquid Laundry Detergent 1L,Household Essentials,235,65565.0,0,0.00,0,None,0
2025-06-02,75,SKU-HOU-003,Multi-Surface Disinfectant Surface Spray 500ml,Household Essentials,127,20955.0,0,0.00,0,None,0
2025-06-02,75,SKU-HOU-004,100% Biodegradable Cornstarch Garbage Bags (30 pcs),Household Essentials,265,31535.0,1,0.15,0,None,0
2025-06-02,75,SKU-HOU-005,Lemon Blossom Grease-Cutting Dishwash Gel 750ml,Household Essentials,241,37355.0,0,0.00,0,None,0
2025-06-02,75,SKU-HOU-006,Lavender Aromatherapy Mosquito Repellent Vaporizer Pack,Household Essentials,134,26666.0,0,0.00,0,None,0
2025-06-09,76,SKU-GRO-001,Royal Basmati Rice 5kg,Staples & Groceries,152,91048.0,0,0.00,0,None,0
2025-06-09,76,SKU-GRO-002,Sharbati Whole Wheat Atta 10kg,Staples & Groceries,221,96135.0,0,0.00,0,None,0
2025-06-09,76,SKU-GRO-003,Cold-Pressed Mustard Oil 1L,Staples & Groceries,176,34320.0,0,0.00,0,None,0
2025-06-09,76,SKU-GRO-004,Organic Toor Dal 2kg,Staples & Groceries,144,39600.0,0,0.00,0,None,0
2025-06-09,76,SKU-GRO-005,Refined Sulphur-Free Sugar 5kg,Staples & Groceries,240,59760.0,0,0.00,0,None,0
2025-06-09,76,SKU-GRO-006,Assam Orthodox Whole Leaf Tea 500g,Staples & Groceries,94,33840.0,0,0.00,0,None,0
2025-06-09,76,SKU-BEV-001,Authentic Masala Chai Premix 1kg,Beverages & Dairy,141,67680.0,0,0.00,0,None,0
2025-06-09,76,SKU-BEV-002,Artisanal Cold Brew Coffee 250ml (Pack of 6),Beverages & Dairy,175,96075.0,0,0.00,0,None,0
2025-06-09,76,SKU-BEV-003,Alphonso Mango Pulp Tin 850g,Beverages & Dairy,115,25300.0,0,0.00,0,None,0
2025-06-09,76,SKU-BEV-004,Sparkling Botanical Tonic Water 250ml,Beverages & Dairy,208,17680.0,0,0.00,0,None,0
2025-06-09,76,SKU-BEV-005,Roasted Almond Badam Milk Mix 500g,Beverages & Dairy,92,28980.0,0,0.00,0,None,0
2025-06-09,76,SKU-BEV-006,Tender Coconut Water Tetrapack 200ml (12-pk),Beverages & Dairy,78,32760.0,0,0.00,0,None,0
2025-06-09,76,SKU-SNK-001,Peri Peri Roasted Foxnut Makhana 150g,Snacks & Packaged Foods,245,39359.25,1,0.15,0,None,0
2025-06-09,76,SKU-SNK-002,Dark Chocolate Quinoa Granola 400g,Snacks & Packaged Foods,112,39088.0,0,0.00,0,None,0
2025-06-09,76,SKU-SNK-003,Multigrain Roasted Nachos 200g,Snacks & Packaged Foods,251,24849.0,0,0.00,0,None,0
2025-06-09,76,SKU-SNK-004,Handcrafted Kaju Katli Gift Box 500g,Snacks & Packaged Foods,101,60499.0,0,0.00,0,None,0
2025-06-09,76,SKU-SNK-005,Baked Oats Digestive Biscuits 300g,Snacks & Packaged Foods,130,10400.0,0,0.00,0,None,0
2025-06-09,76,SKU-SNK-006,Gourmet Salted Pistachios 250g,Snacks & Packaged Foods,65,28600.0,0,0.00,0,None,0
2025-06-09,76,SKU-PER-001,Bhringraj & Onion Hair Fall Control Shampoo 300ml,Personal Care,103,30797.0,0,0.00,0,None,0
2025-06-09,76,SKU-PER-002,Neem & Salicylic Acid Clarifying Face Wash 150ml,Personal Care,144,30240.0,0,0.00,0,None,0
2025-06-09,76,SKU-PER-003,Matte Gel Sunscreen SPF 50 PA++++ 50g,Personal Care,211,94739.0,0,0.00,0,None,0
2025-06-09,76,SKU-PER-004,Deep Cleansing Activated Bamboo Charcoal Soap 125g,Personal Care,198,17622.0,0,0.00,0,None,0
2025-06-09,76,SKU-PER-005,Cedarwood & Argan Nourishing Beard Oil 30ml,Personal Care,32,9120.0,0,0.00,0,None,0
2025-06-09,76,SKU-PER-006,Hydrating Rose Water Face Toner Mist 200ml,Personal Care,74,14430.0,0,0.00,0,None,0
2025-06-09,76,SKU-HOU-001,Citrus Herbal Anti-Bacterial Floor Cleaner 2L,Household Essentials,178,40940.0,0,0.00,0,None,0
2025-06-09,76,SKU-HOU-002,Concentrated Enzymatic Liquid Laundry Detergent 1L,Household Essentials,187,52173.0,0,0.00,0,None,0
2025-06-09,76,SKU-HOU-003,Multi-Surface Disinfectant Surface Spray 500ml,Household Essentials,112,15708.0,1,0.15,0,None,0
2025-06-09,76,SKU-HOU-004,100% Biodegradable Cornstarch Garbage Bags (30 pcs),Household Essentials,218,30520.0,0,0.00,0,None,0
2025-06-09,76,SKU-HOU-005,Lemon Blossom Grease-Cutting Dishwash Gel 750ml,Household Essentials,203,31465.0,0,0.00,0,None,0
2025-06-09,76,SKU-HOU-006,Lavender Aromatherapy Mosquito Repellent Vaporizer Pack,Household Essentials,230,38904.5,1,0.15,0,None,0
2025-06-16,77,SKU-GRO-001,Royal Basmati Rice 5kg,Staples & Groceries,174,104226.0,0,0.00,0,None,0
2025-06-16,77,SKU-GRO-002,Sharbati Whole Wheat Atta 10kg,Staples & Groceries,283,104639.25,1,0.15,0,None,0
2025-06-16,77,SKU-GRO-003,Cold-Pressed Mustard Oil 1L,Staples & Groceries,183,35685.0,0,0.00,0,None,0
2025-06-16,77,SKU-GRO-004,Organic Toor Dal 2kg,Staples & Groceries,146,40150.0,0,0.00,0,None,0
2025-06-16,77,SKU-GRO-005,Refined Sulphur-Free Sugar 5kg,Staples & Groceries,228,56772.0,0,0.00,0,None,2
2025-06-16,77,SKU-GRO-006,Assam Orthodox Whole Leaf Tea 500g,Staples & Groceries,146,52560.0,0,0.00,0,None,0
2025-06-16,77,SKU-BEV-001,Authentic Masala Chai Premix 1kg,Beverages & Dairy,124,59520.0,0,0.00,0,None,0
2025-06-16,77,SKU-BEV-002,Artisanal Cold Brew Coffee 250ml (Pack of 6),Beverages & Dairy,195,90996.75,1,0.15,0,None,0
2025-06-16,77,SKU-BEV-003,Alphonso Mango Pulp Tin 850g,Beverages & Dairy,129,28380.0,0,0.00,0,None,0
2025-06-16,77,SKU-BEV-004,Sparkling Botanical Tonic Water 250ml,Beverages & Dairy,153,13005.0,0,0.00,0,None,0
2025-06-16,77,SKU-BEV-005,Roasted Almond Badam Milk Mix 500g,Beverages & Dairy,94,29610.0,0,0.00,0,None,0
2025-06-16,77,SKU-BEV-006,Tender Coconut Water Tetrapack 200ml (12-pk),Beverages & Dairy,170,71400.0,0,0.00,0,None,0
2025-06-16,77,SKU-SNK-001,Peri Peri Roasted Foxnut Makhana 150g,Snacks & Packaged Foods,241,45549.0,0,0.00,0,None,0
2025-06-16,77,SKU-SNK-002,Dark Chocolate Quinoa Granola 400g,Snacks & Packaged Foods,96,33504.0,0,0.00,0,None,0
2025-06-16,77,SKU-SNK-003,Multigrain Roasted Nachos 200g,Snacks & Packaged Foods,172,17028.0,0,0.00,0,None,0
2025-06-16,77,SKU-SNK-004,Handcrafted Kaju Katli Gift Box 500g,Snacks & Packaged Foods,34,20366.0,0,0.00,0,None,0
2025-06-16,77,SKU-SNK-005,Baked Oats Digestive Biscuits 300g,Snacks & Packaged Foods,149,11920.0,0,0.00,0,None,0
2025-06-16,77,SKU-SNK-006,Gourmet Salted Pistachios 250g,Snacks & Packaged Foods,99,43560.0,0,0.00,0,None,0
2025-06-16,77,SKU-PER-001,Bhringraj & Onion Hair Fall Control Shampoo 300ml,Personal Care,124,37076.0,0,0.00,0,None,0
2025-06-16,77,SKU-PER-002,Neem & Salicylic Acid Clarifying Face Wash 150ml,Personal Care,103,21630.0,0,0.00,0,None,0
2025-06-16,77,SKU-PER-003,Matte Gel Sunscreen SPF 50 PA++++ 50g,Personal Care,296,112968.4,1,0.15,0,None,0
2025-06-16,77,SKU-PER-004,Deep Cleansing Activated Bamboo Charcoal Soap 125g,Personal Care,176,15664.0,0,0.00,0,None,0
2025-06-16,77,SKU-PER-005,Cedarwood & Argan Nourishing Beard Oil 30ml,Personal Care,58,16530.0,0,0.00,0,None,0
2025-06-16,77,SKU-PER-006,Hydrating Rose Water Face Toner Mist 200ml,Personal Care,89,17355.0,0,0.00,0,None,0
2025-06-16,77,SKU-HOU-001,Citrus Herbal Anti-Bacterial Floor Cleaner 2L,Household Essentials,163,37490.0,0,0.00,0,None,0
2025-06-16,77,SKU-HOU-002,Concentrated Enzymatic Liquid Laundry Detergent 1L,Household Essentials,200,55800.0,0,0.00,0,None,0
2025-06-16,77,SKU-HOU-003,Multi-Surface Disinfectant Surface Spray 500ml,Household Essentials,159,26235.0,0,0.00,0,None,0
2025-06-16,77,SKU-HOU-004,100% Biodegradable Cornstarch Garbage Bags (30 pcs),Household Essentials,135,18900.0,0,0.00,0,None,0
2025-06-16,77,SKU-HOU-005,Lemon Blossom Grease-Cutting Dishwash Gel 750ml,Household Essentials,229,35495.0,0,0.00,0,None,0
2025-06-16,77,SKU-HOU-006,Lavender Aromatherapy Mosquito Repellent Vaporizer Pack,Household Essentials,137,27263.0,0,0.00,0,None,0
2025-06-23,78,SKU-GRO-001,Royal Basmati Rice 5kg,Staples & Groceries,154,92246.0,0,0.00,0,None,0
2025-06-23,78,SKU-GRO-002,Sharbati Whole Wheat Atta 10kg,Staples & Groceries,283,123105.0,0,0.00,0,None,0
2025-06-23,78,SKU-GRO-003,Cold-Pressed Mustard Oil 1L,Staples & Groceries,255,49725.0,0,0.00,0,None,0
2025-06-23,78,SKU-GRO-004,Organic Toor Dal 2kg,Staples & Groceries,143,39325.0,0,0.00,0,None,0
2025-06-23,78,SKU-GRO-005,Refined Sulphur-Free Sugar 5kg,Staples & Groceries,212,52788.0,0,0.00,0,None,0
2025-06-23,78,SKU-GRO-006,Assam Orthodox Whole Leaf Tea 500g,Staples & Groceries,122,43920.0,0,0.00,0,None,0
2025-06-23,78,SKU-BEV-001,Authentic Masala Chai Premix 1kg,Beverages & Dairy,126,60480.0,0,0.00,0,None,0
2025-06-23,78,SKU-BEV-002,Artisanal Cold Brew Coffee 250ml (Pack of 6),Beverages & Dairy,128,70272.0,0,0.00,0,None,0
2025-06-23,78,SKU-BEV-003,Alphonso Mango Pulp Tin 850g,Beverages & Dairy,83,18260.0,0,0.00,0,None,0
2025-06-23,78,SKU-BEV-004,Sparkling Botanical Tonic Water 250ml,Beverages & Dairy,232,19720.0,0,0.00,0,None,0
2025-06-23,78,SKU-BEV-005,Roasted Almond Badam Milk Mix 500g,Beverages & Dairy,77,24255.0,0,0.00,0,None,0
2025-06-23,78,SKU-BEV-006,Tender Coconut Water Tetrapack 200ml (12-pk),Beverages & Dairy,93,39060.0,0,0.00,0,None,0
2025-06-23,78,SKU-SNK-001,Peri Peri Roasted Foxnut Makhana 150g,Snacks & Packaged Foods,148,27972.0,0,0.00,0,None,0
2025-06-23,78,SKU-SNK-002,Dark Chocolate Quinoa Granola 400g,Snacks & Packaged Foods,93,32457.0,0,0.00,0,None,0
2025-06-23,78,SKU-SNK-003,Multigrain Roasted Nachos 200g,Snacks & Packaged Foods,224,22176.0,0,0.00,0,None,0
2025-06-23,78,SKU-SNK-004,Handcrafted Kaju Katli Gift Box 500g,Snacks & Packaged Foods,79,47321.0,0,0.00,0,None,0
2025-06-23,78,SKU-SNK-005,Baked Oats Digestive Biscuits 300g,Snacks & Packaged Foods,194,13192.0,1,0.15,0,None,0
2025-06-23,78,SKU-SNK-006,Gourmet Salted Pistachios 250g,Snacks & Packaged Foods,89,33286.0,1,0.15,0,None,0
2025-06-23,78,SKU-PER-001,Bhringraj & Onion Hair Fall Control Shampoo 300ml,Personal Care,147,43953.0,0,0.00,0,None,0
2025-06-23,78,SKU-PER-002,Neem & Salicylic Acid Clarifying Face Wash 150ml,Personal Care,258,46053.0,1,0.15,0,None,0
2025-06-23,78,SKU-PER-003,Matte Gel Sunscreen SPF 50 PA++++ 50g,Personal Care,156,70044.0,0,0.00,0,None,0
2025-06-23,78,SKU-PER-004,Deep Cleansing Activated Bamboo Charcoal Soap 125g,Personal Care,185,16465.0,0,0.00,0,None,0
2025-06-23,78,SKU-PER-005,Cedarwood & Argan Nourishing Beard Oil 30ml,Personal Care,29,8265.0,0,0.00,0,None,0
2025-06-23,78,SKU-PER-006,Hydrating Rose Water Face Toner Mist 200ml,Personal Care,79,15405.0,0,0.00,0,None,0
2025-06-23,78,SKU-HOU-001,Citrus Herbal Anti-Bacterial Floor Cleaner 2L,Household Essentials,171,39330.0,0,0.00,0,None,0
2025-06-23,78,SKU-HOU-002,Concentrated Enzymatic Liquid Laundry Detergent 1L,Household Essentials,222,61938.0,0,0.00,0,None,0
2025-06-23,78,SKU-HOU-003,Multi-Surface Disinfectant Surface Spray 500ml,Household Essentials,138,22770.0,0,0.00,0,None,0
2025-06-23,78,SKU-HOU-004,100% Biodegradable Cornstarch Garbage Bags (30 pcs),Household Essentials,198,27720.0,0,0.00,0,None,0
2025-06-23,78,SKU-HOU-005,Lemon Blossom Grease-Cutting Dishwash Gel 750ml,Household Essentials,317,41764.75,1,0.15,0,None,0
2025-06-23,78,SKU-HOU-006,Lavender Aromatherapy Mosquito Repellent Vaporizer Pack,Household Essentials,101,20099.0,0,0.00,0,None,0
2025-06-30,79,SKU-GRO-001,Royal Basmati Rice 5kg,Staples & Groceries,161,96439.0,0,0.00,0,None,0
2025-06-30,79,SKU-GRO-002,Sharbati Whole Wheat Atta 10kg,Staples & Groceries,270,117450.0,0,0.00,0,None,0
2025-06-30,79,SKU-GRO-003,Cold-Pressed Mustard Oil 1L,Staples & Groceries,233,38619.75,1,0.15,0,None,0
2025-06-30,79,SKU-GRO-004,Organic Toor Dal 2kg,Staples & Groceries,171,47025.0,0,0.00,0,None,0
2025-06-30,79,SKU-GRO-005,Refined Sulphur-Free Sugar 5kg,Staples & Groceries,128,31872.0,0,0.00,0,None,0
2025-06-30,79,SKU-GRO-006,Assam Orthodox Whole Leaf Tea 500g,Staples & Groceries,61,21960.0,0,0.00,0,None,0
2025-06-30,79,SKU-BEV-001,Authentic Masala Chai Premix 1kg,Beverages & Dairy,94,45120.0,0,0.00,0,None,0
2025-06-30,79,SKU-BEV-002,Artisanal Cold Brew Coffee 250ml (Pack of 6),Beverages & Dairy,145,79605.0,0,0.00,0,None,0
2025-06-30,79,SKU-BEV-003,Alphonso Mango Pulp Tin 850g,Beverages & Dairy,109,23980.0,0,0.00,0,None,0
2025-06-30,79,SKU-BEV-004,Sparkling Botanical Tonic Water 250ml,Beverages & Dairy,191,16235.0,0,0.00,0,None,0
2025-06-30,79,SKU-BEV-005,Roasted Almond Badam Milk Mix 500g,Beverages & Dairy,40,10710.0,1,0.15,0,None,0
2025-06-30,79,SKU-BEV-006,Tender Coconut Water Tetrapack 200ml (12-pk),Beverages & Dairy,162,68040.0,0,0.00,0,None,0
2025-06-30,79,SKU-SNK-001,Peri Peri Roasted Foxnut Makhana 150g,Snacks & Packaged Foods,147,27783.0,0,0.00,0,None,0
2025-06-30,79,SKU-SNK-002,Dark Chocolate Quinoa Granola 400g,Snacks & Packaged Foods,48,16752.0,0,0.00,0,None,0
2025-06-30,79,SKU-SNK-003,Multigrain Roasted Nachos 200g,Snacks & Packaged Foods,195,19305.0,0,0.00,0,None,0
2025-06-30,79,SKU-SNK-004,Handcrafted Kaju Katli Gift Box 500g,Snacks & Packaged Foods,118,70682.0,0,0.00,0,None,0
2025-06-30,79,SKU-SNK-005,Baked Oats Digestive Biscuits 300g,Snacks & Packaged Foods,115,9200.0,0,0.00,0,None,0
2025-06-30,79,SKU-SNK-006,Gourmet Salted Pistachios 250g,Snacks & Packaged Foods,71,31240.0,0,0.00,0,None,0
2025-06-30,79,SKU-PER-001,Bhringraj & Onion Hair Fall Control Shampoo 300ml,Personal Care,165,41934.75,1,0.15,0,None,0
2025-06-30,79,SKU-PER-002,Neem & Salicylic Acid Clarifying Face Wash 150ml,Personal Care,156,32760.0,0,0.00,0,None,0
2025-06-30,79,SKU-PER-003,Matte Gel Sunscreen SPF 50 PA++++ 50g,Personal Care,54,24246.0,0,0.00,0,None,0
2025-06-30,79,SKU-PER-004,Deep Cleansing Activated Bamboo Charcoal Soap 125g,Personal Care,186,14070.9,1,0.15,0,None,0
2025-06-30,79,SKU-PER-005,Cedarwood & Argan Nourishing Beard Oil 30ml,Personal Care,36,10260.0,0,0.00,0,None,0
2025-06-30,79,SKU-PER-006,Hydrating Rose Water Face Toner Mist 200ml,Personal Care,163,27017.25,1,0.15,0,None,3
2025-06-30,79,SKU-HOU-001,Citrus Herbal Anti-Bacterial Floor Cleaner 2L,Household Essentials,162,37260.0,0,0.00,0,None,0
2025-06-30,79,SKU-HOU-002,Concentrated Enzymatic Liquid Laundry Detergent 1L,Household Essentials,260,72540.0,0,0.00,0,None,0
2025-06-30,79,SKU-HOU-003,Multi-Surface Disinfectant Surface Spray 500ml,Household Essentials,136,22440.0,0,0.00,0,None,0
2025-06-30,79,SKU-HOU-004,100% Biodegradable Cornstarch Garbage Bags (30 pcs),Household Essentials,235,32900.0,0,0.00,0,None,0
2025-06-30,79,SKU-HOU-005,Lemon Blossom Grease-Cutting Dishwash Gel 750ml,Household Essentials,320,49600.0,0,0.00,0,None,0
2025-06-30,79,SKU-HOU-006,Lavender Aromatherapy Mosquito Repellent Vaporizer Pack,Household Essentials,137,27263.0,0,0.00,0,None,0
2025-07-07,80,SKU-GRO-001,Royal Basmati Rice 5kg,Staples & Groceries,172,103028.0,0,0.00,1,None,0
2025-07-07,80,SKU-GRO-002,Sharbati Whole Wheat Atta 10kg,Staples & Groceries,262,113970.0,0,0.00,1,None,0
2025-07-07,80,SKU-GRO-003,Cold-Pressed Mustard Oil 1L,Staples & Groceries,163,31785.0,0,0.00,1,None,0
2025-07-07,80,SKU-GRO-004,Organic Toor Dal 2kg,Staples & Groceries,114,31350.0,0,0.00,1,None,0
2025-07-07,80,SKU-GRO-005,Refined Sulphur-Free Sugar 5kg,Staples & Groceries,173,43077.0,0,0.00,1,None,0
2025-07-07,80,SKU-GRO-006,Assam Orthodox Whole Leaf Tea 500g,Staples & Groceries,87,31320.0,0,0.00,1,None,0
2025-07-07,80,SKU-BEV-001,Authentic Masala Chai Premix 1kg,Beverages & Dairy,125,60000.0,0,0.00,1,None,0
2025-07-07,80,SKU-BEV-002,Artisanal Cold Brew Coffee 250ml (Pack of 6),Beverages & Dairy,135,74115.0,0,0.00,1,None,0
2025-07-07,80,SKU-BEV-003,Alphonso Mango Pulp Tin 850g,Beverages & Dairy,55,12100.0,0,0.00,1,None,0
2025-07-07,80,SKU-BEV-004,Sparkling Botanical Tonic Water 250ml,Beverages & Dairy,160,11560.0,1,0.15,1,None,0
2025-07-07,80,SKU-BEV-005,Roasted Almond Badam Milk Mix 500g,Beverages & Dairy,92,28980.0,0,0.00,1,None,0
2025-07-07,80,SKU-BEV-006,Tender Coconut Water Tetrapack 200ml (12-pk),Beverages & Dairy,243,86751.0,1,0.15,1,None,0
2025-07-07,80,SKU-SNK-001,Peri Peri Roasted Foxnut Makhana 150g,Snacks & Packaged Foods,103,19467.0,0,0.00,1,None,0
2025-07-07,80,SKU-SNK-002,Dark Chocolate Quinoa Granola 400g,Snacks & Packaged Foods,181,53693.65,1,0.15,1,None,0
2025-07-07,80,SKU-SNK-003,Multigrain Roasted Nachos 200g,Snacks & Packaged Foods,193,19107.0,0,0.00,1,None,0
2025-07-07,80,SKU-SNK-004,Handcrafted Kaju Katli Gift Box 500g,Snacks & Packaged Foods,56,28512.4,1,0.15,1,None,0
2025-07-07,80,SKU-SNK-005,Baked Oats Digestive Biscuits 300g,Snacks & Packaged Foods,154,12320.0,0,0.00,1,None,0
2025-07-07,80,SKU-SNK-006,Gourmet Salted Pistachios 250g,Snacks & Packaged Foods,58,25520.0,0,0.00,1,None,0
2025-07-07,80,SKU-PER-001,Bhringraj & Onion Hair Fall Control Shampoo 300ml,Personal Care,189,56511.0,0,0.00,1,Monsoon Mega Saver,0
2025-07-07,80,SKU-PER-002,Neem & Salicylic Acid Clarifying Face Wash 150ml,Personal Care,203,42630.0,0,0.00,1,Monsoon Mega Saver,0
2025-07-07,80,SKU-PER-003,Matte Gel Sunscreen SPF 50 PA++++ 50g,Personal Care,121,54329.0,0,0.00,1,Monsoon Mega Saver,0
2025-07-07,80,SKU-PER-004,Deep Cleansing Activated Bamboo Charcoal Soap 125g,Personal Care,243,21627.0,0,0.00,1,Monsoon Mega Saver,0
2025-07-07,80,SKU-PER-005,Cedarwood & Argan Nourishing Beard Oil 30ml,Personal Care,64,15504.0,1,0.15,1,Monsoon Mega Saver,0
2025-07-07,80,SKU-PER-006,Hydrating Rose Water Face Toner Mist 200ml,Personal Care,98,19110.0,0,0.00,1,Monsoon Mega Saver,0
2025-07-07,80,SKU-HOU-001,Citrus Herbal Anti-Bacterial Floor Cleaner 2L,Household Essentials,298,68540.0,0,0.00,1,Monsoon Mega Saver,0
2025-07-07,80,SKU-HOU-002,Concentrated Enzymatic Liquid Laundry Detergent 1L,Household Essentials,302,84258.0,0,0.00,1,Monsoon Mega Saver,0
2025-07-07,80,SKU-HOU-003,Multi-Surface Disinfectant Surface Spray 500ml,Household Essentials,124,20460.0,0,0.00,1,Monsoon Mega Saver,0
2025-07-07,80,SKU-HOU-004,100% Biodegradable Cornstarch Garbage Bags (30 pcs),Household Essentials,227,31780.0,0,0.00,1,Monsoon Mega Saver,1
2025-07-07,80,SKU-HOU-005,Lemon Blossom Grease-Cutting Dishwash Gel 750ml,Household Essentials,257,39835.0,0,0.00,1,Monsoon Mega Saver,0
2025-07-07,80,SKU-HOU-006,Lavender Aromatherapy Mosquito Repellent Vaporizer Pack,Household Essentials,98,19502.0,0,0.00,1,Monsoon Mega Saver,0
2025-07-14,81,SKU-GRO-001,Royal Basmati Rice 5kg,Staples & Groceries,161,96439.0,0,0.00,0,None,0
2025-07-14,81,SKU-GRO-002,Sharbati Whole Wheat Atta 10kg,Staples & Groceries,207,90045.0,0,0.00,0,None,0
2025-07-14,81,SKU-GRO-003,Cold-Pressed Mustard Oil 1L,Staples & Groceries,178,34710.0,0,0.00,0,None,0
2025-07-14,81,SKU-GRO-004,Organic Toor Dal 2kg,Staples & Groceries,150,41250.0,0,0.00,0,None,0
2025-07-14,81,SKU-GRO-005,Refined Sulphur-Free Sugar 5kg,Staples & Groceries,261,55240.65,1,0.15,0,None,0
2025-07-14,81,SKU-GRO-006,Assam Orthodox Whole Leaf Tea 500g,Staples & Groceries,139,42534.0,1,0.15,0,None,0
2025-07-14,81,SKU-BEV-001,Authentic Masala Chai Premix 1kg,Beverages & Dairy,191,91680.0,0,0.00,0,None,0
2025-07-14,81,SKU-BEV-002,Artisanal Cold Brew Coffee 250ml (Pack of 6),Beverages & Dairy,88,48312.0,0,0.00,0,None,0
2025-07-14,81,SKU-BEV-003,Alphonso Mango Pulp Tin 850g,Beverages & Dairy,205,38335.0,1,0.15,0,None,0
2025-07-14,81,SKU-BEV-004,Sparkling Botanical Tonic Water 250ml,Beverages & Dairy,166,14110.0,0,0.00,0,None,0
2025-07-14,81,SKU-BEV-005,Roasted Almond Badam Milk Mix 500g,Beverages & Dairy,59,18585.0,0,0.00,0,None,0
2025-07-14,81,SKU-BEV-006,Tender Coconut Water Tetrapack 200ml (12-pk),Beverages & Dairy,145,60900.0,0,0.00,0,None,0
2025-07-14,81,SKU-SNK-001,Peri Peri Roasted Foxnut Makhana 150g,Snacks & Packaged Foods,197,37233.0,0,0.00,0,None,0
2025-07-14,81,SKU-SNK-002,Dark Chocolate Quinoa Granola 400g,Snacks & Packaged Foods,76,26524.0,0,0.00,0,None,0
2025-07-14,81,SKU-SNK-003,Multigrain Roasted Nachos 200g,Snacks & Packaged Foods,275,23141.25,1,0.15,0,None,0
2025-07-14,81,SKU-SNK-004,Handcrafted Kaju Katli Gift Box 500g,Snacks & Packaged Foods,6,3594.0,0,0.00,0,None,0
2025-07-14,81,SKU-SNK-005,Baked Oats Digestive Biscuits 300g,Snacks & Packaged Foods,164,13120.0,0,0.00,0,None,0
2025-07-14,81,SKU-SNK-006,Gourmet Salted Pistachios 250g,Snacks & Packaged Foods,44,19360.0,0,0.00,0,None,0
2025-07-14,81,SKU-PER-001,Bhringraj & Onion Hair Fall Control Shampoo 300ml,Personal Care,218,65182.0,0,0.00,0,None,0
2025-07-14,81,SKU-PER-002,Neem & Salicylic Acid Clarifying Face Wash 150ml,Personal Care,192,40320.0,0,0.00,0,None,0
2025-07-14,81,SKU-PER-003,Matte Gel Sunscreen SPF 50 PA++++ 50g,Personal Care,122,54778.0,0,0.00,0,None,0
2025-07-14,81,SKU-PER-004,Deep Cleansing Activated Bamboo Charcoal Soap 125g,Personal Care,120,10680.0,0,0.00,0,None,0
2025-07-14,81,SKU-PER-005,Cedarwood & Argan Nourishing Beard Oil 30ml,Personal Care,55,15675.0,0,0.00,0,None,0
2025-07-14,81,SKU-PER-006,Hydrating Rose Water Face Toner Mist 200ml,Personal Care,101,19695.0,0,0.00,0,None,0
2025-07-14,81,SKU-HOU-001,Citrus Herbal Anti-Bacterial Floor Cleaner 2L,Household Essentials,241,47115.5,1,0.15,0,None,0
2025-07-14,81,SKU-HOU-002,Concentrated Enzymatic Liquid Laundry Detergent 1L,Household Essentials,262,62133.3,1,0.15,0,None,0
2025-07-14,81,SKU-HOU-003,Multi-Surface Disinfectant Surface Spray 500ml,Household Essentials,172,28380.0,0,0.00,0,None,0
2025-07-14,81,SKU-HOU-004,100% Biodegradable Cornstarch Garbage Bags (30 pcs),Household Essentials,233,32620.0,0,0.00,0,None,0
2025-07-14,81,SKU-HOU-005,Lemon Blossom Grease-Cutting Dishwash Gel 750ml,Household Essentials,180,27900.0,0,0.00,0,None,0
2025-07-14,81,SKU-HOU-006,Lavender Aromatherapy Mosquito Repellent Vaporizer Pack,Household Essentials,159,31641.0,0,0.00,0,None,0
2025-07-21,82,SKU-GRO-001,Royal Basmati Rice 5kg,Staples & Groceries,260,132379.0,1,0.15,0,None,0
2025-07-21,82,SKU-GRO-002,Sharbati Whole Wheat Atta 10kg,Staples & Groceries,215,93525.0,0,0.00,0,None,0
2025-07-21,82,SKU-GRO-003,Cold-Pressed Mustard Oil 1L,Staples & Groceries,146,28470.0,0,0.00,0,None,0
2025-07-21,82,SKU-GRO-004,Organic Toor Dal 2kg,Staples & Groceries,184,43010.0,1,0.15,0,None,0
2025-07-21,82,SKU-GRO-005,Refined Sulphur-Free Sugar 5kg,Staples & Groceries,187,46563.0,0,0.00,0,None,0
2025-07-21,82,SKU-GRO-006,Assam Orthodox Whole Leaf Tea 500g,Staples & Groceries,126,45360.0,0,0.00,0,None,0
2025-07-21,82,SKU-BEV-001,Authentic Masala Chai Premix 1kg,Beverages & Dairy,238,97104.0,1,0.15,0,None,0
2025-07-21,82,SKU-BEV-002,Artisanal Cold Brew Coffee 250ml (Pack of 6),Beverages & Dairy,60,32940.0,0,0.00,0,None,0
2025-07-21,82,SKU-BEV-003,Alphonso Mango Pulp Tin 850g,Beverages & Dairy,112,24640.0,0,0.00,0,None,0
2025-07-21,82,SKU-BEV-004,Sparkling Botanical Tonic Water 250ml,Beverages & Dairy,208,17680.0,0,0.00,0,None,0
2025-07-21,82,SKU-BEV-005,Roasted Almond Badam Milk Mix 500g,Beverages & Dairy,48,15120.0,0,0.00,0,None,0
2025-07-21,82,SKU-BEV-006,Tender Coconut Water Tetrapack 200ml (12-pk),Beverages & Dairy,183,76860.0,0,0.00,0,None,0
2025-07-21,82,SKU-SNK-001,Peri Peri Roasted Foxnut Makhana 150g,Snacks & Packaged Foods,164,30996.0,0,0.00,0,None,0
2025-07-21,82,SKU-SNK-002,Dark Chocolate Quinoa Granola 400g,Snacks & Packaged Foods,128,44672.0,0,0.00,0,None,0
2025-07-21,82,SKU-SNK-003,Multigrain Roasted Nachos 200g,Snacks & Packaged Foods,155,15345.0,0,0.00,0,None,0
2025-07-21,82,SKU-SNK-004,Handcrafted Kaju Katli Gift Box 500g,Snacks & Packaged Foods,31,18569.0,0,0.00,0,None,0
2025-07-21,82,SKU-SNK-005,Baked Oats Digestive Biscuits 300g,Snacks & Packaged Foods,173,13840.0,0,0.00,0,None,0
2025-07-21,82,SKU-SNK-006,Gourmet Salted Pistachios 250g,Snacks & Packaged Foods,103,45320.0,0,0.00,0,None,0
2025-07-21,82,SKU-PER-001,Bhringraj & Onion Hair Fall Control Shampoo 300ml,Personal Care,135,40365.0,0,0.00,0,None,0
2025-07-21,82,SKU-PER-002,Neem & Salicylic Acid Clarifying Face Wash 150ml,Personal Care,122,25620.0,0,0.00,0,None,0
2025-07-21,82,SKU-PER-003,Matte Gel Sunscreen SPF 50 PA++++ 50g,Personal Care,150,67350.0,0,0.00,0,None,0
2025-07-21,82,SKU-PER-004,Deep Cleansing Activated Bamboo Charcoal Soap 125g,Personal Care,168,14952.0,0,0.00,0,None,0
2025-07-21,82,SKU-PER-005,Cedarwood & Argan Nourishing Beard Oil 30ml,Personal Care,8,2280.0,0,0.00,0,None,0
2025-07-21,82,SKU-PER-006,Hydrating Rose Water Face Toner Mist 200ml,Personal Care,106,20670.0,0,0.00,0,None,4
2025-07-21,82,SKU-HOU-001,Citrus Herbal Anti-Bacterial Floor Cleaner 2L,Household Essentials,173,39790.0,0,0.00,0,None,0
2025-07-21,82,SKU-HOU-002,Concentrated Enzymatic Liquid Laundry Detergent 1L,Household Essentials,274,76446.0,0,0.00,0,None,0
2025-07-21,82,SKU-HOU-003,Multi-Surface Disinfectant Surface Spray 500ml,Household Essentials,172,28380.0,0,0.00,0,None,0
2025-07-21,82,SKU-HOU-004,100% Biodegradable Cornstarch Garbage Bags (30 pcs),Household Essentials,311,37009.0,1,0.15,0,None,0
2025-07-21,82,SKU-HOU-005,Lemon Blossom Grease-Cutting Dishwash Gel 750ml,Household Essentials,196,30380.0,0,0.00,0,None,0
2025-07-21,82,SKU-HOU-006,Lavender Aromatherapy Mosquito Repellent Vaporizer Pack,Household Essentials,89,17711.0,0,0.00,0,None,0
2025-07-28,83,SKU-GRO-001,Royal Basmati Rice 5kg,Staples & Groceries,184,110216.0,0,0.00,0,None,1
2025-07-28,83,SKU-GRO-002,Sharbati Whole Wheat Atta 10kg,Staples & Groceries,260,113100.0,0,0.00,0,None,0
2025-07-28,83,SKU-GRO-003,Cold-Pressed Mustard Oil 1L,Staples & Groceries,174,33930.0,0,0.00,0,None,0
2025-07-28,83,SKU-GRO-004,Organic Toor Dal 2kg,Staples & Groceries,120,33000.0,0,0.00,0,None,0
2025-07-28,83,SKU-GRO-005,Refined Sulphur-Free Sugar 5kg,Staples & Groceries,163,40587.0,0,0.00,0,None,0
2025-07-28,83,SKU-GRO-006,Assam Orthodox Whole Leaf Tea 500g,Staples & Groceries,110,39600.0,0,0.00,0,None,0
2025-07-28,83,SKU-BEV-001,Authentic Masala Chai Premix 1kg,Beverages & Dairy,122,58560.0,0,0.00,0,None,0
2025-07-28,83,SKU-BEV-002,Artisanal Cold Brew Coffee 250ml (Pack of 6),Beverages & Dairy,51,27999.0,0,0.00,0,None,0
2025-07-28,83,SKU-BEV-003,Alphonso Mango Pulp Tin 850g,Beverages & Dairy,35,7700.0,0,0.00,0,None,0
2025-07-28,83,SKU-BEV-004,Sparkling Botanical Tonic Water 250ml,Beverages & Dairy,189,16065.0,0,0.00,0,None,0
2025-07-28,83,SKU-BEV-005,Roasted Almond Badam Milk Mix 500g,Beverages & Dairy,65,20475.0,0,0.00,0,None,0
2025-07-28,83,SKU-BEV-006,Tender Coconut Water Tetrapack 200ml (12-pk),Beverages & Dairy,171,71820.0,0,0.00,0,None,0
2025-07-28,83,SKU-SNK-001,Peri Peri Roasted Foxnut Makhana 150g,Snacks & Packaged Foods,184,29559.6,1,0.15,0,None,0
2025-07-28,83,SKU-SNK-002,Dark Chocolate Quinoa Granola 400g,Snacks & Packaged Foods,123,42927.0,0,0.00,0,None,0
2025-07-28,83,SKU-SNK-003,Multigrain Roasted Nachos 200g,Snacks & Packaged Foods,198,19602.0,0,0.00,0,None,0
2025-07-28,83,SKU-SNK-004,Handcrafted Kaju Katli Gift Box 500g,Snacks & Packaged Foods,25,14975.0,0,0.00,0,None,0
2025-07-28,83,SKU-SNK-005,Baked Oats Digestive Biscuits 300g,Snacks & Packaged Foods,140,11200.0,0,0.00,0,None,0
2025-07-28,83,SKU-SNK-006,Gourmet Salted Pistachios 250g,Snacks & Packaged Foods,41,18040.0,0,0.00,0,None,0
2025-07-28,83,SKU-PER-001,Bhringraj & Onion Hair Fall Control Shampoo 300ml,Personal Care,77,23023.0,0,0.00,0,None,0
2025-07-28,83,SKU-PER-002,Neem & Salicylic Acid Clarifying Face Wash 150ml,Personal Care,84,17640.0,0,0.00,0,None,0
2025-07-28,83,SKU-PER-003,Matte Gel Sunscreen SPF 50 PA++++ 50g,Personal Care,260,116740.0,0,0.00,0,None,0
2025-07-28,83,SKU-PER-004,Deep Cleansing Activated Bamboo Charcoal Soap 125g,Personal Care,120,10680.0,0,0.00,0,None,0
2025-07-28,83,SKU-PER-005,Cedarwood & Argan Nourishing Beard Oil 30ml,Personal Care,32,9120.0,0,0.00,0,None,0
2025-07-28,83,SKU-PER-006,Hydrating Rose Water Face Toner Mist 200ml,Personal Care,120,23400.0,0,0.00,0,None,0
2025-07-28,83,SKU-HOU-001,Citrus Herbal Anti-Bacterial Floor Cleaner 2L,Household Essentials,191,43930.0,0,0.00,0,None,0
2025-07-28,83,SKU-HOU-002,Concentrated Enzymatic Liquid Laundry Detergent 1L,Household Essentials,259,72261.0,0,0.00,0,None,0
2025-07-28,83,SKU-HOU-003,Multi-Surface Disinfectant Surface Spray 500ml,Household Essentials,146,20476.5,1,0.15,0,None,0
2025-07-28,83,SKU-HOU-004,100% Biodegradable Cornstarch Garbage Bags (30 pcs),Household Essentials,216,30240.0,0,0.00,0,None,0
2025-07-28,83,SKU-HOU-005,Lemon Blossom Grease-Cutting Dishwash Gel 750ml,Household Essentials,222,34410.0,0,0.00,0,None,1
2025-07-28,83,SKU-HOU-006,Lavender Aromatherapy Mosquito Repellent Vaporizer Pack,Household Essentials,171,28924.65,1,0.15,0,None,0
2025-08-04,84,SKU-GRO-001,Royal Basmati Rice 5kg,Staples & Groceries,170,101830.0,0,0.00,0,None,0
2025-08-04,84,SKU-GRO-002,Sharbati Whole Wheat Atta 10kg,Staples & Groceries,340,125715.0,1,0.15,0,None,0
2025-08-04,84,SKU-GRO-003,Cold-Pressed Mustard Oil 1L,Staples & Groceries,129,25155.0,0,0.00,0,None,0
2025-08-04,84,SKU-GRO-004,Organic Toor Dal 2kg,Staples & Groceries,166,45650.0,0,0.00,0,None,0
2025-08-04,84,SKU-GRO-005,Refined Sulphur-Free Sugar 5kg,Staples & Groceries,168,41832.0,0,0.00,0,None,0
2025-08-04,84,SKU-GRO-006,Assam Orthodox Whole Leaf Tea 500g,Staples & Groceries,88,31680.0,0,0.00,0,None,0
2025-08-04,84,SKU-BEV-001,Authentic Masala Chai Premix 1kg,Beverages & Dairy,87,41760.0,0,0.00,0,None,0
2025-08-04,84,SKU-BEV-002,Artisanal Cold Brew Coffee 250ml (Pack of 6),Beverages & Dairy,95,44331.75,1,0.15,0,None,0
2025-08-04,84,SKU-BEV-003,Alphonso Mango Pulp Tin 850g,Beverages & Dairy,43,9460.0,0,0.00,0,None,0
2025-08-04,84,SKU-BEV-004,Sparkling Botanical Tonic Water 250ml,Beverages & Dairy,207,17595.0,0,0.00,0,None,0
2025-08-04,84,SKU-BEV-005,Roasted Almond Badam Milk Mix 500g,Beverages & Dairy,81,25515.0,0,0.00,0,None,0
2025-08-04,84,SKU-BEV-006,Tender Coconut Water Tetrapack 200ml (12-pk),Beverages & Dairy,203,85260.0,0,0.00,0,None,0
2025-08-04,84,SKU-SNK-001,Peri Peri Roasted Foxnut Makhana 150g,Snacks & Packaged Foods,183,34587.0,0,0.00,0,None,0
2025-08-04,84,SKU-SNK-002,Dark Chocolate Quinoa Granola 400g,Snacks & Packaged Foods,106,36994.0,0,0.00,0,None,0
2025-08-04,84,SKU-SNK-003,Multigrain Roasted Nachos 200g,Snacks & Packaged Foods,127,12573.0,0,0.00,0,None,0
2025-08-04,84,SKU-SNK-004,Handcrafted Kaju Katli Gift Box 500g,Snacks & Packaged Foods,64,38336.0,0,0.00,0,None,0
2025-08-04,84,SKU-SNK-005,Baked Oats Digestive Biscuits 300g,Snacks & Packaged Foods,175,14000.0,0,0.00,0,None,0
2025-08-04,84,SKU-SNK-006,Gourmet Salted Pistachios 250g,Snacks & Packaged Foods,22,9680.0,0,0.00,0,None,0
2025-08-04,84,SKU-PER-001,Bhringraj & Onion Hair Fall Control Shampoo 300ml,Personal Care,93,27807.0,0,0.00,0,None,0
2025-08-04,84,SKU-PER-002,Neem & Salicylic Acid Clarifying Face Wash 150ml,Personal Care,136,28560.0,0,0.00,0,None,0
2025-08-04,84,SKU-PER-003,Matte Gel Sunscreen SPF 50 PA++++ 50g,Personal Care,111,42363.15,1,0.15,0,None,0
2025-08-04,84,SKU-PER-004,Deep Cleansing Activated Bamboo Charcoal Soap 125g,Personal Care,139,12371.0,0,0.00,0,None,0
2025-08-04,84,SKU-PER-005,Cedarwood & Argan Nourishing Beard Oil 30ml,Personal Care,49,13965.0,0,0.00,0,None,0
2025-08-04,84,SKU-PER-006,Hydrating Rose Water Face Toner Mist 200ml,Personal Care,98,19110.0,0,0.00,0,None,0
2025-08-04,84,SKU-HOU-001,Citrus Herbal Anti-Bacterial Floor Cleaner 2L,Household Essentials,145,33350.0,0,0.00,0,None,0
2025-08-04,84,SKU-HOU-002,Concentrated Enzymatic Liquid Laundry Detergent 1L,Household Essentials,255,71145.0,0,0.00,0,None,0
2025-08-04,84,SKU-HOU-003,Multi-Surface Disinfectant Surface Spray 500ml,Household Essentials,137,22605.0,0,0.00,0,None,0
2025-08-04,84,SKU-HOU-004,100% Biodegradable Cornstarch Garbage Bags (30 pcs),Household Essentials,229,32060.0,0,0.00,0,None,0
2025-08-04,84,SKU-HOU-005,Lemon Blossom Grease-Cutting Dishwash Gel 750ml,Household Essentials,247,38285.0,0,0.00,0,None,0
2025-08-04,84,SKU-HOU-006,Lavender Aromatherapy Mosquito Repellent Vaporizer Pack,Household Essentials,70,13930.0,0,0.00,0,None,0
2025-08-11,85,SKU-GRO-001,Royal Basmati Rice 5kg,Staples & Groceries,229,137171.0,0,0.00,1,Independence Day Big Sale,0
2025-08-11,85,SKU-GRO-002,Sharbati Whole Wheat Atta 10kg,Staples & Groceries,267,116145.0,0,0.00,1,Independence Day Big Sale,0
2025-08-11,85,SKU-GRO-003,Cold-Pressed Mustard Oil 1L,Staples & Groceries,183,35685.0,0,0.00,1,Independence Day Big Sale,0
2025-08-11,85,SKU-GRO-004,Organic Toor Dal 2kg,Staples & Groceries,170,46750.0,0,0.00,1,Independence Day Big Sale,2
2025-08-11,85,SKU-GRO-005,Refined Sulphur-Free Sugar 5kg,Staples & Groceries,254,63246.0,0,0.00,1,Independence Day Big Sale,4
2025-08-11,85,SKU-GRO-006,Assam Orthodox Whole Leaf Tea 500g,Staples & Groceries,117,42120.0,0,0.00,1,Independence Day Big Sale,0
2025-08-11,85,SKU-BEV-001,Authentic Masala Chai Premix 1kg,Beverages & Dairy,194,93120.0,0,0.00,1,Independence Day Big Sale,0
2025-08-11,85,SKU-BEV-002,Artisanal Cold Brew Coffee 250ml (Pack of 6),Beverages & Dairy,147,80703.0,0,0.00,1,Independence Day Big Sale,0
2025-08-11,85,SKU-BEV-003,Alphonso Mango Pulp Tin 850g,Beverages & Dairy,87,19140.0,0,0.00,1,Independence Day Big Sale,0
2025-08-11,85,SKU-BEV-004,Sparkling Botanical Tonic Water 250ml,Beverages & Dairy,270,22950.0,0,0.00,1,Independence Day Big Sale,0
2025-08-11,85,SKU-BEV-005,Roasted Almond Badam Milk Mix 500g,Beverages & Dairy,117,36855.0,0,0.00,1,Independence Day Big Sale,0
2025-08-11,85,SKU-BEV-006,Tender Coconut Water Tetrapack 200ml (12-pk),Beverages & Dairy,164,68880.0,0,0.00,1,Independence Day Big Sale,0
2025-08-11,85,SKU-SNK-001,Peri Peri Roasted Foxnut Makhana 150g,Snacks & Packaged Foods,314,59346.0,0,0.00,1,Independence Day Big Sale,0
2025-08-11,85,SKU-SNK-002,Dark Chocolate Quinoa Granola 400g,Snacks & Packaged Foods,144,50256.0,0,0.00,1,Independence Day Big Sale,0
2025-08-11,85,SKU-SNK-003,Multigrain Roasted Nachos 200g,Snacks & Packaged Foods,261,25839.0,0,0.00,1,Independence Day Big Sale,0
2025-08-11,85,SKU-SNK-004,Handcrafted Kaju Katli Gift Box 500g,Snacks & Packaged Foods,74,44326.0,0,0.00,1,Independence Day Big Sale,0
2025-08-11,85,SKU-SNK-005,Baked Oats Digestive Biscuits 300g,Snacks & Packaged Foods,204,13872.0,1,0.15,1,Independence Day Big Sale,0
2025-08-11,85,SKU-SNK-006,Gourmet Salted Pistachios 250g,Snacks & Packaged Foods,183,68442.0,1,0.15,1,Independence Day Big Sale,0
2025-08-11,85,SKU-PER-001,Bhringraj & Onion Hair Fall Control Shampoo 300ml,Personal Care,166,49634.0,0,0.00,1,Independence Day Big Sale,0
2025-08-11,85,SKU-PER-002,Neem & Salicylic Acid Clarifying Face Wash 150ml,Personal Care,251,44803.5,1,0.15,1,Independence Day Big Sale,0
2025-08-11,85,SKU-PER-003,Matte Gel Sunscreen SPF 50 PA++++ 50g,Personal Care,172,77228.0,0,0.00,1,Independence Day Big Sale,0
2025-08-11,85,SKU-PER-004,Deep Cleansing Activated Bamboo Charcoal Soap 125g,Personal Care,216,19224.0,0,0.00,1,Independence Day Big Sale,0
2025-08-11,85,SKU-PER-005,Cedarwood & Argan Nourishing Beard Oil 30ml,Personal Care,56,15960.0,0,0.00,1,Independence Day Big Sale,0
2025-08-11,85,SKU-PER-006,Hydrating Rose Water Face Toner Mist 200ml,Personal Care,73,14235.0,0,0.00,1,Independence Day Big Sale,0
2025-08-11,85,SKU-HOU-001,Citrus Herbal Anti-Bacterial Floor Cleaner 2L,Household Essentials,277,63710.0,0,0.00,1,Independence Day Big Sale,0
2025-08-11,85,SKU-HOU-002,Concentrated Enzymatic Liquid Laundry Detergent 1L,Household Essentials,362,100998.0,0,0.00,1,Independence Day Big Sale,0
2025-08-11,85,SKU-HOU-003,Multi-Surface Disinfectant Surface Spray 500ml,Household Essentials,120,19800.0,0,0.00,1,Independence Day Big Sale,0
2025-08-11,85,SKU-HOU-004,100% Biodegradable Cornstarch Garbage Bags (30 pcs),Household Essentials,261,36540.0,0,0.00,1,Independence Day Big Sale,0
2025-08-11,85,SKU-HOU-005,Lemon Blossom Grease-Cutting Dishwash Gel 750ml,Household Essentials,387,50987.25,1,0.15,1,Independence Day Big Sale,0
2025-08-11,85,SKU-HOU-006,Lavender Aromatherapy Mosquito Repellent Vaporizer Pack,Household Essentials,90,17910.0,0,0.00,1,Independence Day Big Sale,0
2025-08-18,86,SKU-GRO-001,Royal Basmati Rice 5kg,Staples & Groceries,182,109018.0,0,0.00,0,None,0
2025-08-18,86,SKU-GRO-002,Sharbati Whole Wheat Atta 10kg,Staples & Groceries,201,87435.0,0,0.00,0,None,0
2025-08-18,86,SKU-GRO-003,Cold-Pressed Mustard Oil 1L,Staples & Groceries,213,35304.75,1,0.15,0,None,0
2025-08-18,86,SKU-GRO-004,Organic Toor Dal 2kg,Staples & Groceries,128,35200.0,0,0.00,0,None,0
2025-08-18,86,SKU-GRO-005,Refined Sulphur-Free Sugar 5kg,Staples & Groceries,142,35358.0,0,0.00,0,None,0
2025-08-18,86,SKU-GRO-006,Assam Orthodox Whole Leaf Tea 500g,Staples & Groceries,120,43200.0,0,0.00,0,None,0
2025-08-18,86,SKU-BEV-001,Authentic Masala Chai Premix 1kg,Beverages & Dairy,122,58560.0,0,0.00,0,None,0
2025-08-18,86,SKU-BEV-002,Artisanal Cold Brew Coffee 250ml (Pack of 6),Beverages & Dairy,57,31293.0,0,0.00,0,None,0
2025-08-18,86,SKU-BEV-003,Alphonso Mango Pulp Tin 850g,Beverages & Dairy,97,21340.0,0,0.00,0,None,0
2025-08-18,86,SKU-BEV-004,Sparkling Botanical Tonic Water 250ml,Beverages & Dairy,242,20570.0,0,0.00,0,None,0
2025-08-18,86,SKU-BEV-005,Roasted Almond Badam Milk Mix 500g,Beverages & Dairy,123,32933.25,1,0.15,0,None,0
2025-08-18,86,SKU-BEV-006,Tender Coconut Water Tetrapack 200ml (12-pk),Beverages & Dairy,99,41580.0,0,0.00,0,None,0
2025-08-18,86,SKU-SNK-001,Peri Peri Roasted Foxnut Makhana 150g,Snacks & Packaged Foods,217,41013.0,0,0.00,0,None,0
2025-08-18,86,SKU-SNK-002,Dark Chocolate Quinoa Granola 400g,Snacks & Packaged Foods,58,20242.0,0,0.00,0,None,0
2025-08-18,86,SKU-SNK-003,Multigrain Roasted Nachos 200g,Snacks & Packaged Foods,161,15939.0,0,0.00,0,None,0
2025-08-18,86,SKU-SNK-004,Handcrafted Kaju Katli Gift Box 500g,Snacks & Packaged Foods,6,3594.0,0,0.00,0,None,0
2025-08-18,86,SKU-SNK-005,Baked Oats Digestive Biscuits 300g,Snacks & Packaged Foods,183,14640.0,0,0.00,0,None,0
2025-08-18,86,SKU-SNK-006,Gourmet Salted Pistachios 250g,Snacks & Packaged Foods,104,45760.0,0,0.00,0,None,0
2025-08-18,86,SKU-PER-001,Bhringraj & Onion Hair Fall Control Shampoo 300ml,Personal Care,195,49559.25,1,0.15,0,None,0
2025-08-18,86,SKU-PER-002,Neem & Salicylic Acid Clarifying Face Wash 150ml,Personal Care,224,47040.0,0,0.00,0,None,0
2025-08-18,86,SKU-PER-003,Matte Gel Sunscreen SPF 50 PA++++ 50g,Personal Care,97,43553.0,0,0.00,0,None,0
2025-08-18,86,SKU-PER-004,Deep Cleansing Activated Bamboo Charcoal Soap 125g,Personal Care,228,17248.2,1,0.15,0,None,0
2025-08-18,86,SKU-PER-005,Cedarwood & Argan Nourishing Beard Oil 30ml,Personal Care,8,2280.0,0,0.00,0,None,0
2025-08-18,86,SKU-PER-006,Hydrating Rose Water Face Toner Mist 200ml,Personal Care,126,20884.5,1,0.15,0,None,0
2025-08-18,86,SKU-HOU-001,Citrus Herbal Anti-Bacterial Floor Cleaner 2L,Household Essentials,138,31740.0,0,0.00,0,None,0
2025-08-18,86,SKU-HOU-002,Concentrated Enzymatic Liquid Laundry Detergent 1L,Household Essentials,208,58032.0,0,0.00,0,None,0
2025-08-18,86,SKU-HOU-003,Multi-Surface Disinfectant Surface Spray 500ml,Household Essentials,160,26400.0,0,0.00,0,None,0
2025-08-18,86,SKU-HOU-004,100% Biodegradable Cornstarch Garbage Bags (30 pcs),Household Essentials,237,33180.0,0,0.00,0,None,0
2025-08-18,86,SKU-HOU-005,Lemon Blossom Grease-Cutting Dishwash Gel 750ml,Household Essentials,179,27745.0,0,0.00,0,None,0
2025-08-18,86,SKU-HOU-006,Lavender Aromatherapy Mosquito Repellent Vaporizer Pack,Household Essentials,145,28855.0,0,0.00,0,None,0
2025-08-25,87,SKU-GRO-001,Royal Basmati Rice 5kg,Staples & Groceries,172,103028.0,0,0.00,0,None,0
2025-08-25,87,SKU-GRO-002,Sharbati Whole Wheat Atta 10kg,Staples & Groceries,246,107010.0,0,0.00,0,None,0
2025-08-25,87,SKU-GRO-003,Cold-Pressed Mustard Oil 1L,Staples & Groceries,145,28275.0,0,0.00,0,None,0
2025-08-25,87,SKU-GRO-004,Organic Toor Dal 2kg,Staples & Groceries,110,30250.0,0,0.00,0,None,0
2025-08-25,87,SKU-GRO-005,Refined Sulphur-Free Sugar 5kg,Staples & Groceries,150,37350.0,0,0.00,0,None,0
2025-08-25,87,SKU-GRO-006,Assam Orthodox Whole Leaf Tea 500g,Staples & Groceries,125,45000.0,0,0.00,0,None,0
2025-08-25,87,SKU-BEV-001,Authentic Masala Chai Premix 1kg,Beverages & Dairy,129,61920.0,0,0.00,0,None,0
2025-08-25,87,SKU-BEV-002,Artisanal Cold Brew Coffee 250ml (Pack of 6),Beverages & Dairy,40,21960.0,0,0.00,0,None,0
2025-08-25,87,SKU-BEV-003,Alphonso Mango Pulp Tin 850g,Beverages & Dairy,52,11440.0,0,0.00,0,None,0
2025-08-25,87,SKU-BEV-004,Sparkling Botanical Tonic Water 250ml,Beverages & Dairy,186,13438.5,1,0.15,0,None,0
2025-08-25,87,SKU-BEV-005,Roasted Almond Badam Milk Mix 500g,Beverages & Dairy,62,19530.0,0,0.00,0,None,0
2025-08-25,87,SKU-BEV-006,Tender Coconut Water Tetrapack 200ml (12-pk),Beverages & Dairy,217,77469.0,1,0.15,0,None,0
2025-08-25,87,SKU-SNK-001,Peri Peri Roasted Foxnut Makhana 150g,Snacks & Packaged Foods,119,22491.0,0,0.00,0,None,0
2025-08-25,87,SKU-SNK-002,Dark Chocolate Quinoa Granola 400g,Snacks & Packaged Foods,91,26995.15,1,0.15,0,None,0
2025-08-25,87,SKU-SNK-003,Multigrain Roasted Nachos 200g,Snacks & Packaged Foods,229,22671.0,0,0.00,0,None,0
2025-08-25,87,SKU-SNK-004,Handcrafted Kaju Katli Gift Box 500g,Snacks & Packaged Foods,72,36658.8,1,0.15,0,None,0
2025-08-25,87,SKU-SNK-005,Baked Oats Digestive Biscuits 300g,Snacks & Packaged Foods,148,11840.0,0,0.00,0,None,0
2025-08-25,87,SKU-SNK-006,Gourmet Salted Pistachios 250g,Snacks & Packaged Foods,28,12320.0,0,0.00,0,None,0
2025-08-25,87,SKU-PER-001,Bhringraj & Onion Hair Fall Control Shampoo 300ml,Personal Care,106,31694.0,0,0.00,0,None,0
2025-08-25,87,SKU-PER-002,Neem & Salicylic Acid Clarifying Face Wash 150ml,Personal Care,162,34020.0,0,0.00,0,None,0
2025-08-25,87,SKU-PER-003,Matte Gel Sunscreen SPF 50 PA++++ 50g,Personal Care,150,67350.0,0,0.00,0,None,0
2025-08-25,87,SKU-PER-004,Deep Cleansing Activated Bamboo Charcoal Soap 125g,Personal Care,199,17711.0,0,0.00,0,None,0
2025-08-25,87,SKU-PER-005,Cedarwood & Argan Nourishing Beard Oil 30ml,Personal Care,30,7267.5,1,0.15,0,None,0
2025-08-25,87,SKU-PER-006,Hydrating Rose Water Face Toner Mist 200ml,Personal Care,43,8385.0,0,0.00,0,None,0
2025-08-25,87,SKU-HOU-001,Citrus Herbal Anti-Bacterial Floor Cleaner 2L,Household Essentials,190,43700.0,0,0.00,0,None,0
2025-08-25,87,SKU-HOU-002,Concentrated Enzymatic Liquid Laundry Detergent 1L,Household Essentials,146,40734.0,0,0.00,0,None,0
2025-08-25,87,SKU-HOU-003,Multi-Surface Disinfectant Surface Spray 500ml,Household Essentials,57,9405.0,0,0.00,0,None,0
2025-08-25,87,SKU-HOU-004,100% Biodegradable Cornstarch Garbage Bags (30 pcs),Household Essentials,171,23940.0,0,0.00,0,None,0
2025-08-25,87,SKU-HOU-005,Lemon Blossom Grease-Cutting Dishwash Gel 750ml,Household Essentials,228,35340.0,0,0.00,0,None,3
2025-08-25,87,SKU-HOU-006,Lavender Aromatherapy Mosquito Repellent Vaporizer Pack,Household Essentials,45,8955.0,0,0.00,0,None,0
2025-09-01,88,SKU-GRO-001,Royal Basmati Rice 5kg,Staples & Groceries,156,93444.0,0,0.00,0,None,0
2025-09-01,88,SKU-GRO-002,Sharbati Whole Wheat Atta 10kg,Staples & Groceries,226,98310.0,0,0.00,0,None,0
2025-09-01,88,SKU-GRO-003,Cold-Pressed Mustard Oil 1L,Staples & Groceries,124,24180.0,0,0.00,0,None,0
2025-09-01,88,SKU-GRO-004,Organic Toor Dal 2kg,Staples & Groceries,107,29425.0,0,0.00,0,None,0
2025-09-01,88,SKU-GRO-005,Refined Sulphur-Free Sugar 5kg,Staples & Groceries,224,47409.6,1,0.15,0,None,0
2025-09-01,88,SKU-GRO-006,Assam Orthodox Whole Leaf Tea 500g,Staples & Groceries,144,44064.0,1,0.15,0,None,0
2025-09-01,88,SKU-BEV-001,Authentic Masala Chai Premix 1kg,Beverages & Dairy,147,70560.0,0,0.00,0,None,0
2025-09-01,88,SKU-BEV-002,Artisanal Cold Brew Coffee 250ml (Pack of 6),Beverages & Dairy,64,35136.0,0,0.00,0,None,0
2025-09-01,88,SKU-BEV-003,Alphonso Mango Pulp Tin 850g,Beverages & Dairy,117,21879.0,1,0.15,0,None,1
2025-09-01,88,SKU-BEV-004,Sparkling Botanical Tonic Water 250ml,Beverages & Dairy,149,12665.0,0,0.00,0,None,0
2025-09-01,88,SKU-BEV-005,Roasted Almond Badam Milk Mix 500g,Beverages & Dairy,86,27090.0,0,0.00,0,None,0
2025-09-01,88,SKU-BEV-006,Tender Coconut Water Tetrapack 200ml (12-pk),Beverages & Dairy,92,38640.0,0,0.00,0,None,0
2025-09-01,88,SKU-SNK-001,Peri Peri Roasted Foxnut Makhana 150g,Snacks & Packaged Foods,248,46872.0,0,0.00,0,None,0
2025-09-01,88,SKU-SNK-002,Dark Chocolate Quinoa Granola 400g,Snacks & Packaged Foods,144,50256.0,0,0.00,0,None,0
2025-09-01,88,SKU-SNK-003,Multigrain Roasted Nachos 200g,Snacks & Packaged Foods,222,18681.3,1,0.15,0,None,0
2025-09-01,88,SKU-SNK-004,Handcrafted Kaju Katli Gift Box 500g,Snacks & Packaged Foods,5,2995.0,0,0.00,0,None,0
2025-09-01,88,SKU-SNK-005,Baked Oats Digestive Biscuits 300g,Snacks & Packaged Foods,103,8240.0,0,0.00,0,None,0
2025-09-01,88,SKU-SNK-006,Gourmet Salted Pistachios 250g,Snacks & Packaged Foods,86,37840.0,0,0.00,0,None,0
2025-09-01,88,SKU-PER-001,Bhringraj & Onion Hair Fall Control Shampoo 300ml,Personal Care,123,36777.0,0,0.00,0,None,0
2025-09-01,88,SKU-PER-002,Neem & Salicylic Acid Clarifying Face Wash 150ml,Personal Care,155,32550.0,0,0.00,0,None,0
2025-09-01,88,SKU-PER-003,Matte Gel Sunscreen SPF 50 PA++++ 50g,Personal Care,113,50737.0,0,0.00,0,None,0
2025-09-01,88,SKU-PER-004,Deep Cleansing Activated Bamboo Charcoal Soap 125g,Personal Care,126,11214.0,0,0.00,0,None,0
2025-09-01,88,SKU-PER-005,Cedarwood & Argan Nourishing Beard Oil 30ml,Personal Care,43,12255.0,0,0.00,0,None,0
2025-09-01,88,SKU-PER-006,Hydrating Rose Water Face Toner Mist 200ml,Personal Care,91,17745.0,0,0.00,0,None,0
2025-09-01,88,SKU-HOU-001,Citrus Herbal Anti-Bacterial Floor Cleaner 2L,Household Essentials,117,22873.5,1,0.15,0,None,0
2025-09-01,88,SKU-HOU-002,Concentrated Enzymatic Liquid Laundry Detergent 1L,Household Essentials,199,47192.85,1,0.15,0,None,0
2025-09-01,88,SKU-HOU-003,Multi-Surface Disinfectant Surface Spray 500ml,Household Essentials,56,9240.0,0,0.00,0,None,0
2025-09-01,88,SKU-HOU-004,100% Biodegradable Cornstarch Garbage Bags (30 pcs),Household Essentials,165,23100.0,0,0.00,0,None,0
2025-09-01,88,SKU-HOU-005,Lemon Blossom Grease-Cutting Dishwash Gel 750ml,Household Essentials,150,23250.0,0,0.00,0,None,0
2025-09-01,88,SKU-HOU-006,Lavender Aromatherapy Mosquito Repellent Vaporizer Pack,Household Essentials,101,20099.0,0,0.00,0,None,0
2025-09-08,89,SKU-GRO-001,Royal Basmati Rice 5kg,Staples & Groceries,173,88082.95,1,0.15,0,None,0
2025-09-08,89,SKU-GRO-002,Sharbati Whole Wheat Atta 10kg,Staples & Groceries,190,82650.0,0,0.00,0,None,0
2025-09-08,89,SKU-GRO-003,Cold-Pressed Mustard Oil 1L,Staples & Groceries,119,23205.0,0,0.00,0,None,0
2025-09-08,89,SKU-GRO-004,Organic Toor Dal 2kg,Staples & Groceries,160,37400.0,1,0.15,0,None,0
2025-09-08,89,SKU-GRO-005,Refined Sulphur-Free Sugar 5kg,Staples & Groceries,165,41085.0,0,0.00,0,None,0
2025-09-08,89,SKU-GRO-006,Assam Orthodox Whole Leaf Tea 500g,Staples & Groceries,98,35280.0,0,0.00,0,None,0
2025-09-08,89,SKU-BEV-001,Authentic Masala Chai Premix 1kg,Beverages & Dairy,141,57528.0,1,0.15,0,None,0
2025-09-08,89,SKU-BEV-002,Artisanal Cold Brew Coffee 250ml (Pack of 6),Beverages & Dairy,76,41724.0,0,0.00,0,None,0
2025-09-08,89,SKU-BEV-003,Alphonso Mango Pulp Tin 850g,Beverages & Dairy,71,15620.0,0,0.00,0,None,0
2025-09-08,89,SKU-BEV-004,Sparkling Botanical Tonic Water 250ml,Beverages & Dairy,193,16405.0,0,0.00,0,None,0
2025-09-08,89,SKU-BEV-005,Roasted Almond Badam Milk Mix 500g,Beverages & Dairy,58,18270.0,0,0.00,0,None,0
2025-09-08,89,SKU-BEV-006,Tender Coconut Water Tetrapack 200ml (12-pk),Beverages & Dairy,193,81060.0,0,0.00,0,None,0
2025-09-08,89,SKU-SNK-001,Peri Peri Roasted Foxnut Makhana 150g,Snacks & Packaged Foods,136,25704.0,0,0.00,0,None,0
2025-09-08,89,SKU-SNK-002,Dark Chocolate Quinoa Granola 400g,Snacks & Packaged Foods,83,28967.0,0,0.00,0,None,0
2025-09-08,89,SKU-SNK-003,Multigrain Roasted Nachos 200g,Snacks & Packaged Foods,201,19899.0,0,0.00,0,None,0
2025-09-08,89,SKU-SNK-004,Handcrafted Kaju Katli Gift Box 500g,Snacks & Packaged Foods,40,23960.0,0,0.00,0,None,0
2025-09-08,89,SKU-SNK-005,Baked Oats Digestive Biscuits 300g,Snacks & Packaged Foods,186,14880.0,0,0.00,0,None,0
2025-09-08,89,SKU-SNK-006,Gourmet Salted Pistachios 250g,Snacks & Packaged Foods,85,37400.0,0,0.00,0,None,0
2025-09-08,89,SKU-PER-001,Bhringraj & Onion Hair Fall Control Shampoo 300ml,Personal Care,123,36777.0,0,0.00,0,None,0
2025-09-08,89,SKU-PER-002,Neem & Salicylic Acid Clarifying Face Wash 150ml,Personal Care,179,37590.0,0,0.00,0,None,0
2025-09-08,89,SKU-PER-003,Matte Gel Sunscreen SPF 50 PA++++ 50g,Personal Care,190,85310.0,0,0.00,0,None,0
2025-09-08,89,SKU-PER-004,Deep Cleansing Activated Bamboo Charcoal Soap 125g,Personal Care,123,10947.0,0,0.00,0,None,0
2025-09-08,89,SKU-PER-005,Cedarwood & Argan Nourishing Beard Oil 30ml,Personal Care,51,14535.0,0,0.00,0,None,0
2025-09-08,89,SKU-PER-006,Hydrating Rose Water Face Toner Mist 200ml,Personal Care,126,24570.0,0,0.00,0,None,0
2025-09-08,89,SKU-HOU-001,Citrus Herbal Anti-Bacterial Floor Cleaner 2L,Household Essentials,130,29900.0,0,0.00,0,None,0
2025-09-08,89,SKU-HOU-002,Concentrated Enzymatic Liquid Laundry Detergent 1L,Household Essentials,184,51336.0,0,0.00,0,None,0
2025-09-08,89,SKU-HOU-003,Multi-Surface Disinfectant Surface Spray 500ml,Household Essentials,67,11055.0,0,0.00,0,None,0
2025-09-08,89,SKU-HOU-004,100% Biodegradable Cornstarch Garbage Bags (30 pcs),Household Essentials,188,22372.0,1,0.15,0,None,0
2025-09-08,89,SKU-HOU-005,Lemon Blossom Grease-Cutting Dishwash Gel 750ml,Household Essentials,158,24490.0,0,0.00,0,None,0
2025-09-08,89,SKU-HOU-006,Lavender Aromatherapy Mosquito Repellent Vaporizer Pack,Household Essentials,127,25273.0,0,0.00,0,None,0
2025-09-15,90,SKU-GRO-001,Royal Basmati Rice 5kg,Staples & Groceries,172,103028.0,0,0.00,0,None,0
2025-09-15,90,SKU-GRO-002,Sharbati Whole Wheat Atta 10kg,Staples & Groceries,248,107880.0,0,0.00,0,None,0
2025-09-15,90,SKU-GRO-003,Cold-Pressed Mustard Oil 1L,Staples & Groceries,149,29055.0,0,0.00,0,None,0
2025-09-15,90,SKU-GRO-004,Organic Toor Dal 2kg,Staples & Groceries,168,46200.0,0,0.00,0,None,0
2025-09-15,90,SKU-GRO-005,Refined Sulphur-Free Sugar 5kg,Staples & Groceries,142,35358.0,0,0.00,0,None,0
2025-09-15,90,SKU-GRO-006,Assam Orthodox Whole Leaf Tea 500g,Staples & Groceries,102,36720.0,0,0.00,0,None,0
2025-09-15,90,SKU-BEV-001,Authentic Masala Chai Premix 1kg,Beverages & Dairy,136,65280.0,0,0.00,0,None,0
2025-09-15,90,SKU-BEV-002,Artisanal Cold Brew Coffee 250ml (Pack of 6),Beverages & Dairy,135,74115.0,0,0.00,0,None,0
2025-09-15,90,SKU-BEV-003,Alphonso Mango Pulp Tin 850g,Beverages & Dairy,41,9020.0,0,0.00,0,None,0
2025-09-15,90,SKU-BEV-004,Sparkling Botanical Tonic Water 250ml,Beverages & Dairy,157,13345.0,0,0.00,0,None,0
2025-09-15,90,SKU-BEV-005,Roasted Almond Badam Milk Mix 500g,Beverages & Dairy,56,17640.0,0,0.00,0,None,0
2025-09-15,90,SKU-BEV-006,Tender Coconut Water Tetrapack 200ml (12-pk),Beverages & Dairy,151,63420.0,0,0.00,0,None,0
2025-09-15,90,SKU-SNK-001,Peri Peri Roasted Foxnut Makhana 150g,Snacks & Packaged Foods,312,50122.8,1,0.15,0,None,0
2025-09-15,90,SKU-SNK-002,Dark Chocolate Quinoa Granola 400g,Snacks & Packaged Foods,123,42927.0,0,0.00,0,None,0
2025-09-15,90,SKU-SNK-003,Multigrain Roasted Nachos 200g,Snacks & Packaged Foods,156,15444.0,0,0.00,0,None,0
2025-09-15,90,SKU-SNK-004,Handcrafted Kaju Katli Gift Box 500g,Snacks & Packaged Foods,19,11381.0,0,0.00,0,None,0
2025-09-15,90,SKU-SNK-005,Baked Oats Digestive Biscuits 300g,Snacks & Packaged Foods,152,12160.0,0,0.00,0,None,0
2025-09-15,90,SKU-SNK-006,Gourmet Salted Pistachios 250g,Snacks & Packaged Foods,52,22880.0,0,0.00,0,None,0
2025-09-15,90,SKU-PER-001,Bhringraj & Onion Hair Fall Control Shampoo 300ml,Personal Care,117,34983.0,0,0.00,0,None,0
2025-09-15,90,SKU-PER-002,Neem & Salicylic Acid Clarifying Face Wash 150ml,Personal Care,131,27510.0,0,0.00,0,None,0
2025-09-15,90,SKU-PER-003,Matte Gel Sunscreen SPF 50 PA++++ 50g,Personal Care,49,22001.0,0,0.00,0,None,0
2025-09-15,90,SKU-PER-004,Deep Cleansing Activated Bamboo Charcoal Soap 125g,Personal Care,141,12549.0,0,0.00,0,None,0
2025-09-15,90,SKU-PER-005,Cedarwood & Argan Nourishing Beard Oil 30ml,Personal Care,41,11685.0,0,0.00,0,None,0
2025-09-15,90,SKU-PER-006,Hydrating Rose Water Face Toner Mist 200ml,Personal Care,90,17550.0,0,0.00,0,None,0
2025-09-15,90,SKU-HOU-001,Citrus Herbal Anti-Bacterial Floor Cleaner 2L,Household Essentials,105,24150.0,0,0.00,0,None,0
2025-09-15,90,SKU-HOU-002,Concentrated Enzymatic Liquid Laundry Detergent 1L,Household Essentials,178,49662.0,0,0.00,0,None,0
2025-09-15,90,SKU-HOU-003,Multi-Surface Disinfectant Surface Spray 500ml,Household Essentials,137,19214.25,1,0.15,0,None,0
2025-09-15,90,SKU-HOU-004,100% Biodegradable Cornstarch Garbage Bags (30 pcs),Household Essentials,181,25340.0,0,0.00,0,None,0
2025-09-15,90,SKU-HOU-005,Lemon Blossom Grease-Cutting Dishwash Gel 750ml,Household Essentials,136,21080.0,0,0.00,0,None,0
2025-09-15,90,SKU-HOU-006,Lavender Aromatherapy Mosquito Repellent Vaporizer Pack,Household Essentials,76,12855.4,1,0.15,0,None,0
2025-09-22,91,SKU-GRO-001,Royal Basmati Rice 5kg,Staples & Groceries,200,119800.0,0,0.00,0,None,0
2025-09-22,91,SKU-GRO-002,Sharbati Whole Wheat Atta 10kg,Staples & Groceries,343,126824.25,1,0.15,0,None,0
2025-09-22,91,SKU-GRO-003,Cold-Pressed Mustard Oil 1L,Staples & Groceries,120,23400.0,0,0.00,0,None,0
2025-09-22,91,SKU-GRO-004,Organic Toor Dal 2kg,Staples & Groceries,155,42625.0,0,0.00,0,None,0
2025-09-22,91,SKU-GRO-005,Refined Sulphur-Free Sugar 5kg,Staples & Groceries,173,43077.0,0,0.00,0,None,0
2025-09-22,91,SKU-GRO-006,Assam Orthodox Whole Leaf Tea 500g,Staples & Groceries,108,38880.0,0,0.00,0,None,0
2025-09-22,91,SKU-BEV-001,Authentic Masala Chai Premix 1kg,Beverages & Dairy,126,60480.0,0,0.00,0,None,0
2025-09-22,91,SKU-BEV-002,Artisanal Cold Brew Coffee 250ml (Pack of 6),Beverages & Dairy,101,47131.65,1,0.15,0,None,0
2025-09-22,91,SKU-BEV-003,Alphonso Mango Pulp Tin 850g,Beverages & Dairy,83,18260.0,0,0.00,0,None,0
2025-09-22,91,SKU-BEV-004,Sparkling Botanical Tonic Water 250ml,Beverages & Dairy,95,8075.0,0,0.00,0,None,0
2025-09-22,91,SKU-BEV-005,Roasted Almond Badam Milk Mix 500g,Beverages & Dairy,66,20790.0,0,0.00,0,None,0
2025-09-22,91,SKU-BEV-006,Tender Coconut Water Tetrapack 200ml (12-pk),Beverages & Dairy,196,82320.0,0,0.00,0,None,0
2025-09-22,91,SKU-SNK-001,Peri Peri Roasted Foxnut Makhana 150g,Snacks & Packaged Foods,70,13230.0,0,0.00,0,None,0
2025-09-22,91,SKU-SNK-002,Dark Chocolate Quinoa Granola 400g,Snacks & Packaged Foods,167,58283.0,0,0.00,0,None,0
2025-09-22,91,SKU-SNK-003,Multigrain Roasted Nachos 200g,Snacks & Packaged Foods,208,20592.0,0,0.00,0,None,0
2025-09-22,91,SKU-SNK-004,Handcrafted Kaju Katli Gift Box 500g,Snacks & Packaged Foods,57,34143.0,0,0.00,0,None,0
2025-09-22,91,SKU-SNK-005,Baked Oats Digestive Biscuits 300g,Snacks & Packaged Foods,116,9280.0,0,0.00,0,None,0
2025-09-22,91,SKU-SNK-006,Gourmet Salted Pistachios 250g,Snacks & Packaged Foods,87,38280.0,0,0.00,0,None,0
2025-09-22,91,SKU-PER-001,Bhringraj & Onion Hair Fall Control Shampoo 300ml,Personal Care,94,28106.0,0,0.00,0,None,0
2025-09-22,91,SKU-PER-002,Neem & Salicylic Acid Clarifying Face Wash 150ml,Personal Care,173,36330.0,0,0.00,0,None,0
2025-09-22,91,SKU-PER-003,Matte Gel Sunscreen SPF 50 PA++++ 50g,Personal Care,158,60300.7,1,0.15,0,None,0
2025-09-22,91,SKU-PER-004,Deep Cleansing Activated Bamboo Charcoal Soap 125g,Personal Care,153,13617.0,0,0.00,0,None,0
2025-09-22,91,SKU-PER-005,Cedarwood & Argan Nourishing Beard Oil 30ml,Personal Care,39,11115.0,0,0.00,0,None,0
2025-09-22,91,SKU-PER-006,Hydrating Rose Water Face Toner Mist 200ml,Personal Care,85,16575.0,0,0.00,0,None,0
2025-09-22,91,SKU-HOU-001,Citrus Herbal Anti-Bacterial Floor Cleaner 2L,Household Essentials,141,32430.0,0,0.00,0,None,0
2025-09-22,91,SKU-HOU-002,Concentrated Enzymatic Liquid Laundry Detergent 1L,Household Essentials,185,51615.0,0,0.00,0,None,0
2025-09-22,91,SKU-HOU-003,Multi-Surface Disinfectant Surface Spray 500ml,Household Essentials,93,15345.0,0,0.00,0,None,0
2025-09-22,91,SKU-HOU-004,100% Biodegradable Cornstarch Garbage Bags (30 pcs),Household Essentials,198,27720.0,0,0.00,0,None,0
2025-09-22,91,SKU-HOU-005,Lemon Blossom Grease-Cutting Dishwash Gel 750ml,Household Essentials,180,27900.0,0,0.00,0,None,0
2025-09-22,91,SKU-HOU-006,Lavender Aromatherapy Mosquito Repellent Vaporizer Pack,Household Essentials,61,12139.0,0,0.00,0,None,0
2025-09-29,92,SKU-GRO-001,Royal Basmati Rice 5kg,Staples & Groceries,161,96439.0,0,0.00,0,None,0
2025-09-29,92,SKU-GRO-002,Sharbati Whole Wheat Atta 10kg,Staples & Groceries,210,91350.0,0,0.00,0,None,0
2025-09-29,92,SKU-GRO-003,Cold-Pressed Mustard Oil 1L,Staples & Groceries,136,26520.0,0,0.00,0,None,0
2025-09-29,92,SKU-GRO-004,Organic Toor Dal 2kg,Staples & Groceries,97,26675.0,0,0.00,0,None,0
2025-09-29,92,SKU-GRO-005,Refined Sulphur-Free Sugar 5kg,Staples & Groceries,190,47310.0,0,0.00,0,None,0
2025-09-29,92,SKU-GRO-006,Assam Orthodox Whole Leaf Tea 500g,Staples & Groceries,98,35280.0,0,0.00,0,None,0
2025-09-29,92,SKU-BEV-001,Authentic Masala Chai Premix 1kg,Beverages & Dairy,175,84000.0,0,0.00,0,None,0
2025-09-29,92,SKU-BEV-002,Artisanal Cold Brew Coffee 250ml (Pack of 6),Beverages & Dairy,88,48312.0,0,0.00,0,None,0
2025-09-29,92,SKU-BEV-003,Alphonso Mango Pulp Tin 850g,Beverages & Dairy,41,9020.0,0,0.00,0,None,0
2025-09-29,92,SKU-BEV-004,Sparkling Botanical Tonic Water 250ml,Beverages & Dairy,243,20655.0,0,0.00,0,None,0
2025-09-29,92,SKU-BEV-005,Roasted Almond Badam Milk Mix 500g,Beverages & Dairy,74,23310.0,0,0.00,0,None,0
2025-09-29,92,SKU-BEV-006,Tender Coconut Water Tetrapack 200ml (12-pk),Beverages & Dairy,176,73920.0,0,0.00,0,None,0
2025-09-29,92,SKU-SNK-001,Peri Peri Roasted Foxnut Makhana 150g,Snacks & Packaged Foods,178,33642.0,0,0.00,0,None,0
2025-09-29,92,SKU-SNK-002,Dark Chocolate Quinoa Granola 400g,Snacks & Packaged Foods,132,46068.0,0,0.00,0,None,0
2025-09-29,92,SKU-SNK-003,Multigrain Roasted Nachos 200g,Snacks & Packaged Foods,118,11682.0,0,0.00,0,None,0
2025-09-29,92,SKU-SNK-004,Handcrafted Kaju Katli Gift Box 500g,Snacks & Packaged Foods,52,31148.0,0,0.00,0,None,0
2025-09-29,92,SKU-SNK-005,Baked Oats Digestive Biscuits 300g,Snacks & Packaged Foods,197,13396.0,1,0.15,0,None,0
2025-09-29,92,SKU-SNK-006,Gourmet Salted Pistachios 250g,Snacks & Packaged Foods,89,33286.0,1,0.15,0,None,0
2025-09-29,92,SKU-PER-001,Bhringraj & Onion Hair Fall Control Shampoo 300ml,Personal Care,92,27508.0,0,0.00,0,None,0
2025-09-29,92,SKU-PER-002,Neem & Salicylic Acid Clarifying Face Wash 150ml,Personal Care,251,44803.5,1,0.15,0,None,0
2025-09-29,92,SKU-PER-003,Matte Gel Sunscreen SPF 50 PA++++ 50g,Personal Care,211,94739.0,0,0.00,0,None,0
2025-09-29,92,SKU-PER-004,Deep Cleansing Activated Bamboo Charcoal Soap 125g,Personal Care,136,12104.0,0,0.00,0,None,0
2025-09-29,92,SKU-PER-005,Cedarwood & Argan Nourishing Beard Oil 30ml,Personal Care,31,8835.0,0,0.00,0,None,0
2025-09-29,92,SKU-PER-006,Hydrating Rose Water Face Toner Mist 200ml,Personal Care,108,21060.0,0,0.00,0,None,0
2025-09-29,92,SKU-HOU-001,Citrus Herbal Anti-Bacterial Floor Cleaner 2L,Household Essentials,143,32890.0,0,0.00,0,None,0
2025-09-29,92,SKU-HOU-002,Concentrated Enzymatic Liquid Laundry Detergent 1L,Household Essentials,222,61938.0,0,0.00,0,None,0
2025-09-29,92,SKU-HOU-003,Multi-Surface Disinfectant Surface Spray 500ml,Household Essentials,127,20955.0,0,0.00,0,None,0
2025-09-29,92,SKU-HOU-004,100% Biodegradable Cornstarch Garbage Bags (30 pcs),Household Essentials,149,20860.0,0,0.00,0,None,0
2025-09-29,92,SKU-HOU-005,Lemon Blossom Grease-Cutting Dishwash Gel 750ml,Household Essentials,274,36099.5,1,0.15,0,None,0
2025-09-29,92,SKU-HOU-006,Lavender Aromatherapy Mosquito Repellent Vaporizer Pack,Household Essentials,136,27064.0,0,0.00,0,None,1
2025-10-06,93,SKU-GRO-001,Royal Basmati Rice 5kg,Staples & Groceries,232,138968.0,0,0.00,1,Dussehra Mega Week,1
2025-10-06,93,SKU-GRO-002,Sharbati Whole Wheat Atta 10kg,Staples & Groceries,374,162690.0,0,0.00,1,Dussehra Mega Week,0
2025-10-06,93,SKU-GRO-003,Cold-Pressed Mustard Oil 1L,Staples & Groceries,301,49890.75,1,0.15,1,Dussehra Mega Week,0
2025-10-06,93,SKU-GRO-004,Organic Toor Dal 2kg,Staples & Groceries,178,48950.0,0,0.00,1,Dussehra Mega Week,0
2025-10-06,93,SKU-GRO-005,Refined Sulphur-Free Sugar 5kg,Staples & Groceries,303,75447.0,0,0.00,1,Dussehra Mega Week,0
2025-10-06,93,SKU-GRO-006,Assam Orthodox Whole Leaf Tea 500g,Staples & Groceries,165,59400.0,0,0.00,1,Dussehra Mega Week,0
2025-10-06,93,SKU-BEV-001,Authentic Masala Chai Premix 1kg,Beverages & Dairy,182,87360.0,0,0.00,1,Dussehra Mega Week,0
2025-10-06,93,SKU-BEV-002,Artisanal Cold Brew Coffee 250ml (Pack of 6),Beverages & Dairy,119,65331.0,0,0.00,1,Dussehra Mega Week,0
2025-10-06,93,SKU-BEV-003,Alphonso Mango Pulp Tin 850g,Beverages & Dairy,154,33880.0,0,0.00,1,Dussehra Mega Week,0
2025-10-06,93,SKU-BEV-004,Sparkling Botanical Tonic Water 250ml,Beverages & Dairy,148,12580.0,0,0.00,1,Dussehra Mega Week,0
2025-10-06,93,SKU-BEV-005,Roasted Almond Badam Milk Mix 500g,Beverages & Dairy,111,29720.25,1,0.15,1,Dussehra Mega Week,0
2025-10-06,93,SKU-BEV-006,Tender Coconut Water Tetrapack 200ml (12-pk),Beverages & Dairy,123,51660.0,0,0.00,1,Dussehra Mega Week,0
2025-10-06,93,SKU-SNK-001,Peri Peri Roasted Foxnut Makhana 150g,Snacks & Packaged Foods,286,54054.0,0,0.00,1,Dussehra Mega Week,0
2025-10-06,93,SKU-SNK-002,Dark Chocolate Quinoa Granola 400g,Snacks & Packaged Foods,163,56887.0,0,0.00,1,Dussehra Mega Week,0
2025-10-06,93,SKU-SNK-003,Multigrain Roasted Nachos 200g,Snacks & Packaged Foods,280,27720.0,0,0.00,1,Dussehra Mega Week,0
2025-10-06,93,SKU-SNK-004,Handcrafted Kaju Katli Gift Box 500g,Snacks & Packaged Foods,142,85058.0,0,0.00,1,Dussehra Mega Week,0
2025-10-06,93,SKU-SNK-005,Baked Oats Digestive Biscuits 300g,Snacks & Packaged Foods,227,18160.0,0,0.00,1,Dussehra Mega Week,0
2025-10-06,93,SKU-SNK-006,Gourmet Salted Pistachios 250g,Snacks & Packaged Foods,119,52360.0,0,0.00,1,Dussehra Mega Week,0
2025-10-06,93,SKU-PER-001,Bhringraj & Onion Hair Fall Control Shampoo 300ml,Personal Care,257,65316.55,1,0.15,1,Dussehra Mega Week,0
2025-10-06,93,SKU-PER-002,Neem & Salicylic Acid Clarifying Face Wash 150ml,Personal Care,157,32970.0,0,0.00,1,Dussehra Mega Week,0
2025-10-06,93,SKU-PER-003,Matte Gel Sunscreen SPF 50 PA++++ 50g,Personal Care,201,90249.0,0,0.00,1,Dussehra Mega Week,1
2025-10-06,93,SKU-PER-004,Deep Cleansing Activated Bamboo Charcoal Soap 125g,Personal Care,263,19895.95,1,0.15,1,Dussehra Mega Week,0
2025-10-06,93,SKU-PER-005,Cedarwood & Argan Nourishing Beard Oil 30ml,Personal Care,40,11400.0,0,0.00,1,Dussehra Mega Week,0
2025-10-06,93,SKU-PER-006,Hydrating Rose Water Face Toner Mist 200ml,Personal Care,150,24862.5,1,0.15,1,Dussehra Mega Week,0
2025-10-06,93,SKU-HOU-001,Citrus Herbal Anti-Bacterial Floor Cleaner 2L,Household Essentials,182,41860.0,0,0.00,1,Dussehra Mega Week,0
2025-10-06,93,SKU-HOU-002,Concentrated Enzymatic Liquid Laundry Detergent 1L,Household Essentials,273,76167.0,0,0.00,1,Dussehra Mega Week,0
2025-10-06,93,SKU-HOU-003,Multi-Surface Disinfectant Surface Spray 500ml,Household Essentials,128,21120.0,0,0.00,1,Dussehra Mega Week,0
2025-10-06,93,SKU-HOU-004,100% Biodegradable Cornstarch Garbage Bags (30 pcs),Household Essentials,264,36960.0,0,0.00,1,Dussehra Mega Week,0
2025-10-06,93,SKU-HOU-005,Lemon Blossom Grease-Cutting Dishwash Gel 750ml,Household Essentials,214,33170.0,0,0.00,1,Dussehra Mega Week,0
2025-10-06,93,SKU-HOU-006,Lavender Aromatherapy Mosquito Repellent Vaporizer Pack,Household Essentials,102,20298.0,0,0.00,1,Dussehra Mega Week,0
2025-10-13,94,SKU-GRO-001,Royal Basmati Rice 5kg,Staples & Groceries,169,101231.0,0,0.00,0,None,0
2025-10-13,94,SKU-GRO-002,Sharbati Whole Wheat Atta 10kg,Staples & Groceries,202,87870.0,0,0.00,0,None,0
2025-10-13,94,SKU-GRO-003,Cold-Pressed Mustard Oil 1L,Staples & Groceries,185,36075.0,0,0.00,0,None,0
2025-10-13,94,SKU-GRO-004,Organic Toor Dal 2kg,Staples & Groceries,190,52250.0,0,0.00,0,None,0
2025-10-13,94,SKU-GRO-005,Refined Sulphur-Free Sugar 5kg,Staples & Groceries,216,53784.0,0,0.00,0,None,0
2025-10-13,94,SKU-GRO-006,Assam Orthodox Whole Leaf Tea 500g,Staples & Groceries,55,19800.0,0,0.00,0,None,0
2025-10-13,94,SKU-BEV-001,Authentic Masala Chai Premix 1kg,Beverages & Dairy,120,57600.0,0,0.00,0,None,0
2025-10-13,94,SKU-BEV-002,Artisanal Cold Brew Coffee 250ml (Pack of 6),Beverages & Dairy,75,41175.0,0,0.00,0,None,0
2025-10-13,94,SKU-BEV-003,Alphonso Mango Pulp Tin 850g,Beverages & Dairy,118,25960.0,0,0.00,0,None,0
2025-10-13,94,SKU-BEV-004,Sparkling Botanical Tonic Water 250ml,Beverages & Dairy,316,22831.0,1,0.15,0,None,0
2025-10-13,94,SKU-BEV-005,Roasted Almond Badam Milk Mix 500g,Beverages & Dairy,89,28035.0,0,0.00,0,None,0
2025-10-13,94,SKU-BEV-006,Tender Coconut Water Tetrapack 200ml (12-pk),Beverages & Dairy,268,95676.0,1,0.15,0,None,0
2025-10-13,94,SKU-SNK-001,Peri Peri Roasted Foxnut Makhana 150g,Snacks & Packaged Foods,205,38745.0,0,0.00,0,None,0
2025-10-13,94,SKU-SNK-002,Dark Chocolate Quinoa Granola 400g,Snacks & Packaged Foods,165,48947.25,1,0.15,0,None,0
2025-10-13,94,SKU-SNK-003,Multigrain Roasted Nachos 200g,Snacks & Packaged Foods,186,18414.0,0,0.00,0,None,0
2025-10-13,94,SKU-SNK-004,Handcrafted Kaju Katli Gift Box 500g,Snacks & Packaged Foods,67,34113.05,1,0.15,0,None,0
2025-10-13,94,SKU-SNK-005,Baked Oats Digestive Biscuits 300g,Snacks & Packaged Foods,151,12080.0,0,0.00,0,None,0
2025-10-13,94,SKU-SNK-006,Gourmet Salted Pistachios 250g,Snacks & Packaged Foods,73,32120.0,0,0.00,0,None,0
2025-10-13,94,SKU-PER-001,Bhringraj & Onion Hair Fall Control Shampoo 300ml,Personal Care,131,39169.0,0,0.00,0,None,0
2025-10-13,94,SKU-PER-002,Neem & Salicylic Acid Clarifying Face Wash 150ml,Personal Care,194,40740.0,0,0.00,0,None,0
2025-10-13,94,SKU-PER-003,Matte Gel Sunscreen SPF 50 PA++++ 50g,Personal Care,123,55227.0,0,0.00,0,None,0
2025-10-13,94,SKU-PER-004,Deep Cleansing Activated Bamboo Charcoal Soap 125g,Personal Care,91,8099.0,0,0.00,0,None,0
2025-10-13,94,SKU-PER-005,Cedarwood & Argan Nourishing Beard Oil 30ml,Personal Care,53,12839.25,1,0.15,0,None,0
2025-10-13,94,SKU-PER-006,Hydrating Rose Water Face Toner Mist 200ml,Personal Care,108,21060.0,0,0.00,0,None,0
2025-10-13,94,SKU-HOU-001,Citrus Herbal Anti-Bacterial Floor Cleaner 2L,Household Essentials,143,32890.0,0,0.00,0,None,0
2025-10-13,94,SKU-HOU-002,Concentrated Enzymatic Liquid Laundry Detergent 1L,Household Essentials,181,50499.0,0,0.00,0,None,0
2025-10-13,94,SKU-HOU-003,Multi-Surface Disinfectant Surface Spray 500ml,Household Essentials,90,14850.0,0,0.00,0,None,0
2025-10-13,94,SKU-HOU-004,100% Biodegradable Cornstarch Garbage Bags (30 pcs),Household Essentials,185,25900.0,0,0.00,0,None,0
2025-10-13,94,SKU-HOU-005,Lemon Blossom Grease-Cutting Dishwash Gel 750ml,Household Essentials,161,24955.0,0,0.00,0,None,0
2025-10-13,94,SKU-HOU-006,Lavender Aromatherapy Mosquito Repellent Vaporizer Pack,Household Essentials,141,28059.0,0,0.00,0,None,0
2025-10-20,95,SKU-GRO-001,Royal Basmati Rice 5kg,Staples & Groceries,158,94642.0,0,0.00,0,None,0
2025-10-20,95,SKU-GRO-002,Sharbati Whole Wheat Atta 10kg,Staples & Groceries,247,107445.0,0,0.00,0,None,0
2025-10-20,95,SKU-GRO-003,Cold-Pressed Mustard Oil 1L,Staples & Groceries,154,30030.0,0,0.00,0,None,0
2025-10-20,95,SKU-GRO-004,Organic Toor Dal 2kg,Staples & Groceries,143,39325.0,0,0.00,0,None,0
2025-10-20,95,SKU-GRO-005,Refined Sulphur-Free Sugar 5kg,Staples & Groceries,224,47409.6,1,0.15,0,None,0
2025-10-20,95,SKU-GRO-006,Assam Orthodox Whole Leaf Tea 500g,Staples & Groceries,113,34578.0,1,0.15,0,None,0
2025-10-20,95,SKU-BEV-001,Authentic Masala Chai Premix 1kg,Beverages & Dairy,156,74880.0,0,0.00,0,None,0
2025-10-20,95,SKU-BEV-002,Artisanal Cold Brew Coffee 250ml (Pack of 6),Beverages & Dairy,15,8235.0,0,0.00,0,None,0
2025-10-20,95,SKU-BEV-003,Alphonso Mango Pulp Tin 850g,Beverages & Dairy,70,13090.0,1,0.15,0,None,0
2025-10-20,95,SKU-BEV-004,Sparkling Botanical Tonic Water 250ml,Beverages & Dairy,160,13600.0,0,0.00,0,None,0
2025-10-20,95,SKU-BEV-005,Roasted Almond Badam Milk Mix 500g,Beverages & Dairy,76,23940.0,0,0.00,0,None,0
2025-10-20,95,SKU-BEV-006,Tender Coconut Water Tetrapack 200ml (12-pk),Beverages & Dairy,111,46620.0,0,0.00,0,None,0
2025-10-20,95,SKU-SNK-001,Peri Peri Roasted Foxnut Makhana 150g,Snacks & Packaged Foods,250,47250.0,0,0.00,0,None,0
2025-10-20,95,SKU-SNK-002,Dark Chocolate Quinoa Granola 400g,Snacks & Packaged Foods,108,37692.0,0,0.00,0,None,0
2025-10-20,95,SKU-SNK-003,Multigrain Roasted Nachos 200g,Snacks & Packaged Foods,234,19691.1,1,0.15,0,None,0
2025-10-20,95,SKU-SNK-004,Handcrafted Kaju Katli Gift Box 500g,Snacks & Packaged Foods,57,34143.0,0,0.00,0,None,0
2025-10-20,95,SKU-SNK-005,Baked Oats Digestive Biscuits 300g,Snacks & Packaged Foods,198,15840.0,0,0.00,0,None,0
2025-10-20,95,SKU-SNK-006,Gourmet Salted Pistachios 250g,Snacks & Packaged Foods,45,19800.0,0,0.00,0,None,0
2025-10-20,95,SKU-PER-001,Bhringraj & Onion Hair Fall Control Shampoo 300ml,Personal Care,172,51428.0,0,0.00,0,None,0
2025-10-20,95,SKU-PER-002,Neem & Salicylic Acid Clarifying Face Wash 150ml,Personal Care,155,32550.0,0,0.00,0,None,0
2025-10-20,95,SKU-PER-003,Matte Gel Sunscreen SPF 50 PA++++ 50g,Personal Care,54,24246.0,0,0.00,0,None,0
2025-10-20,95,SKU-PER-004,Deep Cleansing Activated Bamboo Charcoal Soap 125g,Personal Care,179,15931.0,0,0.00,0,None,0
2025-10-20,95,SKU-PER-005,Cedarwood & Argan Nourishing Beard Oil 30ml,Personal Care,32,9120.0,0,0.00,0,None,0
2025-10-20,95,SKU-PER-006,Hydrating Rose Water Face Toner Mist 200ml,Personal Care,92,17940.0,0,0.00,0,None,0
2025-10-20,95,SKU-HOU-001,Citrus Herbal Anti-Bacterial Floor Cleaner 2L,Household Essentials,164,32062.0,1,0.15,0,None,0
2025-10-20,95,SKU-HOU-002,Concentrated Enzymatic Liquid Laundry Detergent 1L,Household Essentials,260,61659.0,1,0.15,0,None,0
2025-10-20,95,SKU-HOU-003,Multi-Surface Disinfectant Surface Spray 500ml,Household Essentials,112,18480.0,0,0.00,0,None,0
2025-10-20,95,SKU-HOU-004,100% Biodegradable Cornstarch Garbage Bags (30 pcs),Household Essentials,179,25060.0,0,0.00,0,None,0
2025-10-20,95,SKU-HOU-005,Lemon Blossom Grease-Cutting Dishwash Gel 750ml,Household Essentials,151,23405.0,0,0.00,0,None,0
2025-10-20,95,SKU-HOU-006,Lavender Aromatherapy Mosquito Repellent Vaporizer Pack,Household Essentials,123,24477.0,0,0.00,0,None,0
2025-10-27,96,SKU-GRO-001,Royal Basmati Rice 5kg,Staples & Groceries,369,187876.35,1,0.15,1,Diwali Mega Dhamaka 2025,0
2025-10-27,96,SKU-GRO-002,Sharbati Whole Wheat Atta 10kg,Staples & Groceries,435,189225.0,0,0.00,1,Diwali Mega Dhamaka 2025,0
2025-10-27,96,SKU-GRO-003,Cold-Pressed Mustard Oil 1L,Staples & Groceries,353,68835.0,0,0.00,1,Diwali Mega Dhamaka 2025,0
2025-10-27,96,SKU-GRO-004,Organic Toor Dal 2kg,Staples & Groceries,278,64982.5,1,0.15,1,Diwali Mega Dhamaka 2025,1
2025-10-27,96,SKU-GRO-005,Refined Sulphur-Free Sugar 5kg,Staples & Groceries,276,68724.0,0,0.00,1,Diwali Mega Dhamaka 2025,0
2025-10-27,96,SKU-GRO-006,Assam Orthodox Whole Leaf Tea 500g,Staples & Groceries,233,83880.0,0,0.00,1,Diwali Mega Dhamaka 2025,0
2025-10-27,96,SKU-BEV-001,Authentic Masala Chai Premix 1kg,Beverages & Dairy,341,139128.0,1,0.15,1,Diwali Mega Dhamaka 2025,0
2025-10-27,96,SKU-BEV-002,Artisanal Cold Brew Coffee 250ml (Pack of 6),Beverages & Dairy,80,43920.0,0,0.00,1,Diwali Mega Dhamaka 2025,0
2025-10-27,96,SKU-BEV-003,Alphonso Mango Pulp Tin 850g,Beverages & Dairy,177,38940.0,0,0.00,1,Diwali Mega Dhamaka 2025,0
2025-10-27,96,SKU-BEV-004,Sparkling Botanical Tonic Water 250ml,Beverages & Dairy,465,39525.0,0,0.00,1,Diwali Mega Dhamaka 2025,0
2025-10-27,96,SKU-BEV-005,Roasted Almond Badam Milk Mix 500g,Beverages & Dairy,167,52605.0,0,0.00,1,Diwali Mega Dhamaka 2025,0
2025-10-27,96,SKU-BEV-006,Tender Coconut Water Tetrapack 200ml (12-pk),Beverages & Dairy,216,90720.0,0,0.00,1,Diwali Mega Dhamaka 2025,0
2025-10-27,96,SKU-SNK-001,Peri Peri Roasted Foxnut Makhana 150g,Snacks & Packaged Foods,469,88641.0,0,0.00,1,Diwali Mega Dhamaka 2025,0
2025-10-27,96,SKU-SNK-002,Dark Chocolate Quinoa Granola 400g,Snacks & Packaged Foods,220,76780.0,0,0.00,1,Diwali Mega Dhamaka 2025,0
2025-10-27,96,SKU-SNK-003,Multigrain Roasted Nachos 200g,Snacks & Packaged Foods,320,31680.0,0,0.00,1,Diwali Mega Dhamaka 2025,0
2025-10-27,96,SKU-SNK-004,Handcrafted Kaju Katli Gift Box 500g,Snacks & Packaged Foods,156,93444.0,0,0.00,1,Diwali Mega Dhamaka 2025,0
2025-10-27,96,SKU-SNK-005,Baked Oats Digestive Biscuits 300g,Snacks & Packaged Foods,290,23200.0,0,0.00,1,Diwali Mega Dhamaka 2025,0
2025-10-27,96,SKU-SNK-006,Gourmet Salted Pistachios 250g,Snacks & Packaged Foods,109,47960.0,0,0.00,1,Diwali Mega Dhamaka 2025,0
2025-10-27,96,SKU-PER-001,Bhringraj & Onion Hair Fall Control Shampoo 300ml,Personal Care,201,60099.0,0,0.00,1,Diwali Mega Dhamaka 2025,0
2025-10-27,96,SKU-PER-002,Neem & Salicylic Acid Clarifying Face Wash 150ml,Personal Care,216,45360.0,0,0.00,1,Diwali Mega Dhamaka 2025,0
2025-10-27,96,SKU-PER-003,Matte Gel Sunscreen SPF 50 PA++++ 50g,Personal Care,195,87555.0,0,0.00,1,Diwali Mega Dhamaka 2025,0
2025-10-27,96,SKU-PER-004,Deep Cleansing Activated Bamboo Charcoal Soap 125g,Personal Care,203,18067.0,0,0.00,1,Diwali Mega Dhamaka 2025,0
2025-10-27,96,SKU-PER-005,Cedarwood & Argan Nourishing Beard Oil 30ml,Personal Care,105,29925.0,0,0.00,1,Diwali Mega Dhamaka 2025,0
2025-10-27,96,SKU-PER-006,Hydrating Rose Water Face Toner Mist 200ml,Personal Care,144,28080.0,0,0.00,1,Diwali Mega Dhamaka 2025,0
2025-10-27,96,SKU-HOU-001,Citrus Herbal Anti-Bacterial Floor Cleaner 2L,Household Essentials,235,54050.0,0,0.00,1,Diwali Mega Dhamaka 2025,0
2025-10-27,96,SKU-HOU-002,Concentrated Enzymatic Liquid Laundry Detergent 1L,Household Essentials,404,112716.0,0,0.00,1,Diwali Mega Dhamaka 2025,0
2025-10-27,96,SKU-HOU-003,Multi-Surface Disinfectant Surface Spray 500ml,Household Essentials,146,24090.0,0,0.00,1,Diwali Mega Dhamaka 2025,0
2025-10-27,96,SKU-HOU-004,100% Biodegradable Cornstarch Garbage Bags (30 pcs),Household Essentials,463,55097.0,1,0.15,1,Diwali Mega Dhamaka 2025,0
2025-10-27,96,SKU-HOU-005,Lemon Blossom Grease-Cutting Dishwash Gel 750ml,Household Essentials,306,47430.0,0,0.00,1,Diwali Mega Dhamaka 2025,0
2025-10-27,96,SKU-HOU-006,Lavender Aromatherapy Mosquito Repellent Vaporizer Pack,Household Essentials,232,46168.0,0,0.00,1,Diwali Mega Dhamaka 2025,0
2025-11-03,97,SKU-GRO-001,Royal Basmati Rice 5kg,Staples & Groceries,215,128785.0,0,0.00,0,None,0
2025-11-03,97,SKU-GRO-002,Sharbati Whole Wheat Atta 10kg,Staples & Groceries,220,95700.0,0,0.00,0,None,0
2025-11-03,97,SKU-GRO-003,Cold-Pressed Mustard Oil 1L,Staples & Groceries,184,35880.0,0,0.00,0,None,0
2025-11-03,97,SKU-GRO-004,Organic Toor Dal 2kg,Staples & Groceries,147,40425.0,0,0.00,0,None,0
2025-11-03,97,SKU-GRO-005,Refined Sulphur-Free Sugar 5kg,Staples & Groceries,188,46812.0,0,0.00,0,None,0
2025-11-03,97,SKU-GRO-006,Assam Orthodox Whole Leaf Tea 500g,Staples & Groceries,109,39240.0,0,0.00,0,None,0
2025-11-03,97,SKU-BEV-001,Authentic Masala Chai Premix 1kg,Beverages & Dairy,151,72480.0,0,0.00,0,None,0
2025-11-03,97,SKU-BEV-002,Artisanal Cold Brew Coffee 250ml (Pack of 6),Beverages & Dairy,112,61488.0,0,0.00,0,None,4
2025-11-03,97,SKU-BEV-003,Alphonso Mango Pulp Tin 850g,Beverages & Dairy,124,27280.0,0,0.00,0,None,0
2025-11-03,97,SKU-BEV-004,Sparkling Botanical Tonic Water 250ml,Beverages & Dairy,164,13940.0,0,0.00,0,None,0
2025-11-03,97,SKU-BEV-005,Roasted Almond Badam Milk Mix 500g,Beverages & Dairy,46,14490.0,0,0.00,0,None,0
2025-11-03,97,SKU-BEV-006,Tender Coconut Water Tetrapack 200ml (12-pk),Beverages & Dairy,155,65100.0,0,0.00,0,None,0
2025-11-03,97,SKU-SNK-001,Peri Peri Roasted Foxnut Makhana 150g,Snacks & Packaged Foods,297,47713.05,1,0.15,0,None,0
2025-11-03,97,SKU-SNK-002,Dark Chocolate Quinoa Granola 400g,Snacks & Packaged Foods,90,31410.0,0,0.00,0,None,0
2025-11-03,97,SKU-SNK-003,Multigrain Roasted Nachos 200g,Snacks & Packaged Foods,179,17721.0,0,0.00,0,None,0
2025-11-03,97,SKU-SNK-004,Handcrafted Kaju Katli Gift Box 500g,Snacks & Packaged Foods,64,38336.0,0,0.00,0,None,0
2025-11-03,97,SKU-SNK-005,Baked Oats Digestive Biscuits 300g,Snacks & Packaged Foods,117,9360.0,0,0.00,0,None,0
2025-11-03,97,SKU-SNK-006,Gourmet Salted Pistachios 250g,Snacks & Packaged Foods,51,22440.0,0,0.00,0,None,0
2025-11-03,97,SKU-PER-001,Bhringraj & Onion Hair Fall Control Shampoo 300ml,Personal Care,128,38272.0,0,0.00,0,None,0
2025-11-03,97,SKU-PER-002,Neem & Salicylic Acid Clarifying Face Wash 150ml,Personal Care,180,37800.0,0,0.00,0,None,0
2025-11-03,97,SKU-PER-003,Matte Gel Sunscreen SPF 50 PA++++ 50g,Personal Care,126,56574.0,0,0.00,0,None,0
2025-11-03,97,SKU-PER-004,Deep Cleansing Activated Bamboo Charcoal Soap 125g,Personal Care,184,16376.0,0,0.00,0,None,0
2025-11-03,97,SKU-PER-005,Cedarwood & Argan Nourishing Beard Oil 30ml,Personal Care,55,15675.0,0,0.00,0,None,0
2025-11-03,97,SKU-PER-006,Hydrating Rose Water Face Toner Mist 200ml,Personal Care,101,19695.0,0,0.00,0,None,0
2025-11-03,97,SKU-HOU-001,Citrus Herbal Anti-Bacterial Floor Cleaner 2L,Household Essentials,171,39330.0,0,0.00,0,None,0
2025-11-03,97,SKU-HOU-002,Concentrated Enzymatic Liquid Laundry Detergent 1L,Household Essentials,174,48546.0,0,0.00,0,None,0
2025-11-03,97,SKU-HOU-003,Multi-Surface Disinfectant Surface Spray 500ml,Household Essentials,171,23982.75,1,0.15,0,None,0
2025-11-03,97,SKU-HOU-004,100% Biodegradable Cornstarch Garbage Bags (30 pcs),Household Essentials,145,20300.0,0,0.00,0,None,0
2025-11-03,97,SKU-HOU-005,Lemon Blossom Grease-Cutting Dishwash Gel 750ml,Household Essentials,185,28675.0,0,0.00,0,None,0
2025-11-03,97,SKU-HOU-006,Lavender Aromatherapy Mosquito Repellent Vaporizer Pack,Household Essentials,161,27233.15,1,0.15,0,None,0
2025-11-10,98,SKU-GRO-001,Royal Basmati Rice 5kg,Staples & Groceries,166,99434.0,0,0.00,0,None,0
2025-11-10,98,SKU-GRO-002,Sharbati Whole Wheat Atta 10kg,Staples & Groceries,324,119799.0,1,0.15,0,None,3
2025-11-10,98,SKU-GRO-003,Cold-Pressed Mustard Oil 1L,Staples & Groceries,178,34710.0,0,0.00,0,None,0
2025-11-10,98,SKU-GRO-004,Organic Toor Dal 2kg,Staples & Groceries,136,37400.0,0,0.00,0,None,0
2025-11-10,98,SKU-GRO-005,Refined Sulphur-Free Sugar 5kg,Staples & Groceries,165,41085.0,0,0.00,0,None,0
2025-11-10,98,SKU-GRO-006,Assam Orthodox Whole Leaf Tea 500g,Staples & Groceries,102,36720.0,0,0.00,0,None,0
2025-11-10,98,SKU-BEV-001,Authentic Masala Chai Premix 1kg,Beverages & Dairy,150,72000.0,0,0.00,0,None,0
2025-11-10,98,SKU-BEV-002,Artisanal Cold Brew Coffee 250ml (Pack of 6),Beverages & Dairy,19,8866.35,1,0.15,0,None,0
2025-11-10,98,SKU-BEV-003,Alphonso Mango Pulp Tin 850g,Beverages & Dairy,126,27720.0,0,0.00,0,None,0
2025-11-10,98,SKU-BEV-004,Sparkling Botanical Tonic Water 250ml,Beverages & Dairy,167,14195.0,0,0.00,0,None,0
2025-11-10,98,SKU-BEV-005,Roasted Almond Badam Milk Mix 500g,Beverages & Dairy,60,18900.0,0,0.00,0,None,0
2025-11-10,98,SKU-BEV-006,Tender Coconut Water Tetrapack 200ml (12-pk),Beverages & Dairy,221,92820.0,0,0.00,0,None,0
2025-11-10,98,SKU-SNK-001,Peri Peri Roasted Foxnut Makhana 150g,Snacks & Packaged Foods,282,53298.0,0,0.00,0,None,0
2025-11-10,98,SKU-SNK-002,Dark Chocolate Quinoa Granola 400g,Snacks & Packaged Foods,107,37343.0,0,0.00,0,None,0
2025-11-10,98,SKU-SNK-003,Multigrain Roasted Nachos 200g,Snacks & Packaged Foods,249,24651.0,0,0.00,0,None,0
2025-11-10,98,SKU-SNK-004,Handcrafted Kaju Katli Gift Box 500g,Snacks & Packaged Foods,36,21564.0,0,0.00,0,None,0
2025-11-10,98,SKU-SNK-005,Baked Oats Digestive Biscuits 300g,Snacks & Packaged Foods,195,15600.0,0,0.00,0,None,0
2025-11-10,98,SKU-SNK-006,Gourmet Salted Pistachios 250g,Snacks & Packaged Foods,80,35200.0,0,0.00,0,None,2
2025-11-10,98,SKU-PER-001,Bhringraj & Onion Hair Fall Control Shampoo 300ml,Personal Care,123,36777.0,0,0.00,0,None,0
2025-11-10,98,SKU-PER-002,Neem & Salicylic Acid Clarifying Face Wash 150ml,Personal Care,170,35700.0,0,0.00,0,None,0
2025-11-10,98,SKU-PER-003,Matte Gel Sunscreen SPF 50 PA++++ 50g,Personal Care,129,49232.85,1,0.15,0,None,0
2025-11-10,98,SKU-PER-004,Deep Cleansing Activated Bamboo Charcoal Soap 125g,Personal Care,144,12816.0,0,0.00,0,None,0
2025-11-10,98,SKU-PER-005,Cedarwood & Argan Nourishing Beard Oil 30ml,Personal Care,61,17385.0,0,0.00,0,None,0
2025-11-10,98,SKU-PER-006,Hydrating Rose Water Face Toner Mist 200ml,Personal Care,100,19500.0,0,0.00,0,None,0
2025-11-10,98,SKU-HOU-001,Citrus Herbal Anti-Bacterial Floor Cleaner 2L,Household Essentials,165,37950.0,0,0.00,0,None,0
2025-11-10,98,SKU-HOU-002,Concentrated Enzymatic Liquid Laundry Detergent 1L,Household Essentials,214,59706.0,0,0.00,0,None,0
2025-11-10,98,SKU-HOU-003,Multi-Surface Disinfectant Surface Spray 500ml,Household Essentials,61,10065.0,0,0.00,0,None,0
2025-11-10,98,SKU-HOU-004,100% Biodegradable Cornstarch Garbage Bags (30 pcs),Household Essentials,142,19880.0,0,0.00,0,None,0
2025-11-10,98,SKU-HOU-005,Lemon Blossom Grease-Cutting Dishwash Gel 750ml,Household Essentials,216,33480.0,0,0.00,0,None,0
2025-11-10,98,SKU-HOU-006,Lavender Aromatherapy Mosquito Repellent Vaporizer Pack,Household Essentials,181,36019.0,0,0.00,0,None,0
2025-11-17,99,SKU-GRO-001,Royal Basmati Rice 5kg,Staples & Groceries,164,98236.0,0,0.00,0,None,0
2025-11-17,99,SKU-GRO-002,Sharbati Whole Wheat Atta 10kg,Staples & Groceries,260,113100.0,0,0.00,0,None,0
2025-11-17,99,SKU-GRO-003,Cold-Pressed Mustard Oil 1L,Staples & Groceries,204,39780.0,0,0.00,0,None,0
2025-11-17,99,SKU-GRO-004,Organic Toor Dal 2kg,Staples & Groceries,158,43450.0,0,0.00,0,None,0
2025-11-17,99,SKU-GRO-005,Refined Sulphur-Free Sugar 5kg,Staples & Groceries,186,46314.0,0,0.00,0,None,0
2025-11-17,99,SKU-GRO-006,Assam Orthodox Whole Leaf Tea 500g,Staples & Groceries,90,32400.0,0,0.00,0,None,0
2025-11-17,99,SKU-BEV-001,Authentic Masala Chai Premix 1kg,Beverages & Dairy,84,40320.0,0,0.00,0,None,0
2025-11-17,99,SKU-BEV-002,Artisanal Cold Brew Coffee 250ml (Pack of 6),Beverages & Dairy,130,71370.0,0,0.00,0,None,0
2025-11-17,99,SKU-BEV-003,Alphonso Mango Pulp Tin 850g,Beverages & Dairy,103,22660.0,0,0.00,0,None,0
2025-11-17,99,SKU-BEV-004,Sparkling Botanical Tonic Water 250ml,Beverages & Dairy,199,16915.0,0,0.00,0,None,0
2025-11-17,99,SKU-BEV-005,Roasted Almond Badam Milk Mix 500g,Beverages & Dairy,78,24570.0,0,0.00,0,None,0
2025-11-17,99,SKU-BEV-006,Tender Coconut Water Tetrapack 200ml (12-pk),Beverages & Dairy,138,57960.0,0,0.00,0,None,0
2025-11-17,99,SKU-SNK-001,Peri Peri Roasted Foxnut Makhana 150g,Snacks & Packaged Foods,255,48195.0,0,0.00,0,None,0
2025-11-17,99,SKU-SNK-002,Dark Chocolate Quinoa Granola 400g,Snacks & Packaged Foods,129,45021.0,0,0.00,0,None,0
2025-11-17,99,SKU-SNK-003,Multigrain Roasted Nachos 200g,Snacks & Packaged Foods,153,15147.0,0,0.00,0,None,0
2025-11-17,99,SKU-SNK-004,Handcrafted Kaju Katli Gift Box 500g,Snacks & Packaged Foods,33,19767.0,0,0.00,0,None,0
2025-11-17,99,SKU-SNK-005,Baked Oats Digestive Biscuits 300g,Snacks & Packaged Foods,217,14756.0,1,0.15,0,None,0
2025-11-17,99,SKU-SNK-006,Gourmet Salted Pistachios 250g,Snacks & Packaged Foods,121,45254.0,1,0.15,0,None,0
2025-11-17,99,SKU-PER-001,Bhringraj & Onion Hair Fall Control Shampoo 300ml,Personal Care,160,47840.0,0,0.00,0,None,0
2025-11-17,99,SKU-PER-002,Neem & Salicylic Acid Clarifying Face Wash 150ml,Personal Care,137,24454.5,1,0.15,0,None,0
2025-11-17,99,SKU-PER-003,Matte Gel Sunscreen SPF 50 PA++++ 50g,Personal Care,122,54778.0,0,0.00,0,None,3
2025-11-17,99,SKU-PER-004,Deep Cleansing Activated Bamboo Charcoal Soap 125g,Personal Care,158,14062.0,0,0.00,0,None,0
2025-11-17,99,SKU-PER-005,Cedarwood & Argan Nourishing Beard Oil 30ml,Personal Care,25,7125.0,0,0.00,0,None,0
2025-11-17,99,SKU-PER-006,Hydrating Rose Water Face Toner Mist 200ml,Personal Care,69,13455.0,0,0.00,0,None,0
2025-11-17,99,SKU-HOU-001,Citrus Herbal Anti-Bacterial Floor Cleaner 2L,Household Essentials,142,32660.0,0,0.00,0,None,0
2025-11-17,99,SKU-HOU-002,Concentrated Enzymatic Liquid Laundry Detergent 1L,Household Essentials,216,60264.0,0,0.00,0,None,0
2025-11-17,99,SKU-HOU-003,Multi-Surface Disinfectant Surface Spray 500ml,Household Essentials,158,26070.0,0,0.00,0,None,0
2025-11-17,99,SKU-HOU-004,100% Biodegradable Cornstarch Garbage Bags (30 pcs),Household Essentials,198,27720.0,0,0.00,0,None,0
2025-11-17,99,SKU-HOU-005,Lemon Blossom Grease-Cutting Dishwash Gel 750ml,Household Essentials,222,29248.5,1,0.15,0,None,0
2025-11-17,99,SKU-HOU-006,Lavender Aromatherapy Mosquito Repellent Vaporizer Pack,Household Essentials,91,18109.0,0,0.00,0,None,0
2025-11-24,100,SKU-GRO-001,Royal Basmati Rice 5kg,Staples & Groceries,170,101830.0,0,0.00,0,None,0
2025-11-24,100,SKU-GRO-002,Sharbati Whole Wheat Atta 10kg,Staples & Groceries,281,122235.0,0,0.00,0,None,0
2025-11-24,100,SKU-GRO-003,Cold-Pressed Mustard Oil 1L,Staples & Groceries,172,28509.0,1,0.15,0,None,0
2025-11-24,100,SKU-GRO-004,Organic Toor Dal 2kg,Staples & Groceries,168,46200.0,0,0.00,0,None,0
2025-11-24,100,SKU-GRO-005,Refined Sulphur-Free Sugar 5kg,Staples & Groceries,169,42081.0,0,0.00,0,None,0
2025-11-24,100,SKU-GRO-006,Assam Orthodox Whole Leaf Tea 500g,Staples & Groceries,102,36720.0,0,0.00,0,None,0
2025-11-24,100,SKU-BEV-001,Authentic Masala Chai Premix 1kg,Beverages & Dairy,139,66720.0,0,0.00,0,None,0
2025-11-24,100,SKU-BEV-002,Artisanal Cold Brew Coffee 250ml (Pack of 6),Beverages & Dairy,107,58743.0,0,0.00,0,None,0
2025-11-24,100,SKU-BEV-003,Alphonso Mango Pulp Tin 850g,Beverages & Dairy,94,20680.0,0,0.00,0,None,0
2025-11-24,100,SKU-BEV-004,Sparkling Botanical Tonic Water 250ml,Beverages & Dairy,180,15300.0,0,0.00,0,None,0
2025-11-24,100,SKU-BEV-005,Roasted Almond Badam Milk Mix 500g,Beverages & Dairy,108,28917.0,1,0.15,0,None,0
2025-11-24,100,SKU-BEV-006,Tender Coconut Water Tetrapack 200ml (12-pk),Beverages & Dairy,154,64680.0,0,0.00,0,None,0
2025-11-24,100,SKU-SNK-001,Peri Peri Roasted Foxnut Makhana 150g,Snacks & Packaged Foods,186,35154.0,0,0.00,0,None,0
2025-11-24,100,SKU-SNK-002,Dark Chocolate Quinoa Granola 400g,Snacks & Packaged Foods,101,35249.0,0,0.00,0,None,0
2025-11-24,100,SKU-SNK-003,Multigrain Roasted Nachos 200g,Snacks & Packaged Foods,266,26334.0,0,0.00,0,None,0
2025-11-24,100,SKU-SNK-004,Handcrafted Kaju Katli Gift Box 500g,Snacks & Packaged Foods,5,2995.0,0,0.00,0,None,0
2025-11-24,100,SKU-SNK-005,Baked Oats Digestive Biscuits 300g,Snacks & Packaged Foods,136,10880.0,0,0.00,0,None,0
2025-11-24,100,SKU-SNK-006,Gourmet Salted Pistachios 250g,Snacks & Packaged Foods,96,42240.0,0,0.00,0,None,0
2025-11-24,100,SKU-PER-001,Bhringraj & Onion Hair Fall Control Shampoo 300ml,Personal Care,200,50830.0,1,0.15,0,None,0
2025-11-24,100,SKU-PER-002,Neem & Salicylic Acid Clarifying Face Wash 150ml,Personal Care,193,40530.0,0,0.00,0,None,0
2025-11-24,100,SKU-PER-003,Matte Gel Sunscreen SPF 50 PA++++ 50g,Personal Care,164,73636.0,0,0.00,0,None,0
2025-11-24,100,SKU-PER-004,Deep Cleansing Activated Bamboo Charcoal Soap 125g,Personal Care,196,14827.4,1,0.15,0,None,0
2025-11-24,100,SKU-PER-005,Cedarwood & Argan Nourishing Beard Oil 30ml,Personal Care,57,16245.0,0,0.00,0,None,0
2025-11-24,100,SKU-PER-006,Hydrating Rose Water Face Toner Mist 200ml,Personal Care,76,12597.0,1,0.15,0,None,0
2025-11-24,100,SKU-HOU-001,Citrus Herbal Anti-Bacterial Floor Cleaner 2L,Household Essentials,188,43240.0,0,0.00,0,None,0
2025-11-24,100,SKU-HOU-002,Concentrated Enzymatic Liquid Laundry Detergent 1L,Household Essentials,186,51894.0,0,0.00,0,None,0
2025-11-24,100,SKU-HOU-003,Multi-Surface Disinfectant Surface Spray 500ml,Household Essentials,123,20295.0,0,0.00,0,None,0
2025-11-24,100,SKU-HOU-004,100% Biodegradable Cornstarch Garbage Bags (30 pcs),Household Essentials,162,22680.0,0,0.00,0,None,0
2025-11-24,100,SKU-HOU-005,Lemon Blossom Grease-Cutting Dishwash Gel 750ml,Household Essentials,196,30380.0,0,0.00,0,None,0
2025-11-24,100,SKU-HOU-006,Lavender Aromatherapy Mosquito Repellent Vaporizer Pack,Household Essentials,123,24477.0,0,0.00,0,None,0
2025-12-01,101,SKU-GRO-001,Royal Basmati Rice 5kg,Staples & Groceries,193,115607.0,0,0.00,0,None,0
2025-12-01,101,SKU-GRO-002,Sharbati Whole Wheat Atta 10kg,Staples & Groceries,266,115710.0,0,0.00,0,None,0
2025-12-01,101,SKU-GRO-003,Cold-Pressed Mustard Oil 1L,Staples & Groceries,187,36465.0,0,0.00,0,None,0
2025-12-01,101,SKU-GRO-004,Organic Toor Dal 2kg,Staples & Groceries,141,38775.0,0,0.00,0,None,0
2025-12-01,101,SKU-GRO-005,Refined Sulphur-Free Sugar 5kg,Staples & Groceries,194,48306.0,0,0.00,0,None,0
2025-12-01,101,SKU-GRO-006,Assam Orthodox Whole Leaf Tea 500g,Staples & Groceries,117,42120.0,0,0.00,0,None,0
2025-12-01,101,SKU-BEV-001,Authentic Masala Chai Premix 1kg,Beverages & Dairy,140,67200.0,0,0.00,0,None,0
2025-12-01,101,SKU-BEV-002,Artisanal Cold Brew Coffee 250ml (Pack of 6),Beverages & Dairy,122,66978.0,0,0.00,0,None,0
2025-12-01,101,SKU-BEV-003,Alphonso Mango Pulp Tin 850g,Beverages & Dairy,86,18920.0,0,0.00,0,None,0
2025-12-01,101,SKU-BEV-004,Sparkling Botanical Tonic Water 250ml,Beverages & Dairy,210,15172.5,1,0.15,0,None,0
2025-12-01,101,SKU-BEV-005,Roasted Almond Badam Milk Mix 500g,Beverages & Dairy,63,19845.0,0,0.00,0,None,0
2025-12-01,101,SKU-BEV-006,Tender Coconut Water Tetrapack 200ml (12-pk),Beverages & Dairy,202,72114.0,1,0.15,0,None,0
2025-12-01,101,SKU-SNK-001,Peri Peri Roasted Foxnut Makhana 150g,Snacks & Packaged Foods,165,31185.0,0,0.00,0,None,0
2025-12-01,101,SKU-SNK-002,Dark Chocolate Quinoa Granola 400g,Snacks & Packaged Foods,121,35894.65,1,0.15,0,None,0
2025-12-01,101,SKU-SNK-003,Multigrain Roasted Nachos 200g,Snacks & Packaged Foods,223,22077.0,0,0.00,0,None,0
2025-12-01,101,SKU-SNK-004,Handcrafted Kaju Katli Gift Box 500g,Snacks & Packaged Foods,73,37167.95,1,0.15,0,None,0
2025-12-01,101,SKU-SNK-005,Baked Oats Digestive Biscuits 300g,Snacks & Packaged Foods,130,10400.0,0,0.00,0,None,0
2025-12-01,101,SKU-SNK-006,Gourmet Salted Pistachios 250g,Snacks & Packaged Foods,56,24640.0,0,0.00,0,None,0
2025-12-01,101,SKU-PER-001,Bhringraj & Onion Hair Fall Control Shampoo 300ml,Personal Care,157,46943.0,0,0.00,0,None,0
2025-12-01,101,SKU-PER-002,Neem & Salicylic Acid Clarifying Face Wash 150ml,Personal Care,177,37170.0,0,0.00,0,None,0
2025-12-01,101,SKU-PER-003,Matte Gel Sunscreen SPF 50 PA++++ 50g,Personal Care,93,41757.0,0,0.00,0,None,0
2025-12-01,101,SKU-PER-004,Deep Cleansing Activated Bamboo Charcoal Soap 125g,Personal Care,148,13172.0,0,0.00,0,None,0
2025-12-01,101,SKU-PER-005,Cedarwood & Argan Nourishing Beard Oil 30ml,Personal Care,34,8236.5,1,0.15,0,None,0
2025-12-01,101,SKU-PER-006,Hydrating Rose Water Face Toner Mist 200ml,Personal Care,80,15600.0,0,0.00,0,None,0
2025-12-01,101,SKU-HOU-001,Citrus Herbal Anti-Bacterial Floor Cleaner 2L,Household Essentials,152,34960.0,0,0.00,0,None,0
2025-12-01,101,SKU-HOU-002,Concentrated Enzymatic Liquid Laundry Detergent 1L,Household Essentials,171,47709.0,0,0.00,0,None,0
2025-12-01,101,SKU-HOU-003,Multi-Surface Disinfectant Surface Spray 500ml,Household Essentials,138,22770.0,0,0.00,0,None,0
2025-12-01,101,SKU-HOU-004,100% Biodegradable Cornstarch Garbage Bags (30 pcs),Household Essentials,241,33740.0,0,0.00,0,None,0
2025-12-01,101,SKU-HOU-005,Lemon Blossom Grease-Cutting Dishwash Gel 750ml,Household Essentials,247,38285.0,0,0.00,0,None,0
2025-12-01,101,SKU-HOU-006,Lavender Aromatherapy Mosquito Repellent Vaporizer Pack,Household Essentials,72,14328.0,0,0.00,0,None,0
2025-12-08,102,SKU-GRO-001,Royal Basmati Rice 5kg,Staples & Groceries,172,103028.0,0,0.00,0,None,0
2025-12-08,102,SKU-GRO-002,Sharbati Whole Wheat Atta 10kg,Staples & Groceries,228,99180.0,0,0.00,0,None,0
2025-12-08,102,SKU-GRO-003,Cold-Pressed Mustard Oil 1L,Staples & Groceries,215,41925.0,0,0.00,0,None,0
2025-12-08,102,SKU-GRO-004,Organic Toor Dal 2kg,Staples & Groceries,89,24475.0,0,0.00,0,None,0
2025-12-08,102,SKU-GRO-005,Refined Sulphur-Free Sugar 5kg,Staples & Groceries,195,41271.75,1,0.15,0,None,0
2025-12-08,102,SKU-GRO-006,Assam Orthodox Whole Leaf Tea 500g,Staples & Groceries,171,52326.0,1,0.15,0,None,0
2025-12-08,102,SKU-BEV-001,Authentic Masala Chai Premix 1kg,Beverages & Dairy,112,53760.0,0,0.00,0,None,0
2025-12-08,102,SKU-BEV-002,Artisanal Cold Brew Coffee 250ml (Pack of 6),Beverages & Dairy,97,53253.0,0,0.00,0,None,0
2025-12-08,102,SKU-BEV-003,Alphonso Mango Pulp Tin 850g,Beverages & Dairy,108,20196.0,1,0.15,0,None,0
2025-12-08,102,SKU-BEV-004,Sparkling Botanical Tonic Water 250ml,Beverages & Dairy,169,14365.0,0,0.00,0,None,0
2025-12-08,102,SKU-BEV-005,Roasted Almond Badam Milk Mix 500g,Beverages & Dairy,45,14175.0,0,0.00,0,None,0
2025-12-08,102,SKU-BEV-006,Tender Coconut Water Tetrapack 200ml (12-pk),Beverages & Dairy,165,69300.0,0,0.00,0,None,0
2025-12-08,102,SKU-SNK-001,Peri Peri Roasted Foxnut Makhana 150g,Snacks & Packaged Foods,228,43092.0,0,0.00,0,None,0
2025-12-08,102,SKU-SNK-002,Dark Chocolate Quinoa Granola 400g,Snacks & Packaged Foods,152,53048.0,0,0.00,0,None,0
2025-12-08,102,SKU-SNK-003,Multigrain Roasted Nachos 200g,Snacks & Packaged Foods,375,31556.25,1,0.15,0,None,0
2025-12-08,102,SKU-SNK-004,Handcrafted Kaju Katli Gift Box 500g,Snacks & Packaged Foods,5,2995.0,0,0.00,0,None,0
2025-12-08,102,SKU-SNK-005,Baked Oats Digestive Biscuits 300g,Snacks & Packaged Foods,161,12880.0,0,0.00,0,None,0
2025-12-08,102,SKU-SNK-006,Gourmet Salted Pistachios 250g,Snacks & Packaged Foods,79,34760.0,0,0.00,0,None,0
2025-12-08,102,SKU-PER-001,Bhringraj & Onion Hair Fall Control Shampoo 300ml,Personal Care,116,34684.0,0,0.00,0,None,0
2025-12-08,102,SKU-PER-002,Neem & Salicylic Acid Clarifying Face Wash 150ml,Personal Care,205,43050.0,0,0.00,0,None,0
2025-12-08,102,SKU-PER-003,Matte Gel Sunscreen SPF 50 PA++++ 50g,Personal Care,72,32328.0,0,0.00,0,None,0
2025-12-08,102,SKU-PER-004,Deep Cleansing Activated Bamboo Charcoal Soap 125g,Personal Care,192,17088.0,0,0.00,0,None,0
2025-12-08,102,SKU-PER-005,Cedarwood & Argan Nourishing Beard Oil 30ml,Personal Care,51,14535.0,0,0.00,0,None,0
2025-12-08,102,SKU-PER-006,Hydrating Rose Water Face Toner Mist 200ml,Personal Care,91,17745.0,0,0.00,0,None,0
2025-12-08,102,SKU-HOU-001,Citrus Herbal Anti-Bacterial Floor Cleaner 2L,Household Essentials,215,42032.5,1,0.15,0,None,0
2025-12-08,102,SKU-HOU-002,Concentrated Enzymatic Liquid Laundry Detergent 1L,Household Essentials,342,81105.3,1,0.15,0,None,0
2025-12-08,102,SKU-HOU-003,Multi-Surface Disinfectant Surface Spray 500ml,Household Essentials,88,14520.0,0,0.00,0,None,0
2025-12-08,102,SKU-HOU-004,100% Biodegradable Cornstarch Garbage Bags (30 pcs),Household Essentials,215,30100.0,0,0.00,0,None,0
2025-12-08,102,SKU-HOU-005,Lemon Blossom Grease-Cutting Dishwash Gel 750ml,Household Essentials,163,25265.0,0,0.00,0,None,0
2025-12-08,102,SKU-HOU-006,Lavender Aromatherapy Mosquito Repellent Vaporizer Pack,Household Essentials,78,15522.0,0,0.00,0,None,0
2025-12-15,103,SKU-GRO-001,Royal Basmati Rice 5kg,Staples & Groceries,263,133906.45,1,0.15,1,Year-End Grand Clearance,0
2025-12-15,103,SKU-GRO-002,Sharbati Whole Wheat Atta 10kg,Staples & Groceries,370,160950.0,0,0.00,1,Year-End Grand Clearance,0
2025-12-15,103,SKU-GRO-003,Cold-Pressed Mustard Oil 1L,Staples & Groceries,203,39585.0,0,0.00,1,Year-End Grand Clearance,0
2025-12-15,103,SKU-GRO-004,Organic Toor Dal 2kg,Staples & Groceries,249,58203.75,1,0.15,1,Year-End Grand Clearance,0
2025-12-15,103,SKU-GRO-005,Refined Sulphur-Free Sugar 5kg,Staples & Groceries,222,55278.0,0,0.00,1,Year-End Grand Clearance,0
2025-12-15,103,SKU-GRO-006,Assam Orthodox Whole Leaf Tea 500g,Staples & Groceries,148,53280.0,0,0.00,1,Year-End Grand Clearance,1
2025-12-15,103,SKU-BEV-001,Authentic Masala Chai Premix 1kg,Beverages & Dairy,291,118728.0,1,0.15,1,Year-End Grand Clearance,2
2025-12-15,103,SKU-BEV-002,Artisanal Cold Brew Coffee 250ml (Pack of 6),Beverages & Dairy,86,47214.0,0,0.00,1,Year-End Grand Clearance,0
2025-12-15,103,SKU-BEV-003,Alphonso Mango Pulp Tin 850g,Beverages & Dairy,100,22000.0,0,0.00,1,Year-End Grand Clearance,0
2025-12-15,103,SKU-BEV-004,Sparkling Botanical Tonic Water 250ml,Beverages & Dairy,216,18360.0,0,0.00,1,Year-End Grand Clearance,0
2025-12-15,103,SKU-BEV-005,Roasted Almond Badam Milk Mix 500g,Beverages & Dairy,136,42840.0,0,0.00,1,Year-End Grand Clearance,0
2025-12-15,103,SKU-BEV-006,Tender Coconut Water Tetrapack 200ml (12-pk),Beverages & Dairy,238,99960.0,0,0.00,1,Year-End Grand Clearance,0
2025-12-15,103,SKU-SNK-001,Peri Peri Roasted Foxnut Makhana 150g,Snacks & Packaged Foods,323,61047.0,0,0.00,1,Year-End Grand Clearance,0
2025-12-15,103,SKU-SNK-002,Dark Chocolate Quinoa Granola 400g,Snacks & Packaged Foods,219,76431.0,0,0.00,1,Year-End Grand Clearance,0
2025-12-15,103,SKU-SNK-003,Multigrain Roasted Nachos 200g,Snacks & Packaged Foods,235,23265.0,0,0.00,1,Year-End Grand Clearance,0
2025-12-15,103,SKU-SNK-004,Handcrafted Kaju Katli Gift Box 500g,Snacks & Packaged Foods,144,86256.0,0,0.00,1,Year-End Grand Clearance,0
2025-12-15,103,SKU-SNK-005,Baked Oats Digestive Biscuits 300g,Snacks & Packaged Foods,257,20560.0,0,0.00,1,Year-End Grand Clearance,0
2025-12-15,103,SKU-SNK-006,Gourmet Salted Pistachios 250g,Snacks & Packaged Foods,107,47080.0,0,0.00,1,Year-End Grand Clearance,0
2025-12-15,103,SKU-PER-001,Bhringraj & Onion Hair Fall Control Shampoo 300ml,Personal Care,175,52325.0,0,0.00,1,Year-End Grand Clearance,0
2025-12-15,103,SKU-PER-002,Neem & Salicylic Acid Clarifying Face Wash 150ml,Personal Care,279,58590.0,0,0.00,1,Year-End Grand Clearance,3
2025-12-15,103,SKU-PER-003,Matte Gel Sunscreen SPF 50 PA++++ 50g,Personal Care,220,98780.0,0,0.00,1,Year-End Grand Clearance,0
2025-12-15,103,SKU-PER-004,Deep Cleansing Activated Bamboo Charcoal Soap 125g,Personal Care,201,17889.0,0,0.00,1,Year-End Grand Clearance,0
2025-12-15,103,SKU-PER-005,Cedarwood & Argan Nourishing Beard Oil 30ml,Personal Care,26,7410.0,0,0.00,1,Year-End Grand Clearance,0
2025-12-15,103,SKU-PER-006,Hydrating Rose Water Face Toner Mist 200ml,Personal Care,172,33540.0,0,0.00,1,Year-End Grand Clearance,0
2025-12-15,103,SKU-HOU-001,Citrus Herbal Anti-Bacterial Floor Cleaner 2L,Household Essentials,165,37950.0,0,0.00,1,Year-End Grand Clearance,0
2025-12-15,103,SKU-HOU-002,Concentrated Enzymatic Liquid Laundry Detergent 1L,Household Essentials,261,72819.0,0,0.00,1,Year-End Grand Clearance,0
2025-12-15,103,SKU-HOU-003,Multi-Surface Disinfectant Surface Spray 500ml,Household Essentials,162,26730.0,0,0.00,1,Year-End Grand Clearance,0
2025-12-15,103,SKU-HOU-004,100% Biodegradable Cornstarch Garbage Bags (30 pcs),Household Essentials,356,42364.0,1,0.15,1,Year-End Grand Clearance,0
2025-12-15,103,SKU-HOU-005,Lemon Blossom Grease-Cutting Dishwash Gel 750ml,Household Essentials,226,35030.0,0,0.00,1,Year-End Grand Clearance,0
2025-12-15,103,SKU-HOU-006,Lavender Aromatherapy Mosquito Repellent Vaporizer Pack,Household Essentials,222,44178.0,0,0.00,1,Year-End Grand Clearance,0
2025-12-22,104,SKU-GRO-001,Royal Basmati Rice 5kg,Staples & Groceries,218,130582.0,0,0.00,0,None,0
2025-12-22,104,SKU-GRO-002,Sharbati Whole Wheat Atta 10kg,Staples & Groceries,269,117015.0,0,0.00,0,None,0
2025-12-22,104,SKU-GRO-003,Cold-Pressed Mustard Oil 1L,Staples & Groceries,192,37440.0,0,0.00,0,None,0
2025-12-22,104,SKU-GRO-004,Organic Toor Dal 2kg,Staples & Groceries,121,33275.0,0,0.00,0,None,0
2025-12-22,104,SKU-GRO-005,Refined Sulphur-Free Sugar 5kg,Staples & Groceries,172,42828.0,0,0.00,0,None,0
2025-12-22,104,SKU-GRO-006,Assam Orthodox Whole Leaf Tea 500g,Staples & Groceries,131,47160.0,0,0.00,0,None,0
2025-12-22,104,SKU-BEV-001,Authentic Masala Chai Premix 1kg,Beverages & Dairy,180,86400.0,0,0.00,0,None,0
2025-12-22,104,SKU-BEV-002,Artisanal Cold Brew Coffee 250ml (Pack of 6),Beverages & Dairy,115,63135.0,0,0.00,0,None,0
2025-12-22,104,SKU-BEV-003,Alphonso Mango Pulp Tin 850g,Beverages & Dairy,141,31020.0,0,0.00,0,None,0
2025-12-22,104,SKU-BEV-004,Sparkling Botanical Tonic Water 250ml,Beverages & Dairy,241,20485.0,0,0.00,0,None,0
2025-12-22,104,SKU-BEV-005,Roasted Almond Badam Milk Mix 500g,Beverages & Dairy,89,28035.0,0,0.00,0,None,0
2025-12-22,104,SKU-BEV-006,Tender Coconut Water Tetrapack 200ml (12-pk),Beverages & Dairy,200,84000.0,0,0.00,0,None,0
2025-12-22,104,SKU-SNK-001,Peri Peri Roasted Foxnut Makhana 150g,Snacks & Packaged Foods,218,35021.7,1,0.15,0,None,0
2025-12-22,104,SKU-SNK-002,Dark Chocolate Quinoa Granola 400g,Snacks & Packaged Foods,141,49209.0,0,0.00,0,None,4
2025-12-22,104,SKU-SNK-003,Multigrain Roasted Nachos 200g,Snacks & Packaged Foods,119,11781.0,0,0.00,0,None,0
2025-12-22,104,SKU-SNK-004,Handcrafted Kaju Katli Gift Box 500g,Snacks & Packaged Foods,5,2995.0,0,0.00,0,None,0
2025-12-22,104,SKU-SNK-005,Baked Oats Digestive Biscuits 300g,Snacks & Packaged Foods,119,9520.0,0,0.00,0,None,0
2025-12-22,104,SKU-SNK-006,Gourmet Salted Pistachios 250g,Snacks & Packaged Foods,59,25960.0,0,0.00,0,None,0
2025-12-22,104,SKU-PER-001,Bhringraj & Onion Hair Fall Control Shampoo 300ml,Personal Care,131,39169.0,0,0.00,0,None,0
2025-12-22,104,SKU-PER-002,Neem & Salicylic Acid Clarifying Face Wash 150ml,Personal Care,223,46830.0,0,0.00,0,None,0
2025-12-22,104,SKU-PER-003,Matte Gel Sunscreen SPF 50 PA++++ 50g,Personal Care,104,46696.0,0,0.00,0,None,0
2025-12-22,104,SKU-PER-004,Deep Cleansing Activated Bamboo Charcoal Soap 125g,Personal Care,150,13350.0,0,0.00,0,None,0
2025-12-22,104,SKU-PER-005,Cedarwood & Argan Nourishing Beard Oil 30ml,Personal Care,63,17955.0,0,0.00,0,None,0
2025-12-22,104,SKU-PER-006,Hydrating Rose Water Face Toner Mist 200ml,Personal Care,66,12870.0,0,0.00,0,None,0
2025-12-22,104,SKU-HOU-001,Citrus Herbal Anti-Bacterial Floor Cleaner 2L,Household Essentials,155,35650.0,0,0.00,0,None,0
2025-12-22,104,SKU-HOU-002,Concentrated Enzymatic Liquid Laundry Detergent 1L,Household Essentials,226,63054.0,0,0.00,0,None,0
2025-12-22,104,SKU-HOU-003,Multi-Surface Disinfectant Surface Spray 500ml,Household Essentials,167,23421.75,1,0.15,0,None,0
2025-12-22,104,SKU-HOU-004,100% Biodegradable Cornstarch Garbage Bags (30 pcs),Household Essentials,259,36260.0,0,0.00,0,None,0
2025-12-22,104,SKU-HOU-005,Lemon Blossom Grease-Cutting Dishwash Gel 750ml,Household Essentials,225,34875.0,0,0.00,0,None,0
2025-12-22,104,SKU-HOU-006,Lavender Aromatherapy Mosquito Repellent Vaporizer Pack,Household Essentials,193,32645.95,1,0.15,0,None,0
